Actual,Predicted,Confidence,Category
1,0,1.0,FN
1,0,1.0,FN
1,0,0.9999961024153613,FN
1,0,0.9999074843422924,FN
1,0,0.9999961024153613,FN
1,0,0.9999333554905192,FN
1,0,0.9999883718797458,FN
1,0,0.9999916679518459,FN
1,0,0.9999227147669498,FN
1,0,0.9999427729531857,FN
1,0,0.9999521399956877,FN
1,0,0.9999333554905192,FN
1,0,0.9999521399956877,FN
1,0,0.9999333554905192,FN
1,0,0.9999883718797458,FN
1,0,0.9999227147669498,FN
1,0,0.9999521399956877,FN
1,0,0.9999074843422924,FN
1,0,0.9999521399956877,FN
1,0,0.9999074843422924,FN
1,0,0.9999521399956877,FN
1,0,0.9999074843422924,FN
1,0,0.9999521399956877,FN
1,0,0.9999074843422924,FN
1,0,0.9999521399956877,FN
1,0,0.9999227147669498,FN
1,0,0.9999521399956877,FN
1,0,0.9999227147669498,FN
1,0,0.9999883718797458,FN
1,0,0.9999074843422924,FN
1,0,0.9999521399956877,FN
1,0,0.9999333554905192,FN
1,0,0.9999521399956877,FN
1,0,0.9988627842845412,FN
1,0,0.9999521399956877,FN
1,0,0.9999993233773138,FN
1,0,0.9999883718797458,FN
1,0,0.9999883718797458,FN
1,0,0.9994383238528864,FN
1,0,0.9999961024153613,FN
1,0,0.999979265191078,FN
1,0,0.9999521399956877,FN
1,0,0.9982082896701456,FN
1,0,0.9999521399956877,FN
1,0,0.9987055272392064,FN
1,0,0.9999521399956877,FN
1,0,0.9999899059146473,FN
1,0,0.9999883718797458,FN
1,0,0.9999640347664206,FN
1,0,0.9999521399956877,FN
1,0,0.9999883718797458,FN
1,0,0.9999074843422924,FN
1,0,0.9999640347664206,FN
1,0,0.9999521399956877,FN
1,0,0.9999993233773138,FN
1,0,0.9999521399956877,FN
1,0,0.999979265191078,FN
1,0,0.9999883718797458,FN
1,0,0.9999899059146473,FN
1,0,0.9999521399956877,FN
1,0,0.9999640347664206,FN
1,0,0.9999521399956877,FN
1,0,0.9999640347664206,FN
1,0,0.9999521399956877,FN
1,0,0.999979265191078,FN
1,0,0.9999521399956877,FN
1,0,0.999979265191078,FN
1,0,0.9999521399956877,FN
1,0,0.9999899059146473,FN
1,0,0.9999521399956877,FN
1,0,0.9999899059146473,FN
1,0,0.9999883718797458,FN
1,0,0.9999074843422924,FN
1,0,0.9999521399956877,FN
1,0,0.9999640347664206,FN
1,0,0.9999521399956877,FN
1,0,0.999979265191078,FN
1,0,0.9999521399956877,FN
1,0,0.9999640347664206,FN
1,0,0.9999521399956877,FN
1,0,0.9999640347664206,FN
1,0,0.9999521399956877,FN
1,0,0.999979265191078,FN
1,0,0.9999883718797458,FN
1,0,0.9999640347664206,FN
1,0,0.9999521399956877,FN
1,0,0.999979265191078,FN
1,0,0.9999521399956877,FN
1,0,0.9999074843422924,FN
1,0,0.9999521399956877,FN
1,0,0.9994383238528864,FN
1,0,0.9999521399956877,FN
1,0,0.9994383238528864,FN
1,0,0.9999521399956877,FN
1,0,0.9999333554905192,FN
1,0,0.9999521399956877,FN
1,0,0.9999640347664206,FN
1,0,0.9999521399956877,FN
1,0,0.999979265191078,FN
1,0,0.9999521399956877,FN
1,0,0.9999227147669498,FN
1,0,0.9999521399956877,FN
1,0,0.999979265191078,FN
1,0,0.9999521399956877,FN
1,0,0.999979265191078,FN
1,0,0.9999883718797458,FN
1,0,0.9999074843422924,FN
1,0,0.9999521399956877,FN
1,0,0.999979265191078,FN
1,0,0.9999521399956877,FN
1,0,0.9994383238528864,FN
1,0,0.9999521399956877,FN
1,0,0.9999074843422924,FN
1,0,0.9999521399956877,FN
1,0,0.999979265191078,FN
1,0,0.9999521399956877,FN
1,0,0.999979265191078,FN
1,0,0.9999521399956877,FN
1,0,0.9999074843422924,FN
1,0,0.9999521399956877,FN
1,0,0.9994383238528864,FN
1,0,0.9999521399956877,FN
1,0,0.999979265191078,FN
1,0,0.9999961024153613,FN
1,0,0.9999227147669498,FN
1,0,0.9999883718797458,FN
1,0,0.999979265191078,FN
1,0,0.9999079859434776,FN
1,0,0.9999521399956877,FN
1,0,0.9994383238528864,FN
1,0,0.9999521399956877,FN
1,0,0.9994383238528864,FN
1,0,0.9999521399956877,FN
1,0,0.9994383238528864,FN
1,0,0.9999521399956877,FN
1,0,0.9994383238528864,FN
1,0,0.9999521399956877,FN
1,0,0.9999899059146473,FN
1,0,0.9999521399956877,FN
1,0,0.999979265191078,FN
1,0,0.9999521399956877,FN
1,0,0.9999899059146473,FN
1,0,0.9999521399956877,FN
1,0,0.9999074843422924,FN
1,0,0.9999521399956877,FN
1,0,0.999979265191078,FN
1,0,0.9999521399956877,FN
1,0,0.999979265191078,FN
1,0,0.9999521399956877,FN
1,0,0.9999899059146473,FN
1,0,0.9999521399956877,FN
1,0,0.999979265191078,FN
1,0,0.9999883718797458,FN
1,0,0.999979265191078,FN
1,0,0.9999521399956877,FN
1,0,0.999979265191078,FN
1,0,0.9999521399956877,FN
1,0,0.9999899059146473,FN
1,0,0.9999883718797458,FN
1,0,0.999979265191078,FN
1,0,0.9999521399956877,FN
1,0,0.999979265191078,FN
1,0,0.9999883718797458,FN
1,0,0.999979265191078,FN
1,0,0.9999521399956877,FN
1,0,0.9999074843422924,FN
1,0,0.9999521399956877,FN
1,0,0.999979265191078,FN
1,0,0.9999883718797458,FN
1,0,0.9985185185185185,FN
1,0,0.999979265191078,FN
1,0,0.9999993233773138,FN
1,0,0.9999521399956877,FN
1,0,0.9999993233773138,FN
1,0,0.9999883718797458,FN
1,0,0.9999899059146473,FN
1,0,0.9999883718797458,FN
1,0,0.9999899059146473,FN
1,0,0.9999521399956877,FN
1,0,0.9999883718797458,FN
1,0,0.999979265191078,FN
1,0,0.999979265191078,FN
1,0,0.9985185185185185,FN
1,0,0.9999355614219472,FN
1,0,0.9999521399956877,FN
1,0,0.999979265191078,FN
1,0,0.9999883718797458,FN
1,0,0.999979265191078,FN
1,0,0.9999521399956877,FN
1,0,0.999979265191078,FN
1,0,0.9999521399956877,FN
1,0,0.999979265191078,FN
1,0,0.9999883718797458,FN
1,0,0.999979265191078,FN
1,0,0.9999521399956877,FN
1,0,0.999979265191078,FN
1,0,0.9999521399956877,FN
1,0,0.9999899059146473,FN
1,0,0.9999521399956877,FN
1,0,0.9999640347664206,FN
1,0,0.9999883718797458,FN
1,0,0.9999993233773138,FN
1,0,0.9999883718797458,FN
1,0,0.9985185185185185,FN
1,0,0.9992466305621517,FN
1,0,0.9999321322296163,FN
1,0,0.9999883718797458,FN
1,0,0.9885185185185185,FN
1,0,0.999979265191078,FN
1,0,0.9999886826537445,FN
1,0,0.9999883718797458,FN
1,0,0.9999899059146473,FN
1,0,0.9985185185185185,FN
1,0,0.9999886826537445,FN
1,0,0.9999883718797458,FN
1,0,0.9983978750980846,FN
1,0,0.9985185185185185,FN
1,0,0.9999321322296163,FN
1,0,0.9999521399956877,FN
1,0,0.999979265191078,FN
1,0,0.9999883718797458,FN
1,0,0.9999899059146473,FN
1,0,0.9999961024153613,FN
1,0,0.9999333554905192,FN
1,0,0.9999521399956877,FN
1,0,0.9999993233773138,FN
1,0,0.9999521399956877,FN
1,0,0.999979265191078,FN
1,0,0.9999883718797458,FN
1,0,0.9999074843422924,FN
1,0,0.9999521399956877,FN
1,0,0.9999993233773138,FN
1,0,0.9999521399956877,FN
1,0,0.9999993233773138,FN
1,0,0.9999883718797458,FN
1,0,0.9999227147669498,FN
1,0,0.9999521399956877,FN
1,0,0.9999899059146473,FN
1,0,0.9999521399956877,FN
1,0,0.999979265191078,FN
1,0,0.9999521399956877,FN
1,0,0.9999074843422924,FN
1,0,0.9999521399956877,FN
1,0,0.9999899059146473,FN
1,0,0.9999521399956877,FN
1,0,0.9999521399956877,FN
1,0,0.999979265191078,FN
1,0,0.999979265191078,FN
1,0,0.9999521399956877,FN
1,0,0.9999074843422924,FN
1,0,0.9999521399956877,FN
1,0,0.9999993233773138,FN
1,0,0.9999521399956877,FN
1,0,0.9999899059146473,FN
1,0,0.9999521399956877,FN
1,0,0.9999074843422924,FN
1,0,0.9999521399956877,FN
1,0,0.9999640347664206,FN
1,0,0.9999521399956877,FN
1,0,0.9999899059146473,FN
1,0,0.9999521399956877,FN
1,0,0.9999074843422924,FN
1,0,0.9999521399956877,FN
1,0,0.999979265191078,FN
1,0,0.9999521399956877,FN
1,0,0.999979265191078,FN
1,0,0.9999521399956877,FN
1,0,0.9999074843422924,FN
1,0,0.9999521399956877,FN
1,0,0.9999899059146473,FN
1,0,0.9999521399956877,FN
1,0,0.9999899059146473,FN
1,0,0.9999521399956877,FN
1,0,0.9999227147669498,FN
1,0,0.9999521399956877,FN
1,0,0.999979265191078,FN
1,0,0.9999521399956877,FN
1,0,0.999979265191078,FN
1,0,0.9999521399956877,FN
1,0,0.9999074843422924,FN
1,0,0.9999521399956877,FN
1,0,0.9999899059146473,FN
1,0,0.9999521399956877,FN
1,0,0.9999640347664206,FN
1,0,0.9999521399956877,FN
1,0,0.9999074843422924,FN
1,0,0.9999883718797458,FN
1,0,0.999979265191078,FN
1,0,0.9999521399956877,FN
1,0,0.9999899059146473,FN
1,0,0.9999883718797458,FN
1,0,0.9992466305621517,FN
1,0,0.9999521399956877,FN
1,0,0.999979265191078,FN
1,0,0.9999883718797458,FN
1,0,0.999979265191078,FN
1,0,0.9999883718797458,FN
1,0,0.999979265191078,FN
1,0,0.9999990441958738,FN
1,0,0.9999886826537445,FN
1,0,0.9999883718797458,FN
1,0,0.9985185185185185,FN
1,0,0.999979265191078,FN
1,0,0.9999886826537445,FN
1,0,0.9999883718797458,FN
1,0,0.999979265191078,FN
1,0,0.9999883718797458,FN
1,0,0.999979265191078,FN
1,0,0.9999521399956877,FN
1,0,0.999979265191078,FN
1,0,0.9999521399956877,FN
1,0,0.999979265191078,FN
1,0,0.9999883718797458,FN
1,0,0.999979265191078,FN
1,0,0.9999521399956877,FN
1,0,0.999979265191078,FN
1,0,0.9999521399956877,FN
1,0,0.9999899059146473,FN
1,0,0.9999521399956877,FN
1,0,0.999979265191078,FN
1,0,0.9999521399956877,FN
1,0,0.999979265191078,FN
1,0,0.9999521399956877,FN
1,0,0.999979265191078,FN
1,0,0.9999883718797458,FN
1,0,0.9999899059146473,FN
1,0,0.9999883718797458,FN
1,0,0.9985185185185185,FN
1,0,0.9999883718797458,FN
1,0,0.999979265191078,FN
1,0,0.9999886826537445,FN
1,0,0.9999899059146473,FN
1,0,0.9999521399956877,FN
1,0,0.9994383238528864,FN
1,0,0.9999521399956877,FN
1,0,0.999979265191078,FN
1,0,0.9999883718797458,FN
1,0,0.9985185185185185,FN
1,0,0.9999333554905192,FN
1,0,0.9999321322296163,FN
1,0,0.9999521399956877,FN
1,0,0.9999883718797458,FN
1,0,0.9999899059146473,FN
1,0,0.9999899059146473,FN
1,0,0.9999521399956877,FN
1,0,0.9994383238528864,FN
1,0,0.9999883718797458,FN
1,0,0.9999074843422924,FN
1,0,0.9999521399956877,FN
1,0,0.9999521399956877,FN
1,0,0.999979265191078,FN
1,0,0.999979265191078,FN
1,0,0.9999521399956877,FN
1,0,0.9994383238528864,FN
1,0,0.9999883718797458,FN
1,0,0.9999074843422924,FN
1,0,0.9999883718797458,FN
1,0,0.9999521399956877,FN
1,0,0.9999899059146473,FN
1,0,0.999979265191078,FN
1,0,0.9999883718797458,FN
1,0,0.9994383238528864,FN
1,0,0.9999883718797458,FN
1,0,0.9999227147669498,FN
1,0,0.9999521399956877,FN
1,0,0.9999521399956877,FN
1,0,0.999979265191078,FN
1,0,0.999979265191078,FN
1,0,0.9999521399956877,FN
1,0,0.9994383238528864,FN
1,0,0.9999883718797458,FN
1,0,0.9999074843422924,FN
1,0,0.9999521399956877,FN
1,0,0.9999521399956877,FN
1,0,0.999979265191078,FN
1,0,0.999979265191078,FN
1,0,0.9999883718797458,FN
1,0,0.999979265191078,FN
1,0,0.9999883718797458,FN
1,0,0.9999074843422924,FN
1,0,0.9999521399956877,FN
1,0,0.9999521399956877,FN
1,0,0.999979265191078,FN
1,0,0.999979265191078,FN
1,0,0.9999521399956877,FN
1,0,0.9993817734287583,FN
1,0,0.9999521399956877,FN
1,0,0.999979265191078,FN
1,0,0.9999883718797458,FN
1,0,0.9999227147669498,FN
1,0,0.9999521399956877,FN
1,0,0.9999899059146473,FN
1,0,0.9999521399956877,FN
1,0,0.9999074843422924,FN
1,0,0.9999521399956877,FN
1,0,0.999979265191078,FN
1,0,0.9999883718797458,FN
1,0,0.997524528986385,FN
1,0,0.9999916679518459,FN
1,0,0.9987055272392064,FN
1,0,0.9999883718797458,FN
1,0,0.9999079859434776,FN
1,0,0.999979265191078,FN
1,0,0.9999899059146473,FN
1,0,0.9999883718797458,FN
1,0,0.9999079859434776,FN
1,0,0.999979265191078,FN
1,0,0.999979265191078,FN
1,0,0.9999883718797458,FN
1,0,0.9999074843422924,FN
1,0,0.9999521399956877,FN
1,0,0.999979265191078,FN
1,0,0.9999521399956877,FN
1,0,0.9999899059146473,FN
1,0,0.9999521399956877,FN
1,0,0.9999227147669498,FN
1,0,0.9999521399956877,FN
1,0,0.9999521399956877,FN
1,0,0.999979265191078,FN
1,0,0.9999640347664206,FN
1,0,0.9999521399956877,FN
1,0,0.9999227147669498,FN
1,0,0.9999521399956877,FN
1,0,0.9999521399956877,FN
1,0,0.999979265191078,FN
1,0,0.999979265191078,FN
1,0,0.9999521399956877,FN
1,0,0.9999333554905192,FN
1,0,0.9999521399956877,FN
1,0,0.9999521399956877,FN
1,0,0.9999899059146473,FN
1,0,0.9999899059146473,FN
1,0,0.9999521399956877,FN
1,0,0.9999074843422924,FN
1,0,0.9999521399956877,FN
1,0,0.9999521399956877,FN
1,0,0.999979265191078,FN
1,0,0.9999899059146473,FN
1,0,0.9999521399956877,FN
1,0,0.9999899059146473,FN
1,0,0.9999521399956877,FN
1,0,0.9999074843422924,FN
1,0,0.9999883718797458,FN
1,0,0.9997791818015405,FN
1,0,0.999979265191078,FN
1,0,0.999979265191078,FN
1,0,0.9999521399956877,FN
1,0,0.9999521399956877,FN
1,0,0.999979265191078,FN
1,0,0.9994383238528864,FN
1,0,0.9999961024153613,FN
1,0,0.9999074843422924,FN
1,0,0.9999521399956877,FN
1,0,0.999979265191078,FN
1,0,0.9999521399956877,FN
1,0,0.999979265191078,FN
1,0,0.9999521399956877,FN
1,0,0.9999899059146473,FN
1,0,0.9999883718797458,FN
1,0,0.9999074843422924,FN
1,0,0.9999521399956877,FN
1,0,0.9999899059146473,FN
1,0,0.9999521399956877,FN
1,0,0.999979265191078,FN
1,0,0.9999521399956877,FN
1,0,0.9999961024153613,FN
1,0,0.9999074843422924,FN
1,0,0.9999521399956877,FN
1,0,0.9999521399956877,FN
1,0,0.999979265191078,FN
1,0,0.999979265191078,FN
1,0,0.9999521399956877,FN
1,0,0.9999899059146473,FN
1,0,0.9999521399956877,FN
1,0,0.9999074843422924,FN
1,0,0.9999521399956877,FN
1,0,0.9999521399956877,FN
1,0,0.999979265191078,FN
1,0,0.999979265191078,FN
1,0,0.9999521399956877,FN
1,0,0.999979265191078,FN
1,0,0.9999521399956877,FN
1,0,0.9999074843422924,FN
1,0,0.9999521399956877,FN
1,0,0.9999521399956877,FN
1,0,0.999979265191078,FN
1,0,0.999979265191078,FN
1,0,0.9999521399956877,FN
1,0,0.999979265191078,FN
1,0,0.9999521399956877,FN
1,0,0.9999074843422924,FN
1,0,0.9999521399956877,FN
1,0,0.9999521399956877,FN
1,0,0.999979265191078,FN
1,0,0.9999993233773138,FN
1,0,0.9999521399956877,FN
1,0,0.999979265191078,FN
1,0,0.9999883718797458,FN
1,0,0.9985185185185185,FN
1,0,0.999979265191078,FN
1,0,0.9999886826537445,FN
1,0,0.9999883718797458,FN
1,0,0.999979265191078,FN
1,0,0.9999521399956877,FN
1,0,0.999979265191078,FN
1,0,0.9999883718797458,FN
1,0,0.999979265191078,FN
1,0,0.9985185185185185,FN
1,0,0.9999993233773138,FN
1,0,0.9999521399956877,FN
1,0,0.9999640347664206,FN
1,0,0.9999521399956877,FN
1,0,0.999979265191078,FN
1,0,0.9999521399956877,FN
1,0,0.9999993233773138,FN
1,0,0.9999521399956877,FN
1,0,0.999979265191078,FN
1,0,0.9999521399956877,FN
1,0,0.999979265191078,FN
1,0,0.9999521399956877,FN
1,0,0.9999899059146473,FN
1,0,0.9999521399956877,FN
1,0,0.999979265191078,FN
1,0,0.9999521399956877,FN
1,0,0.9999899059146473,FN
1,0,0.9999521399956877,FN
1,0,0.999979265191078,FN
1,0,0.9999521399956877,FN
1,0,0.999979265191078,FN
1,0,0.9999521399956877,FN
1,0,0.9999993233773138,FN
1,0,0.9999521399956877,FN
1,0,0.9999899059146473,FN
1,0,0.9999883718797458,FN
1,0,0.9985185185185185,FN
1,0,0.9999227147669498,FN
1,0,0.9999427729531857,FN
1,0,0.9999883718797458,FN
1,0,0.9985185185185185,FN
1,0,0.999979265191078,FN
1,0,0.9999521399956877,FN
1,0,0.9999883718797458,FN
1,0,0.999979265191078,FN
1,0,0.9994383238528864,FN
1,0,0.9999993233773138,FN
1,0,0.9999883718797458,FN
1,0,0.9999993233773138,FN
1,0,0.9999883718797458,FN
1,0,0.9999074843422924,FN
1,0,0.9999521399956877,FN
1,0,0.9999521399956877,FN
1,0,0.9999640347664206,FN
1,0,0.9999993233773138,FN
1,0,0.9999521399956877,FN
1,0,0.9999899059146473,FN
1,0,0.9999883718797458,FN
1,0,0.9999333554905192,FN
1,0,0.9999883718797458,FN
1,0,0.9999883718797458,FN
1,0,0.999979265191078,FN
1,0,0.999979265191078,FN
1,0,0.9999883718797458,FN
1,0,0.9999355614219472,FN
1,0,0.9999883718797458,FN
1,0,0.9992466305621517,FN
1,0,0.9999521399956877,FN
1,0,0.9999333554905192,FN
1,0,0.9999521399956877,FN
1,0,0.9999521399956877,FN
1,0,0.999979265191078,FN
1,0,0.999979265191078,FN
1,0,0.9999521399956877,FN
1,0,0.9999899059146473,FN
1,0,0.9999883718797458,FN
1,0,0.9999333554905192,FN
1,0,0.9999521399956877,FN
1,0,0.9999333554905192,FN
1,0,0.9999883718797458,FN
1,0,0.999979265191078,FN
1,0,0.9999521399956877,FN
1,0,0.999979265191078,FN
1,0,0.9999883718797458,FN
1,0,0.9999521399956877,FN
1,0,0.9999074843422924,FN
1,0,0.9999521399956877,FN
1,0,0.999979265191078,FN
1,0,0.9999521399956877,FN
1,0,0.999979265191078,FN
1,0,0.9999521399956877,FN
1,0,0.9999333554905192,FN
1,0,0.9999521399956877,FN
1,0,0.9999333554905192,FN
1,0,0.9999521399956877,FN
1,0,0.9999227147669498,FN
1,0,0.9999883718797458,FN
1,0,0.9999079859434776,FN
1,0,0.9994383238528864,FN
1,0,0.999979265191078,FN
1,0,0.9999883718797458,FN
1,0,0.9999916679518459,FN
1,0,0.9999333554905192,FN
1,0,0.9999333554905192,FN
1,0,0.9999883718797458,FN
1,0,0.9999333554905192,FN
1,0,0.9999883718797458,FN
1,0,0.9992466305621517,FN
1,0,0.9999916679518459,FN
1,0,0.9999321322296163,FN
1,0,0.9999521399956877,FN
1,0,0.999979265191078,FN
1,0,0.9999883718797458,FN
1,0,0.9999333554905192,FN
1,0,0.9999521399956877,FN
1,0,0.9992970212744805,FN
1,0,0.9999883718797458,FN
1,0,0.9999427729531857,FN
1,0,0.9999883718797458,FN
1,0,0.999979265191078,FN
1,0,0.9999883718797458,FN
1,0,0.9999333554905192,FN
1,0,0.9999883718797458,FN
1,0,0.9985185185185185,FN
1,0,0.9999333554905192,FN
1,0,0.9999427729531857,FN
1,0,0.9999883718797458,FN
1,0,0.9985182393370786,FN
1,0,0.9983978750980846,FN
1,0,0.9999074843422924,FN
1,0,0.9999883718797458,FN
1,0,0.9985185185185185,FN
1,0,0.9999899059146473,FN
1,0,0.9999886826537445,FN
1,0,0.9999521399956877,FN
1,0,0.9999883718797458,FN
1,0,0.9999333554905192,FN
1,0,0.9999883718797458,FN
1,0,0.9999883718797458,FN
1,0,0.9899079859434776,FN
1,0,0.9999899059146473,FN
1,0,0.999979265191078,FN
1,0,0.9999333554905192,FN
1,0,0.9999521399956877,FN
1,0,0.9999993233773138,FN
1,0,0.9999883718797458,FN
1,0,0.9999333554905192,FN
1,0,0.9999521399956877,FN
1,0,0.9999333554905192,FN
1,0,0.9999883718797458,FN
1,0,0.9999883718797458,FN
1,0,0.9999333554905192,FN
1,0,0.9985185185185185,FN
1,0,0.9999521399956877,FN
1,0,0.9999899059146473,FN
1,0,0.999979265191078,FN
1,0,0.9999886826537445,FN
1,0,0.9999521399956877,FN
1,0,0.9999333554905192,FN
1,0,0.9999521399956877,FN
1,0,0.9992970212744805,FN
1,0,0.9999521399956877,FN
1,0,0.9999074843422924,FN
1,0,0.9999521399956877,FN
1,0,0.9999521399956877,FN
1,0,0.9994383238528864,FN
1,0,0.9999899059146473,FN
1,0,0.9999521399956877,FN
1,0,0.9992970212744805,FN
1,0,0.9999521399956877,FN
1,0,0.9999333554905192,FN
1,0,0.9999521399956877,FN
1,0,0.9999883718797458,FN
1,0,0.9997791818015405,FN
1,0,0.9999074843422924,FN
1,0,0.999979265191078,FN
1,0,0.9999521399956877,FN
1,0,0.9999521399956877,FN
1,0,0.9999993233773138,FN
1,0,0.9999899059146473,FN
1,0,0.9999883718797458,FN
1,0,0.9999521399956877,FN
1,0,0.9999333554905192,FN
1,0,0.9999883718797458,FN
1,0,0.9988627842845412,FN
1,0,0.9999883718797458,FN
1,0,0.9985185185185185,FN
1,0,0.9999883718797458,FN
1,0,0.9999521399956877,FN
1,0,0.999979265191078,FN
1,0,0.9999993233773138,FN
1,0,0.9999899059146473,FN
1,0,0.9999521399956877,FN
1,0,0.9999333554905192,FN
1,0,0.9999521399956877,FN
1,0,0.9999333554905192,FN
1,0,0.9999883718797458,FN
1,0,0.9999227147669498,FN
1,0,0.9999521399956877,FN
1,0,0.9999521399956877,FN
1,0,0.9999521399956877,FN
1,0,0.9999883718797458,FN
1,0,0.999979265191078,FN
1,0,0.999979265191078,FN
1,0,0.9999899059146473,FN
1,0,0.9999521399956877,FN
1,0,0.9988627842845412,FN
1,0,0.9999521399956877,FN
1,0,0.9988627842845412,FN
1,0,0.9999883718797458,FN
1,0,0.9993817734287583,FN
1,0,0.9999883718797458,FN
1,0,0.9999883718797458,FN
1,0,0.9999521399956877,FN
1,0,0.999979265191078,FN
1,0,0.9994383238528864,FN
1,0,0.9999899059146473,FN
1,0,0.9999883718797458,FN
1,0,0.9999427729531857,FN
1,0,0.9999883718797458,FN
1,0,0.9992466305621517,FN
1,0,0.9999883718797458,FN
1,0,0.9999227147669498,FN
1,0,0.9999883718797458,FN
1,0,0.9999883718797458,FN
1,0,0.9999899059146473,FN
1,0,0.999979265191078,FN
1,0,0.9999883718797458,FN
1,0,0.999979265191078,FN
1,0,0.9999883718797458,FN
1,0,0.9999883718797458,FN
1,0,0.9999333554905192,FN
1,0,0.9999883718797458,FN
1,0,0.9999227147669498,FN
1,0,0.9999521399956877,FN
1,0,0.9999521399956877,FN
1,0,0.9999899059146473,FN
1,0,0.9999899059146473,FN
1,0,0.9999521399956877,FN
1,0,0.999979265191078,FN
1,0,0.9999521399956877,FN
1,0,0.9999333554905192,FN
1,0,0.9999883718797458,FN
1,0,0.9999333554905192,FN
1,0,0.9999521399956877,FN
1,0,0.9999521399956877,FN
1,0,0.9999521399956877,FN
1,0,0.9999899059146473,FN
1,0,0.9999333554905192,FN
1,0,0.9999521399956877,FN
1,0,0.999979265191078,FN
1,0,0.9999899059146473,FN
1,0,0.9999521399956877,FN
1,0,0.9999333554905192,FN
1,0,0.9999521399956877,FN
1,0,0.9999521399956877,FN
1,0,0.9999074843422924,FN
1,0,0.9999521399956877,FN
1,0,0.9999521399956877,FN
1,0,0.9999899059146473,FN
1,0,0.999979265191078,FN
1,0,0.9999899059146473,FN
1,0,0.9999521399956877,FN
1,0,0.9999333554905192,FN
1,0,0.9999883718797458,FN
1,0,0.9999074843422924,FN
1,0,0.9999883718797458,FN
1,0,0.9999883718797458,FN
1,0,0.9999521399956877,FN
1,0,0.999979265191078,FN
1,0,0.9999899059146473,FN
1,0,0.999979265191078,FN
1,0,0.9999883718797458,FN
1,0,0.9999521399956877,FN
1,0,0.9999993233773138,FN
1,0,0.999979265191078,FN
1,0,0.9999521399956877,FN
1,0,0.9999883718797458,FN
1,0,0.999979265191078,FN
1,0,0.999979265191078,FN
1,0,0.9999521399956877,FN
1,0,0.9999640347664206,FN
1,0,0.9999521399956877,FN
1,0,0.9999521399956877,FN
1,0,0.999979265191078,FN
1,0,0.9994383238528864,FN
1,0,0.9999883718797458,FN
1,0,0.9999640347664206,FN
1,0,0.9999521399956877,FN
1,0,0.9999333554905192,FN
1,0,0.9999883718797458,FN
1,0,0.9999333554905192,FN
1,0,0.9999883718797458,FN
1,0,0.9999074843422924,FN
1,0,0.9999521399956877,FN
1,0,0.999979265191078,FN
1,0,0.9999521399956877,FN
1,0,0.9999640347664206,FN
1,0,0.9999521399956877,FN
1,0,0.9999899059146473,FN
1,0,0.9999521399956877,FN
1,0,0.999979265191078,FN
1,0,0.9999883718797458,FN
1,0,0.9885185185185185,FN
1,0,0.9999427729531857,FN
1,0,0.9999521399956877,FN
1,0,0.9992466305621517,FN
1,0,0.9999521399956877,FN
1,0,0.9992466305621517,FN
1,0,0.9999521399956877,FN
1,0,0.9992466305621517,FN
1,0,0.9999883718797458,FN
1,0,0.9885185185185185,FN
1,0,0.9999333554905192,FN
1,0,0.9999321322296163,FN
1,0,0.9999883718797458,FN
1,0,0.9985185185185185,FN
1,0,0.999979265191078,FN
1,0,0.9999886826537445,FN
1,0,0.9999521399956877,FN
1,0,0.9988627842845412,FN
1,0,0.9999521399956877,FN
1,0,0.9999074843422924,FN
1,0,0.9999521399956877,FN
1,0,0.9999899059146473,FN
1,0,0.9999883718797458,FN
1,0,0.9999333554905192,FN
1,0,0.9999883718797458,FN
1,0,0.9999883718797458,FN
1,0,0.9971406827087744,FN
1,0,0.9985185185185185,FN
1,0,0.9999883718797458,FN
1,0,0.9999227147669498,FN
1,0,0.9999886826537445,FN
1,0,0.9999916679518459,FN
1,0,0.9999993233773138,FN
1,0,0.999979265191078,FN
1,0,0.9999883718797458,FN
1,0,0.9992970212744805,FN
1,0,0.9999883718797458,FN
1,0,0.9999521399956877,FN
1,0,0.99999972081856,FN
1,0,0.999979265191078,FN
1,0,0.9999886826537445,FN
1,0,0.9999079859434776,FN
1,0,0.9999333554905192,FN
1,0,0.9999521399956877,FN
1,0,0.9999993233773138,FN
1,0,0.9999521399956877,FN
1,0,0.99999972081856,FN
1,0,0.9999521399956877,FN
1,0,0.999979265191078,FN
1,0,0.9999321322296163,FN
1,0,0.999979265191078,FN
1,0,0.9999883718797458,FN
1,0,0.9999916679518459,FN
1,0,0.9999333554905192,FN
1,0,0.9999333554905192,FN
1,0,0.9999883718797458,FN
1,0,0.9985185185185185,FN
1,0,0.9999640347664206,FN
1,0,0.9999883718797458,FN
1,0,0.9999079859434776,FN
1,0,0.9999883718797458,FN
1,0,0.9999883718797458,FN
1,0,0.999979265191078,FN
1,0,0.999979265191078,FN
1,0,0.9999333554905192,FN
1,0,0.9999886826537445,FN
1,0,0.9999965315149845,FN
1,0,0.9999079859434776,FN
1,0,0.9999640347664206,FN
1,0,0.9999993233773138,FN
1,0,0.9999427729531857,FN
1,0,0.9999883718797458,FN
1,0,0.9999227147669498,FN
1,0,0.9999883718797458,FN
1,0,0.9999521399956877,FN
1,0,0.999979265191078,FN
1,0,0.9999640347664206,FN
1,0,0.9999521399956877,FN
1,0,0.9999521399956877,FN
1,0,0.9999074843422924,FN
1,0,0.9994383238528864,FN
1,0,0.9999883718797458,FN
1,0,0.9999333554905192,FN
1,0,0.9999521399956877,FN
1,0,0.999979265191078,FN
1,0,0.9999521399956877,FN
1,0,0.9999521399956877,FN
1,0,0.9999916679518459,FN
1,0,0.9999074843422924,FN
1,0,0.9994383238528864,FN
1,0,0.999979265191078,FN
1,0,0.9999521399956877,FN
1,0,0.9999333554905192,FN
1,0,0.9999521399956877,FN
1,0,0.9999899059146473,FN
1,0,0.9999883718797458,FN
1,0,0.9999883718797458,FN
1,0,0.9997791818015405,FN
1,0,0.9999883718797458,FN
1,0,0.9999074843422924,FN
1,0,0.999979265191078,FN
1,0,0.9999640347664206,FN
1,0,0.999979265191078,FN
1,0,0.9999521399956877,FN
1,0,0.9999333554905192,FN
1,0,0.9999521399956877,FN
1,0,0.9999521399956877,FN
1,0,0.9999899059146473,FN
1,0,0.9999074843422924,FN
1,0,0.9999521399956877,FN
1,0,0.9999521399956877,FN
1,0,0.999979265191078,FN
1,0,0.9999899059146473,FN
1,0,0.9999521399956877,FN
1,0,0.9992970212744805,FN
1,0,0.9999883718797458,FN
1,0,0.9999333554905192,FN
1,0,0.9999521399956877,FN
1,0,0.9999521399956877,FN
1,0,0.9999899059146473,FN
1,0,0.9999074843422924,FN
1,0,0.9999521399956877,FN
1,0,0.9999521399956877,FN
1,0,0.9999640347664206,FN
1,0,0.999979265191078,FN
1,0,0.9999521399956877,FN
1,0,0.9999333554905192,FN
1,0,0.9999883718797458,FN
1,0,0.9985185185185185,FN
1,0,0.9999883718797458,FN
1,0,0.9999993233773138,FN
1,0,0.9999993233773138,FN
1,0,0.9985185185185185,FN
1,0,0.9999883718797458,FN
1,0,0.9999883718797458,FN
1,0,0.9885185185185185,FN
1,0,0.9985185185185185,FN
1,0,0.9999899059146473,FN
1,0,0.9999886826537445,FN
1,0,0.9999640347664206,FN
1,0,0.9999886826537445,FN
1,0,0.9999227147669498,FN
1,0,0.9999321322296163,FN
1,0,0.9999883718797458,FN
1,0,0.9992970212744805,FN
1,0,0.9985185185185185,FN
1,0,0.9999427729531857,FN
1,0,0.9999521399956877,FN
1,0,0.999979265191078,FN
1,0,0.9999521399956877,FN
1,0,0.9999521399956877,FN
1,0,0.9999961024153613,FN
1,0,0.999979265191078,FN
1,0,0.9999899059146473,FN
1,0,0.9999074843422924,FN
1,0,0.9999521399956877,FN
1,0,0.9992970212744805,FN
1,0,0.9999883718797458,FN
1,0,0.9999899059146473,FN
1,0,0.9999883718797458,FN
1,0,0.9999521399956877,FN
1,0,0.9999521399956877,FN
1,0,0.9999899059146473,FN
1,0,0.9999074843422924,FN
1,0,0.9999521399956877,FN
1,0,0.9999899059146473,FN
1,0,0.9999883718797458,FN
1,0,0.9999079859434776,FN
1,0,0.9999899059146473,FN
1,0,0.9999899059146473,FN
1,0,0.9999883718797458,FN
1,0,0.9999079859434776,FN
1,0,0.9999899059146473,FN
1,0,0.9999899059146473,FN
1,0,0.9999883718797458,FN
1,0,0.9999993984874616,FN
1,0,0.9999883718797458,FN
1,0,0.9999333554905192,FN
1,0,0.9999427729531857,FN
1,0,0.9999883718797458,FN
1,0,0.9997791818015405,FN
1,0,0.9999883718797458,FN
1,0,0.999979265191078,FN
1,0,0.999979265191078,FN
1,0,0.9994383238528864,FN
1,0,0.9999916679518459,FN
1,0,0.9999333554905192,FN
1,0,0.9999333554905192,FN
1,0,0.9999883718797458,FN
1,0,0.9999521399956877,FN
1,0,0.9999961024153613,FN
1,0,0.9999074843422924,FN
1,0,0.9999899059146473,FN
1,0,0.9999521399956877,FN
1,0,0.9999521399956877,FN
1,0,0.9999640347664206,FN
1,0,0.9999521399956877,FN
1,0,0.9999333554905192,FN
1,0,0.9999883718797458,FN
1,0,0.9994383238528864,FN
1,0,0.9999521399956877,FN
1,0,0.9999521399956877,FN
1,0,0.9999074843422924,FN
1,0,0.9999899059146473,FN
1,0,0.9999521399956877,FN
1,0,0.9999883718797458,FN
1,0,0.9999899059146473,FN
1,0,0.999979265191078,FN
1,0,0.9999521399956877,FN
1,0,0.9999333554905192,FN
1,0,0.9999883718797458,FN
1,0,0.9994383238528864,FN
1,0,0.9999521399956877,FN
1,0,0.9999521399956877,FN
1,0,0.999979265191078,FN
1,0,0.9999521399956877,FN
1,0,0.9999883718797458,FN
1,0,0.9999333554905192,FN
1,0,0.9994383238528864,FN
1,0,0.9999640347664206,FN
1,0,0.9999521399956877,FN
1,0,0.9999333554905192,FN
1,0,0.9999883718797458,FN
1,0,0.9994383238528864,FN
1,0,0.9999521399956877,FN
1,0,0.9999899059146473,FN
1,0,0.9999521399956877,FN
1,0,0.9999521399956877,FN
1,0,0.9999521399956877,FN
1,0,0.9999074843422924,FN
1,0,0.9999899059146473,FN
1,0,0.999979265191078,FN
1,0,0.9999521399956877,FN
1,0,0.9999227147669498,FN
1,0,0.9999883718797458,FN
1,0,0.9999640347664206,FN
1,0,0.9999521399956877,FN
1,0,0.9999899059146473,FN
1,0,0.9999521399956877,FN
1,0,0.9999521399956877,FN
1,0,0.9999521399956877,FN
1,0,0.9999074843422924,FN
1,0,0.9999640347664206,FN
1,0,0.9999640347664206,FN
1,0,0.9999521399956877,FN
1,0,0.9999521399956877,FN
1,0,0.9999227147669498,FN
1,0,0.9999521399956877,FN
1,0,0.999979265191078,FN
1,0,0.9999521399956877,FN
1,0,0.9999640347664206,FN
1,0,0.9999521399956877,FN
1,0,0.9999521399956877,FN
1,0,0.9999521399956877,FN
1,0,0.9999074843422924,FN
1,0,0.9999899059146473,FN
1,0,0.9999640347664206,FN
1,0,0.9999521399956877,FN
1,0,0.9999227147669498,FN
1,0,0.9999521399956877,FN
1,0,0.9999899059146473,FN
1,0,0.9999521399956877,FN
1,0,0.9999899059146473,FN
1,0,0.9999521399956877,FN
1,0,0.9999883718797458,FN
1,0,0.9999883718797458,FN
1,0,0.9999227147669498,FN
1,0,0.9994383238528864,FN
1,0,0.9999993233773138,FN
1,0,0.9999521399956877,FN
1,0,0.9999333554905192,FN
1,0,0.9999521399956877,FN
1,0,0.999979265191078,FN
1,0,0.9999521399956877,FN
1,0,0.999979265191078,FN
1,0,0.9999521399956877,FN
1,0,0.9999521399956877,FN
1,0,0.9999883718797458,FN
1,0,0.9999074843422924,FN
1,0,0.999979265191078,FN
1,0,0.9999899059146473,FN
1,0,0.9999521399956877,FN
1,0,0.9999227147669498,FN
1,0,0.9999521399956877,FN
1,0,0.9999640347664206,FN
1,0,0.9999521399956877,FN
1,0,0.999979265191078,FN
1,0,0.9999521399956877,FN
1,0,0.9999521399956877,FN
1,0,0.9999521399956877,FN
1,0,0.9999640347664206,FN
1,0,0.9988627842845412,FN
1,0,0.9999640347664206,FN
1,0,0.9999521399956877,FN
1,0,0.9999333554905192,FN
1,0,0.9999521399956877,FN
1,0,0.9999640347664206,FN
1,0,0.9999521399956877,FN
1,0,0.999979265191078,FN
1,0,0.9999521399956877,FN
1,0,0.9999521399956877,FN
1,0,0.9999333554905192,FN
1,0,0.9999521399956877,FN
1,0,0.9999640347664206,FN
1,0,0.9999427729531857,FN
1,0,0.9999521399956877,FN
1,0,0.9999640347664206,FN
1,0,0.9999521399956877,FN
1,0,0.999979265191078,FN
1,0,0.9999521399956877,FN
1,0,0.9999333554905192,FN
1,0,0.9999521399956877,FN
1,0,0.9999521399956877,FN
1,0,0.9999640347664206,FN
1,0,0.9999227147669498,FN
1,0,0.9999521399956877,FN
1,0,0.9999640347664206,FN
1,0,0.9999521399956877,FN
1,0,0.9999899059146473,FN
1,0,0.9999521399956877,FN
1,0,0.9999074843422924,FN
1,0,0.9999521399956877,FN
1,0,0.9999640347664206,FN
1,0,0.9999521399956877,FN
1,0,0.9999227147669498,FN
1,0,0.9999883718797458,FN
1,0,0.9985185185185185,FN
1,0,0.9999227147669498,FN
1,0,0.9999321322296163,FN
1,0,0.9999883718797458,FN
1,0,0.9999227147669498,FN
1,0,0.9999521399956877,FN
1,0,0.9999227147669498,FN
1,0,0.9999521399956877,FN
1,0,0.9999333554905192,FN
1,0,0.9999883718797458,FN
1,0,0.9985185185185185,FN
1,0,0.9999640347664206,FN
1,0,0.9999886826537445,FN
1,0,0.9999521399956877,FN
1,0,0.9999521399956877,FN
1,0,0.9999640347664206,FN
1,0,0.9999883718797458,FN
1,0,0.9999227147669498,FN
1,0,0.9999883718797458,FN
1,0,0.9985185185185185,FN
1,0,0.9999899059146473,FN
1,0,0.9999886826537445,FN
1,0,0.9999883718797458,FN
1,0,0.9985185185185185,FN
1,0,0.9999333554905192,FN
1,0,0.9999321322296163,FN
1,0,0.9999883718797458,FN
1,0,0.9999640347664206,FN
1,0,0.9999883718797458,FN
1,0,0.9985185185185185,FN
1,0,0.9999883718797458,FN
1,0,0.9999899059146473,FN
1,0,0.9999993233773138,FN
1,0,0.9988627842845412,FN
1,0,0.9985185185185185,FN
1,0,0.9999883718797458,FN
1,0,0.9985185185185185,FN
1,0,0.9999521399956877,FN
1,0,0.999979265191078,FN
1,0,0.9999886826537445,FN
1,0,0.9997438681312124,FN
1,0,0.9999640347664206,FN
1,0,0.9999521399956877,FN
1,0,0.9999227147669498,FN
1,0,0.9999521399956877,FN
1,0,0.9999227147669498,FN
1,0,0.9999883718797458,FN
1,0,0.9885185185185185,FN
1,0,0.9999899059146473,FN
1,0,0.9999886826537445,FN
1,0,0.9999883718797458,FN
1,0,0.9985185185185185,FN
1,0,0.9999883718797458,FN
1,0,0.9999883718797458,FN
1,0,0.9985185185185185,FN
1,0,0.9999640347664206,FN
1,0,0.9992466305621517,FN
1,0,0.9999427729531857,FN
1,0,0.999979265191078,FN
1,0,0.9999886826537445,FN
1,0,0.9999521399956877,FN
1,0,0.9999333554905192,FN
1,0,0.9999521399956877,FN
1,0,0.999979265191078,FN
1,0,0.9999521399956877,FN
1,0,0.9999521399956877,FN
1,0,0.9999074843422924,FN
1,0,0.9999521399956877,FN
1,0,0.9999640347664206,FN
1,0,0.9999899059146473,FN
1,0,0.9999521399956877,FN
1,0,0.9999227147669498,FN
1,0,0.9999521399956877,FN
1,0,0.999979265191078,FN
1,0,0.9999521399956877,FN
1,0,0.9992466305621517,FN
1,0,0.9999521399956877,FN
1,0,0.9999521399956877,FN
1,0,0.999979265191078,FN
1,0,0.9999883718797458,FN
1,0,0.9999074843422924,FN
1,0,0.9999521399956877,FN
1,0,0.999979265191078,FN
1,0,0.9999521399956877,FN
1,0,0.9976596718529916,FN
1,0,0.9999521399956877,FN
1,0,0.9999521399956877,FN
1,0,0.9994383238528864,FN
1,0,0.999979265191078,FN
1,0,0.9999883718797458,FN
1,0,0.9999227147669498,FN
1,0,0.9999521399956877,FN
1,0,0.9999521399956877,FN
1,0,0.9999074843422924,FN
1,0,0.999979265191078,FN
1,0,0.9999521399956877,FN
1,0,0.9999883718797458,FN
1,0,0.9885185185185185,FN
1,0,0.999979265191078,FN
1,0,0.9994383238528864,FN
1,0,0.9999355614219472,FN
1,0,0.9999883718797458,FN
1,0,0.9985103818220173,FN
1,0,0.9999333554905192,FN
1,0,0.9999427729531857,FN
1,0,0.9999883718797458,FN
1,0,0.9885185185185185,FN
1,0,0.9999883718797458,FN
1,0,0.999979265191078,FN
1,0,0.9999886826537445,FN
1,0,0.9985185185185185,FN
1,0,0.9999883718797458,FN
1,0,0.9985185185185185,FN
1,0,0.9999521399956877,FN
1,0,0.999979265191078,FN
1,0,0.999979265191078,FN
1,0,0.9999886826537445,FN
1,0,0.9999227147669498,FN
1,0,0.9998790109978191,FN
1,0,0.9999521399956877,FN
1,0,0.9999074843422924,FN
1,0,0.9999521399956877,FN
1,0,0.999979265191078,FN
1,0,0.9999521399956877,FN
1,0,0.9999521399956877,FN
1,0,0.9999521399956877,FN
1,0,0.9999993233773138,FN
1,0,0.9999074843422924,FN
1,0,0.9999899059146473,FN
1,0,0.9999521399956877,FN
1,0,0.9992970212744805,FN
1,0,0.9999883718797458,FN
1,0,0.999979265191078,FN
1,0,0.9999521399956877,FN
1,0,0.9999521399956877,FN
1,0,0.999979265191078,FN
1,0,0.9999074843422924,FN
1,0,0.9999521399956877,FN
1,0,0.9999640347664206,FN
1,0,0.9999883718797458,FN
1,0,0.9999227147669498,FN
1,0,0.9999521399956877,FN
1,0,0.9999899059146473,FN
1,0,0.9999521399956877,FN
1,0,0.9999521399956877,FN
1,0,0.9999993233773138,FN
1,0,0.9999074843422924,FN
1,0,0.9999521399956877,FN
1,0,0.9999899059146473,FN
1,0,0.9999521399956877,FN
1,0,0.9999074843422924,FN
1,0,0.9999521399956877,FN
1,0,0.9999640347664206,FN
1,0,0.9999521399956877,FN
1,0,0.999979265191078,FN
1,0,0.9999521399956877,FN
1,0,0.9999521399956877,FN
1,0,0.9999521399956877,FN
1,0,0.9999074843422924,FN
1,0,0.9999074843422924,FN
1,0,0.999979265191078,FN
1,0,0.9999521399956877,FN
1,0,0.999979265191078,FN
1,0,0.9999521399956877,FN
1,0,0.9999333554905192,FN
1,0,0.9999521399956877,FN
1,0,0.9999899059146473,FN
1,0,0.9999521399956877,FN
1,0,0.9999521399956877,FN
1,0,0.9999074843422924,FN
1,0,0.999979265191078,FN
1,0,0.9999521399956877,FN
1,0,0.9994383238528864,FN
1,0,0.9999883718797458,FN
1,0,0.9999333554905192,FN
1,0,0.9999521399956877,FN
1,0,0.9999521399956877,FN
1,0,0.9999521399956877,FN
1,0,0.999979265191078,FN
1,0,0.9999227147669498,FN
1,0,0.9999521399956877,FN
1,0,0.9999993233773138,FN
1,0,0.9999899059146473,FN
1,0,0.9999521399956877,FN
1,0,0.9999333554905192,FN
1,0,0.9999521399956877,FN
1,0,0.9999521399956877,FN
1,0,0.9999521399956877,FN
1,0,0.999979265191078,FN
1,0,0.9999074843422924,FN
1,0,0.9999521399956877,FN
1,0,0.9999993233773138,FN
1,0,0.999979265191078,FN
1,0,0.9999521399956877,FN
1,0,0.9992466305621517,FN
1,0,0.9999883718797458,FN
1,0,0.9999961024153613,FN
1,0,0.999979265191078,FN
1,0,0.9999227147669498,FN
1,0,0.9999521399956877,FN
1,0,0.9999521399956877,FN
1,0,0.999979265191078,FN
1,0,0.999979265191078,FN
1,0,0.9999521399956877,FN
1,0,0.9999227147669498,FN
1,0,0.9999521399956877,FN
1,0,0.9999521399956877,FN
1,0,0.999979265191078,FN
1,0,0.9999074843422924,FN
1,0,0.9999521399956877,FN
1,0,0.9999521399956877,FN
1,0,0.999979265191078,FN
1,0,0.999979265191078,FN
1,0,0.9999521399956877,FN
1,0,0.9999227147669498,FN
1,0,0.9999521399956877,FN
1,0,0.9999521399956877,FN
1,0,0.9999074843422924,FN
1,0,0.999979265191078,FN
1,0,0.9999521399956877,FN
1,0,0.9999521399956877,FN
1,0,0.9999899059146473,FN
1,0,0.9999640347664206,FN
1,0,0.9999521399956877,FN
1,0,0.9999333554905192,FN
1,0,0.9999521399956877,FN
1,0,0.9999521399956877,FN
1,0,0.999979265191078,FN
1,0,0.9999521399956877,FN
1,0,0.9999521399956877,FN
1,0,0.9993817734287583,FN
1,0,0.9999899059146473,FN
1,0,0.9999640347664206,FN
1,0,0.9999883718797458,FN
1,0,0.9999333554905192,FN
1,0,0.9999521399956877,FN
1,0,0.999979265191078,FN
1,0,0.9999521399956877,FN
1,0,0.9999521399956877,FN
1,0,0.9999074843422924,FN
1,0,0.999979265191078,FN
1,0,0.9999883718797458,FN
1,0,0.999979265191078,FN
1,0,0.9999883718797458,FN
1,0,0.9999333554905192,FN
1,0,0.9999883718797458,FN
1,0,0.999979265191078,FN
1,0,0.9999883718797458,FN
1,0,0.9999333554905192,FN
1,0,0.9999521399956877,FN
1,0,0.9999899059146473,FN
1,0,0.9999521399956877,FN
1,0,0.9999521399956877,FN
1,0,0.9999899059146473,FN
1,0,0.9999227147669498,FN
1,0,0.9999961024153613,FN
1,0,0.999979265191078,FN
1,0,0.9999521399956877,FN
1,0,0.9992970212744805,FN
1,0,0.9999883718797458,FN
1,0,0.9999640347664206,FN
1,0,0.9999883718797458,FN
1,0,0.9999333554905192,FN
1,0,0.9999521399956877,FN
1,0,0.9999899059146473,FN
1,0,0.9999521399956877,FN
1,0,0.9999521399956877,FN
1,0,0.9999074843422924,FN
1,0,0.999979265191078,FN
1,0,0.9999521399956877,FN
1,0,0.999979265191078,FN
1,0,0.9999521399956877,FN
1,0,0.9992466305621517,FN
1,0,0.9999883718797458,FN
1,0,0.9999899059146473,FN
1,0,0.9999883718797458,FN
1,0,0.9992466305621517,FN
1,0,0.9999521399956877,FN
1,0,0.999979265191078,FN
1,0,0.9999521399956877,FN
1,0,0.9999521399956877,FN
1,0,0.999979265191078,FN
1,0,0.9999074843422924,FN
1,0,0.9999883718797458,FN
1,0,0.999979265191078,FN
1,0,0.9999883718797458,FN
1,0,0.9992466305621517,FN
1,0,0.9999521399956877,FN
1,0,0.9999899059146473,FN
1,0,0.9999521399956877,FN
1,0,0.9999227147669498,FN
1,0,0.9999521399956877,FN
1,0,0.999979265191078,FN
1,0,0.9999521399956877,FN
1,0,0.9999521399956877,FN
1,0,0.9999074843422924,FN
1,0,0.999979265191078,FN
1,0,0.9999521399956877,FN
1,0,0.9999640347664206,FN
1,0,0.9999521399956877,FN
1,0,0.9999333554905192,FN
1,0,0.9999521399956877,FN
1,0,0.999979265191078,FN
1,0,0.9999883718797458,FN
1,0,0.9999333554905192,FN
1,0,0.9999521399956877,FN
1,0,0.999979265191078,FN
1,0,0.9999521399956877,FN
1,0,0.9999521399956877,FN
1,0,0.9999074843422924,FN
1,0,0.999979265191078,FN
1,0,0.9999521399956877,FN
1,0,0.9999640347664206,FN
1,0,0.9999521399956877,FN
1,0,0.9999333554905192,FN
1,0,0.9999521399956877,FN
1,0,0.9999640347664206,FN
1,0,0.9999883718797458,FN
1,0,0.9999333554905192,FN
1,0,0.9999521399956877,FN
1,0,0.999979265191078,FN
1,0,0.9999521399956877,FN
1,0,0.9999521399956877,FN
1,0,0.999979265191078,FN
1,0,0.9999074843422924,FN
1,0,0.9999883718797458,FN
1,0,0.9999899059146473,FN
1,0,0.9999883718797458,FN
1,0,0.9999333554905192,FN
1,0,1.0,FN
1,0,1.0,FN
1,0,1.0,FN
1,0,1.0,FN
1,0,1.0,FN
1,0,1.0,FN
1,0,1.0,FN
1,0,1.0,FN
1,0,1.0,FN
1,0,1.0,FN
1,0,1.0,FN
1,0,1.0,FN
1,0,1.0,FN
1,0,1.0,FN
1,0,1.0,FN
1,0,1.0,FN
1,0,1.0,FN
1,0,1.0,FN
1,0,1.0,FN
1,0,1.0,FN
1,0,1.0,FN
1,0,1.0,FN
1,0,1.0,FN
1,0,1.0,FN
1,0,1.0,FN
1,0,1.0,FN
1,0,1.0,FN
1,0,1.0,FN
1,0,1.0,FN
1,0,1.0,FN
1,0,1.0,FN
1,0,1.0,FN
1,0,1.0,FN
1,0,1.0,FN
1,0,1.0,FN
1,0,1.0,FN
1,0,1.0,FN
1,0,1.0,FN
1,0,1.0,FN
1,0,1.0,FN
1,0,1.0,FN
1,0,1.0,FN
1,0,1.0,FN
1,0,1.0,FN
1,0,1.0,FN
1,0,1.0,FN
1,0,1.0,FN
1,0,1.0,FN
1,0,1.0,FN
1,0,1.0,FN
1,0,1.0,FN
1,0,1.0,FN
1,0,1.0,FN
1,0,1.0,FN
1,0,1.0,FN
1,0,1.0,FN
1,0,1.0,FN
1,0,1.0,FN
1,0,1.0,FN
1,0,1.0,FN
1,0,1.0,FN
1,0,1.0,FN
1,0,1.0,FN
1,0,1.0,FN
1,0,1.0,FN
1,0,1.0,FN
1,0,1.0,FN
1,0,1.0,FN
1,0,1.0,FN
1,0,1.0,FN
1,0,1.0,FN
1,0,1.0,FN
1,0,1.0,FN
1,0,1.0,FN
1,0,1.0,FN
1,0,1.0,FN
1,0,1.0,FN
1,0,1.0,FN
1,0,1.0,FN
1,0,1.0,FN
1,0,1.0,FN
1,0,1.0,FN
1,0,1.0,FN
1,0,1.0,FN
1,0,1.0,FN
1,0,1.0,FN
1,0,1.0,FN
1,0,1.0,FN
1,0,1.0,FN
1,0,1.0,FN
1,0,1.0,FN
1,0,1.0,FN
1,0,1.0,FN
1,0,1.0,FN
1,0,1.0,FN
1,0,1.0,FN
1,0,1.0,FN
1,0,1.0,FN
1,0,1.0,FN
1,0,1.0,FN
1,0,1.0,FN
1,0,1.0,FN
1,0,1.0,FN
1,0,1.0,FN
1,0,1.0,FN
1,0,1.0,FN
1,0,1.0,FN
1,0,1.0,FN
1,0,1.0,FN
1,0,1.0,FN
1,0,1.0,FN
1,0,1.0,FN
1,0,1.0,FN
1,0,1.0,FN
1,0,1.0,FN
1,0,1.0,FN
1,0,1.0,FN
1,0,1.0,FN
1,0,1.0,FN
1,0,1.0,FN
1,0,1.0,FN
1,0,1.0,FN
1,0,1.0,FN
1,0,1.0,FN
1,0,1.0,FN
1,0,1.0,FN
1,0,1.0,FN
1,0,1.0,FN
1,0,1.0,FN
1,0,1.0,FN
1,0,1.0,FN
1,0,1.0,FN
1,0,1.0,FN
1,0,1.0,FN
1,0,1.0,FN
1,0,1.0,FN
1,0,1.0,FN
1,0,1.0,FN
1,0,1.0,FN
1,0,1.0,FN
1,0,1.0,FN
1,0,1.0,FN
1,0,1.0,FN
1,0,1.0,FN
1,0,1.0,FN
1,0,1.0,FN
1,0,1.0,FN
1,0,1.0,FN
1,0,1.0,FN
1,0,1.0,FN
1,0,1.0,FN
1,0,1.0,FN
1,0,1.0,FN
1,0,1.0,FN
1,0,1.0,FN
1,0,1.0,FN
1,0,1.0,FN
1,0,1.0,FN
1,0,1.0,FN
1,0,1.0,FN
1,0,1.0,FN
1,0,1.0,FN
1,0,1.0,FN
1,0,1.0,FN
1,0,1.0,FN
1,0,1.0,FN
1,0,1.0,FN
1,0,1.0,FN
1,0,1.0,FN
1,0,1.0,FN
1,0,1.0,FN
1,0,1.0,FN
1,0,1.0,FN
1,0,1.0,FN
1,0,1.0,FN
1,0,1.0,FN
1,0,1.0,FN
1,0,1.0,FN
1,0,1.0,FN
1,0,1.0,FN
1,0,1.0,FN
1,0,1.0,FN
1,0,1.0,FN
1,0,1.0,FN
1,0,1.0,FN
1,0,1.0,FN
1,0,1.0,FN
1,0,1.0,FN
1,0,1.0,FN
1,0,1.0,FN
1,0,1.0,FN
1,0,1.0,FN
1,0,1.0,FN
1,0,1.0,FN
1,0,1.0,FN
1,0,1.0,FN
1,0,1.0,FN
1,0,1.0,FN
1,0,1.0,FN
1,0,1.0,FN
1,0,1.0,FN
1,0,1.0,FN
1,0,1.0,FN
1,0,1.0,FN
1,0,1.0,FN
1,0,1.0,FN
1,0,1.0,FN
1,0,1.0,FN
1,0,1.0,FN
1,0,1.0,FN
1,0,1.0,FN
1,0,1.0,FN
1,0,1.0,FN
1,0,1.0,FN
1,0,1.0,FN
1,0,1.0,FN
1,0,1.0,FN
1,0,1.0,FN
1,0,1.0,FN
1,0,1.0,FN
1,0,1.0,FN
1,0,1.0,FN
1,0,1.0,FN
1,0,1.0,FN
1,0,1.0,FN
1,0,1.0,FN
1,0,1.0,FN
1,0,1.0,FN
1,0,1.0,FN
1,0,1.0,FN
1,0,1.0,FN
1,0,1.0,FN
1,0,1.0,FN
1,0,1.0,FN
1,0,1.0,FN
1,0,1.0,FN
1,0,1.0,FN
1,0,1.0,FN
1,0,1.0,FN
1,0,1.0,FN
1,0,1.0,FN
1,0,1.0,FN
1,0,1.0,FN
1,0,1.0,FN
1,0,1.0,FN
1,0,1.0,FN
1,0,1.0,FN
1,0,1.0,FN
1,0,1.0,FN
1,0,1.0,FN
1,0,1.0,FN
1,0,1.0,FN
1,0,1.0,FN
1,0,1.0,FN
1,0,1.0,FN
1,0,1.0,FN
1,0,1.0,FN
1,0,1.0,FN
1,0,1.0,FN
1,0,1.0,FN
1,0,1.0,FN
1,0,1.0,FN
1,0,1.0,FN
1,0,1.0,FN
1,0,1.0,FN
1,0,1.0,FN
1,0,1.0,FN
1,0,1.0,FN
1,0,1.0,FN
1,0,1.0,FN
1,0,1.0,FN
1,0,1.0,FN
1,0,1.0,FN
1,0,1.0,FN
1,0,1.0,FN
1,0,1.0,FN
1,0,1.0,FN
1,0,1.0,FN
1,0,1.0,FN
1,0,1.0,FN
1,0,1.0,FN
1,0,1.0,FN
1,0,1.0,FN
1,0,1.0,FN
1,0,1.0,FN
1,0,1.0,FN
1,0,1.0,FN
1,0,1.0,FN
1,0,1.0,FN
1,0,1.0,FN
1,0,1.0,FN
1,0,1.0,FN
1,0,1.0,FN
1,0,1.0,FN
1,0,1.0,FN
1,0,1.0,FN
1,0,1.0,FN
1,0,1.0,FN
1,0,1.0,FN
1,0,1.0,FN
1,0,1.0,FN
1,0,1.0,FN
1,0,1.0,FN
1,0,1.0,FN
1,0,1.0,FN
1,0,1.0,FN
1,0,1.0,FN
1,0,1.0,FN
1,0,1.0,FN
1,0,1.0,FN
1,0,1.0,FN
1,0,1.0,FN
1,0,1.0,FN
1,0,1.0,FN
1,0,1.0,FN
1,0,1.0,FN
1,0,1.0,FN
1,0,1.0,FN
1,0,1.0,FN
1,0,1.0,FN
1,0,1.0,FN
1,0,1.0,FN
1,0,1.0,FN
1,0,1.0,FN
1,0,1.0,FN
1,0,1.0,FN
1,0,1.0,FN
1,0,1.0,FN
1,0,1.0,FN
1,0,1.0,FN
1,0,1.0,FN
1,0,1.0,FN
1,0,1.0,FN
1,0,1.0,FN
1,0,1.0,FN
1,0,1.0,FN
1,0,1.0,FN
1,0,1.0,FN
1,0,1.0,FN
1,0,1.0,FN
1,0,1.0,FN
1,0,1.0,FN
1,0,1.0,FN
1,0,1.0,FN
1,0,1.0,FN
1,0,1.0,FN
1,0,1.0,FN
1,0,1.0,FN
1,0,1.0,FN
1,0,1.0,FN
1,0,1.0,FN
1,0,1.0,FN
1,0,1.0,FN
1,0,1.0,FN
1,0,1.0,FN
1,0,1.0,FN
1,0,1.0,FN
1,0,1.0,FN
1,0,1.0,FN
1,0,1.0,FN
1,0,1.0,FN
1,0,1.0,FN
1,0,1.0,FN
1,0,1.0,FN
1,0,1.0,FN
1,0,1.0,FN
1,0,1.0,FN
1,0,1.0,FN
1,0,1.0,FN
1,0,1.0,FN
1,0,1.0,FN
1,0,1.0,FN
1,0,1.0,FN
1,0,1.0,FN
1,0,1.0,FN
1,0,1.0,FN
1,0,1.0,FN
1,0,1.0,FN
1,0,1.0,FN
1,0,1.0,FN
1,0,1.0,FN
1,0,1.0,FN
1,0,1.0,FN
1,0,1.0,FN
1,0,1.0,FN
1,0,1.0,FN
1,0,1.0,FN
1,0,1.0,FN
1,0,1.0,FN
1,0,1.0,FN
1,0,1.0,FN
1,0,1.0,FN
1,0,1.0,FN
1,0,1.0,FN
1,0,1.0,FN
1,0,1.0,FN
1,0,1.0,FN
1,0,1.0,FN
1,0,1.0,FN
1,0,1.0,FN
1,0,1.0,FN
1,0,1.0,FN
1,0,1.0,FN
1,0,1.0,FN
1,0,1.0,FN
1,0,1.0,FN
1,0,1.0,FN
1,0,1.0,FN
1,0,1.0,FN
1,0,1.0,FN
1,0,1.0,FN
1,0,1.0,FN
1,0,1.0,FN
1,0,1.0,FN
1,0,1.0,FN
1,0,1.0,FN
1,0,1.0,FN
1,0,1.0,FN
1,0,1.0,FN
1,0,1.0,FN
1,0,1.0,FN
1,0,1.0,FN
1,0,1.0,FN
1,0,1.0,FN
1,0,1.0,FN
1,0,1.0,FN
1,0,1.0,FN
1,0,1.0,FN
1,0,1.0,FN
1,0,1.0,FN
1,0,1.0,FN
1,0,1.0,FN
1,0,1.0,FN
1,0,1.0,FN
1,0,1.0,FN
1,0,1.0,FN
1,0,1.0,FN
1,0,1.0,FN
1,0,1.0,FN
1,0,1.0,FN
1,0,1.0,FN
1,0,1.0,FN
1,0,1.0,FN
1,0,1.0,FN
1,0,1.0,FN
1,0,1.0,FN
1,0,1.0,FN
1,0,1.0,FN
1,0,1.0,FN
1,0,1.0,FN
1,0,1.0,FN
1,0,1.0,FN
1,0,1.0,FN
1,0,1.0,FN
1,0,1.0,FN
1,0,1.0,FN
1,0,1.0,FN
1,0,1.0,FN
1,0,1.0,FN
1,0,1.0,FN
1,0,1.0,FN
1,0,1.0,FN
1,0,1.0,FN
1,0,1.0,FN
1,0,1.0,FN
1,0,1.0,FN
1,0,1.0,FN
1,0,1.0,FN
1,0,1.0,FN
1,0,1.0,FN
1,0,1.0,FN
1,0,1.0,FN
1,0,1.0,FN
1,0,1.0,FN
1,0,1.0,FN
1,0,1.0,FN
1,0,1.0,FN
1,0,1.0,FN
1,0,1.0,FN
1,0,1.0,FN
1,0,1.0,FN
1,0,1.0,FN
1,0,1.0,FN
1,0,1.0,FN
1,0,1.0,FN
1,0,1.0,FN
1,0,1.0,FN
1,0,1.0,FN
1,0,1.0,FN
1,0,1.0,FN
1,0,1.0,FN
1,0,1.0,FN
1,0,0.9299727763798509,FN
1,0,0.9999952174305775,FN
1,0,0.9810588235294116,FN
1,0,0.9292970437997566,FN
1,0,0.999994197282656,FN
1,1,0.7915095914001491,TP
1,0,0.9999442217693705,FN
1,0,0.9999442217693705,FN
1,0,0.9999519523049861,FN
1,0,0.9999519523049861,FN
1,0,0.9699919902829444,FN
1,0,0.96999972081856,FN
1,0,0.9699919902829444,FN
1,0,0.9599919902829445,FN
1,0,0.96999972081856,FN
1,0,0.9599919902829445,FN
1,0,0.96999972081856,FN
1,0,0.9699919902829444,FN
1,0,0.96999972081856,FN
1,0,0.9699919902829444,FN
1,0,0.9599919902829445,FN
1,0,0.96999972081856,FN
1,0,0.9699919902829444,FN
1,0,0.9699919902829444,FN
1,0,0.9599919902829445,FN
1,0,0.9699919902829444,FN
1,0,0.9699919902829444,FN
1,0,0.96999972081856,FN
1,0,0.9699919902829444,FN
1,0,0.9699919902829444,FN
1,0,0.95999972081856,FN
1,0,0.9699919902829444,FN
1,0,0.9699919902829444,FN
1,0,0.9599919902829445,FN
1,0,0.95999972081856,FN
1,0,0.9699919902829444,FN
1,0,0.9599919902829445,FN
1,0,0.96999972081856,FN
1,0,0.96999972081856,FN
1,0,0.96999972081856,FN
1,0,0.96999972081856,FN
1,0,0.96999972081856,FN
1,0,0.9699919902829444,FN
1,0,0.9699919902829444,FN
1,0,0.9599919902829445,FN
1,0,0.9599919902829445,FN
1,0,0.96999972081856,FN
1,0,0.9699919902829444,FN
1,0,0.9699919902829444,FN
1,0,0.9599919902829445,FN
1,0,0.96999972081856,FN
1,0,0.9699919902829444,FN
1,0,0.9699919902829444,FN
1,0,0.9699919902829444,FN
1,0,0.96999972081856,FN
1,0,0.9699919902829444,FN
1,0,0.96999972081856,FN
1,0,0.9599919902829445,FN
1,0,0.9699919902829444,FN
1,0,0.9599919902829445,FN
1,0,0.9699919902829444,FN
1,0,0.9699919902829444,FN
1,0,0.9699919902829444,FN
1,0,0.9699919902829444,FN
1,0,0.9699919902829444,FN
1,0,0.9699919902829444,FN
1,0,0.9699919902829444,FN
1,0,0.9599919902829445,FN
1,0,0.96999972081856,FN
1,0,0.96999972081856,FN
1,0,0.96999972081856,FN
1,0,0.9499919902829445,FN
1,0,0.96999972081856,FN
1,0,0.96999972081856,FN
1,0,0.96999972081856,FN
1,0,0.9599919902829445,FN
1,0,0.9699919902829444,FN
1,0,0.96999972081856,FN
1,0,0.96999972081856,FN
1,0,0.9699919902829444,FN
1,0,0.9699919902829444,FN
1,0,0.96999972081856,FN
1,0,0.96999972081856,FN
1,0,0.95999972081856,FN
1,0,0.96999972081856,FN
1,0,0.96999972081856,FN
1,0,0.96999972081856,FN
1,0,0.96999972081856,FN
1,0,0.96999972081856,FN
1,0,0.96999972081856,FN
1,0,0.95999972081856,FN
1,0,0.95999972081856,FN
1,0,0.9599919902829445,FN
1,0,0.9699919902829444,FN
1,0,0.95999972081856,FN
1,0,0.96999972081856,FN
1,0,0.9699919902829444,FN
1,0,0.96999972081856,FN
1,0,0.96999972081856,FN
1,0,0.96999972081856,FN
1,0,0.96999972081856,FN
1,0,0.96999972081856,FN
1,0,0.96999972081856,FN
1,0,0.9599919902829445,FN
1,0,0.9599919902829445,FN
1,0,0.9599919902829445,FN
1,0,0.96999972081856,FN
1,0,0.96999972081856,FN
1,0,0.95999972081856,FN
1,0,0.95999972081856,FN
1,0,0.96999972081856,FN
1,0,0.96999972081856,FN
1,0,0.9699919902829444,FN
1,0,0.9499919902829445,FN
1,0,0.9699919902829444,FN
1,0,0.96999972081856,FN
1,0,0.96999972081856,FN
1,0,0.9799919902829444,FN
1,0,0.96999972081856,FN
1,0,0.9799919902829444,FN
1,0,0.96999972081856,FN
1,0,0.96999972081856,FN
1,0,0.9799919902829444,FN
1,0,0.96999972081856,FN
1,0,0.97999972081856,FN
1,0,0.97999972081856,FN
1,0,0.97999972081856,FN
1,0,0.97999972081856,FN
1,0,0.97999972081856,FN
1,0,0.9799919902829444,FN
1,0,0.9799919902829444,FN
1,0,0.96999972081856,FN
1,0,0.96999972081856,FN
1,0,0.9699919902829444,FN
1,0,0.9799919902829444,FN
1,0,0.97999972081856,FN
1,0,0.9699919902829444,FN
1,0,0.9699919902829444,FN
1,0,0.97999972081856,FN
1,0,0.96999972081856,FN
1,0,0.97999972081856,FN
1,0,0.9699919902829444,FN
1,0,0.97999972081856,FN
1,0,0.98999972081856,FN
1,0,0.93,FN
1,0,0.93,FN
1,0,0.93,FN
1,0,0.93,FN
1,0,0.9399879165855147,FN
1,0,0.9399816087638158,FN
1,0,0.9399879165855147,FN
1,0,0.9399738782282001,FN
1,0,0.9399879165855147,FN
1,0,0.939980186049899,FN
1,0,0.9399738782282001,FN
1,0,0.9399738782282001,FN
1,0,0.9399738782282001,FN
1,0,0.9399738782282001,FN
1,0,0.9399738782282001,FN
1,0,0.939980186049899,FN
1,0,0.9399738782282001,FN
1,0,0.9399879165855147,FN
1,0,0.9399738782282001,FN
1,0,0.9399738782282001,FN
1,0,0.9399879165855147,FN
1,0,0.9399738782282001,FN
1,0,0.9399738782282001,FN
1,0,0.9399879165855147,FN
1,0,0.9399738782282001,FN
1,0,0.939980186049899,FN
1,0,0.9399879165855147,FN
1,0,0.9399738782282001,FN
1,0,0.9399879165855147,FN
1,0,0.9399738782282001,FN
1,0,0.9399879165855147,FN
1,0,0.9399879165855147,FN
1,0,0.939980186049899,FN
1,0,0.9399879165855147,FN
1,0,0.9399879165855147,FN
1,0,0.9399879165855147,FN
1,0,0.9399879165855147,FN
1,0,0.939980186049899,FN
1,0,0.9399879165855147,FN
1,0,0.9399879165855147,FN
1,0,0.939980186049899,FN
1,0,0.9399879165855147,FN
1,0,0.9399879165855147,FN
1,0,0.9399879165855147,FN
1,0,0.9689249530253727,FN
1,0,0.9199879165855147,FN
1,0,0.9997696485208369,FN
1,0,0.8599915349887134,FN
1,0,0.8499915349887134,FN
1,0,0.8499915349887134,FN
1,0,0.8499915349887134,FN
1,0,0.8499915349887134,FN
1,0,0.8499915349887134,FN
1,0,0.8599915349887134,FN
1,0,0.8499915349887134,FN
1,0,0.8499915349887134,FN
1,0,0.8499915349887134,FN
1,0,0.8499915349887134,FN
1,0,0.8499915349887134,FN
1,0,0.8499915349887134,FN
1,0,0.8499915349887134,FN
1,0,0.8499915349887134,FN
1,0,0.8499915349887134,FN
1,0,0.8499915349887134,FN
1,0,0.8499915349887134,FN
1,0,0.8499915349887134,FN
1,0,0.8499915349887134,FN
1,0,0.8599915349887134,FN
1,0,0.8499915349887134,FN
1,0,0.8499915349887134,FN
1,0,0.8499915349887134,FN
1,0,0.8499915349887134,FN
1,0,0.8499915349887134,FN
1,0,0.8499915349887134,FN
1,0,0.8499915349887134,FN
1,0,0.8499915349887134,FN
1,0,0.8499915349887134,FN
1,0,0.8499915349887134,FN
1,0,0.8599915349887134,FN
1,0,0.8499915349887134,FN
1,0,0.8499915349887134,FN
1,0,0.8599915349887134,FN
1,0,0.8499915349887134,FN
1,0,0.8699915349887134,FN
1,0,0.8699915349887134,FN
1,0,0.8799915349887134,FN
1,0,0.8799915349887134,FN
1,0,0.8799915349887134,FN
1,0,0.8699915349887134,FN
1,0,0.8799915349887134,FN
1,0,0.8699915349887134,FN
1,0,0.8699915349887134,FN
1,0,0.8599915349887134,FN
1,0,0.8699915349887134,FN
1,0,0.8699915349887134,FN
1,0,0.8699915349887134,FN
1,0,0.6999163179916317,FN
1,0,0.82,FN
1,0,0.85,FN
1,0,0.82,FN
1,0,0.85,FN
1,0,0.8,FN
1,0,0.83,FN
1,0,0.82,FN
1,0,0.83,FN
1,0,0.82,FN
1,0,0.82,FN
1,0,0.84,FN
1,0,0.82,FN
1,0,0.82,FN
1,0,0.82,FN
1,0,0.84,FN
1,0,0.83,FN
1,0,0.83,FN
1,0,0.83,FN
1,0,0.82,FN
1,0,0.83,FN
1,0,0.82,FN
1,0,0.82,FN
1,0,0.84,FN
1,0,0.83,FN
1,0,0.84,FN
1,0,0.84,FN
1,0,0.84,FN
1,0,0.82,FN
1,0,0.83,FN
1,0,0.84,FN
1,0,0.82,FN
1,0,0.84,FN
1,0,0.82,FN
1,0,0.85,FN
1,0,0.83,FN
1,0,0.84,FN
1,0,0.85,FN
1,0,0.85,FN
1,0,0.82,FN
1,0,0.85,FN
1,0,0.83,FN
1,0,0.82,FN
1,0,0.85,FN
1,0,0.82,FN
1,0,0.82,FN
1,0,0.61,FN
1,1,0.5700036184031987,TP
1,1,0.5700036184031987,TP
1,0,0.983,FN
1,0,0.983,FN
1,0,0.983,FN
1,0,0.983,FN
1,0,0.983,FN
1,0,0.983,FN
1,0,0.983,FN
1,0,0.983,FN
1,0,0.983,FN
1,0,0.983,FN
1,0,0.983,FN
1,0,0.983,FN
1,0,0.983,FN
1,0,0.983,FN
1,0,0.983,FN
1,0,0.983,FN
1,0,0.9548448894202032,FN
1,0,0.9979514667026551,FN
1,0,0.983,FN
1,0,0.8399915349887134,FN
1,0,0.983,FN
1,0,0.8499915349887134,FN
1,0,0.9470240586817559,FN
1,0,0.8599915349887134,FN
1,0,0.7399163179916317,FN
1,0,0.983,FN
1,0,0.983,FN
1,0,0.983,FN
1,0,0.983,FN
1,0,0.983,FN
1,0,0.983,FN
1,0,0.983,FN
1,0,0.983,FN
1,0,0.983,FN
1,0,0.983,FN
1,0,0.983,FN
1,0,0.983,FN
1,0,0.983,FN
1,0,0.983,FN
1,0,0.983,FN
1,0,0.9997696485208369,FN
1,0,0.9799608024088002,FN
1,0,0.983,FN
1,1,0.69,TP
1,1,0.9652066347536113,TP
1,0,0.8889162683062974,FN
1,0,0.8889162683062974,FN
1,1,0.5700036184031987,TP
1,0,0.9795777322681717,FN
1,0,0.8989164880140861,FN
1,0,0.983,FN
1,0,0.983,FN
1,0,0.983,FN
1,0,0.983,FN
1,0,0.983,FN
1,0,0.983,FN
1,0,0.983,FN
1,0,0.983,FN
1,0,0.983,FN
1,0,0.983,FN
1,0,0.983,FN
1,0,0.983,FN
1,0,0.983,FN
1,0,0.983,FN
1,0,0.983,FN
1,0,0.9189164880140861,FN
1,0,0.983,FN
1,0,0.9289164880140861,FN
1,0,0.983,FN
1,0,0.9287267462992809,FN
1,0,0.9499879165855147,FN
1,0,0.9499879165855147,FN
1,0,0.9499879165855147,FN
1,0,0.9189249530253727,FN
1,0,0.9499879165855147,FN
1,0,0.9189249530253727,FN
1,0,0.949980186049899,FN
1,0,0.9699467099803329,FN
1,0,0.9199738782282002,FN
1,0,0.9199738782282002,FN
1,0,0.9299879165855147,FN
1,0,0.9299879165855147,FN
1,0,0.9399879165855147,FN
1,0,0.9299879165855147,FN
1,0,0.968917222489757,FN
1,0,0.9799879165855147,FN
1,0,0.949980186049899,FN
1,0,0.949980186049899,FN
1,0,0.9499879165855147,FN
1,0,0.9499879165855147,FN
1,0,0.949980186049899,FN
1,0,0.9499879165855147,FN
1,0,0.9499879165855147,FN
1,0,0.8599915349887134,FN
1,0,0.84,FN
1,0,0.8499915349887134,FN
1,0,0.8899838044530977,FN
1,0,0.8499915349887134,FN
1,0,0.983,FN
1,0,0.983,FN
1,0,0.983,FN
1,0,0.983,FN
1,0,0.983,FN
1,0,0.983,FN
1,0,0.983,FN
1,0,0.983,FN
1,0,0.983,FN
1,0,0.983,FN
1,0,0.9399816087638158,FN
1,0,0.9399738782282001,FN
1,0,0.9399879165855147,FN
1,0,0.9399738782282001,FN
1,0,0.9399738782282001,FN
1,0,0.9399879165855147,FN
1,0,0.9399738782282001,FN
1,0,0.9399879165855147,FN
1,0,0.978917222489757,FN
1,0,0.9799879165855147,FN
1,0,0.949980186049899,FN
1,0,0.9499879165855147,FN
1,0,0.939980186049899,FN
1,0,0.9499879165855147,FN
1,0,0.9499879165855147,FN
1,0,0.938917222489757,FN
1,0,0.949980186049899,FN
1,0,0.9599879165855146,FN
1,0,0.8599915349887134,FN
1,0,0.8599915349887134,FN
1,0,0.8599915349887134,FN
1,0,0.8499915349887134,FN
1,0,0.8499915349887134,FN
1,0,0.8599915349887134,FN
1,0,0.8599915349887134,FN
1,0,0.8499915349887134,FN
1,0,0.8499915349887134,FN
1,0,0.8699915349887134,FN
1,0,0.8699915349887134,FN
1,0,0.8599915349887134,FN
1,0,0.84,FN
1,0,0.8499915349887134,FN
1,0,0.983,FN
1,0,0.9399879165855147,FN
1,0,0.9399738782282001,FN
1,0,0.9399816087638158,FN
1,0,0.9399738782282001,FN
1,0,0.9499879165855147,FN
1,0,0.9399879165855147,FN
1,0,0.9899879165855147,FN
1,0,0.9499879165855147,FN
1,0,0.9499879165855147,FN
1,0,0.9499879165855147,FN
1,0,0.9499879165855147,FN
1,0,0.9389249530253727,FN
1,0,0.9489249530253727,FN
1,0,0.8499915349887134,FN
1,0,0.8399915349887134,FN
1,0,0.8399915349887134,FN
1,0,0.8399915349887134,FN
1,0,0.8399915349887134,FN
1,0,0.8399915349887134,FN
1,0,0.8799915349887134,FN
1,0,0.8599915349887134,FN
1,0,0.8699915349887134,FN
1,0,0.8599915349887134,FN
1,0,0.8599915349887134,FN
1,0,0.8499915349887134,FN
1,0,0.8699915349887134,FN
1,0,0.8599915349887134,FN
1,0,0.8599915349887134,FN
1,0,0.85,FN
1,0,0.8499915349887134,FN
1,0,0.983,FN
1,0,0.84,FN
1,0,0.8399989721715445,FN
1,0,0.84,FN
1,0,0.8599989721715445,FN
1,0,0.84,FN
1,0,0.84,FN
1,0,0.8599627402874865,FN
1,0,0.8599627402874865,FN
1,0,0.839963768115942,FN
1,0,0.8599627402874865,FN
1,0,0.9996859665124687,FN
1,0,0.95999972081856,FN
1,0,0.998917222489757,FN
1,0,0.9899879165855147,FN
1,0,0.9099915349887133,FN
1,0,0.9099915349887133,FN
1,0,0.9099915349887133,FN
1,0,0.9099915349887133,FN
1,0,0.9099915349887133,FN
1,0,0.9099915349887133,FN
1,0,0.9099915349887133,FN
1,0,0.9099838044530977,FN
1,0,0.9099915349887133,FN
1,0,0.9199838044530977,FN
1,0,0.9099915349887133,FN
1,0,0.9099915349887133,FN
1,0,0.9099915349887133,FN
1,0,0.9099915349887133,FN
1,0,0.9099838044530977,FN
1,0,0.88,FN
1,0,0.8899915349887134,FN
1,0,0.8599915349887134,FN
1,0,0.8399915349887134,FN
1,1,0.6800036184031987,TP
1,1,0.5800036184031987,TP
1,1,0.5800036184031987,TP
1,1,0.5700036184031987,TP
1,0,0.983,FN
1,0,0.983,FN
1,0,0.983,FN
1,0,0.983,FN
1,0,0.983,FN
1,1,0.7,TP
1,1,0.5700036184031987,TP
1,0,0.983,FN
1,1,0.5900036184031987,TP
1,0,0.983,FN
1,0,0.983,FN
1,1,0.7000036184031987,TP
1,0,0.983,FN
1,0,0.983,FN
1,0,0.983,FN
1,0,0.983,FN
1,0,0.983,FN
1,0,0.983,FN
1,1,0.5900036184031987,TP
1,0,0.983,FN
1,1,0.6800036184031987,TP
1,0,0.983,FN
1,0,0.983,FN
1,0,0.9399879165855147,FN
1,1,0.5768570425933922,TP
1,1,0.5700036184031987,TP
1,1,0.5700036184031987,TP
1,1,0.5700036184031987,TP
1,1,0.5700036184031987,TP
1,0,0.983,FN
1,0,0.983,FN
1,0,0.983,FN
1,0,0.983,FN
1,0,0.983,FN
1,1,0.5700036184031987,TP
1,0,0.983,FN
1,1,0.5700036184031987,TP
1,0,0.983,FN
1,1,0.7000036184031987,TP
1,0,0.983,FN
1,0,0.983,FN
1,0,0.983,FN
1,0,0.983,FN
1,0,0.983,FN
1,0,0.8182142857142857,FN
1,0,0.983,FN
1,0,0.94,FN
1,0,0.983,FN
1,1,0.5900036184031987,TP
1,0,0.983,FN
1,0,0.663278434694141,FN
1,1,0.7000036184031987,TP
1,0,0.983,FN
1,0,0.983,FN
1,1,0.5800036184031987,TP
1,1,0.6900036184031987,TP
1,0,0.983,FN
1,0,0.983,FN
1,0,0.983,FN
1,0,0.983,FN
1,1,0.67,TP
1,1,0.5900036184031987,TP
1,0,0.983,FN
1,0,0.983,FN
1,1,0.7000036184031987,TP
1,1,0.71,TP
1,0,0.983,FN
1,0,0.983,FN
1,0,0.983,FN
1,1,0.5900036184031987,TP
1,0,0.983,FN
1,1,0.67,TP
1,1,0.6900036184031987,TP
1,0,0.983,FN
1,0,0.983,FN
1,0,0.9383173744679075,FN
1,0,0.983,FN
1,0,0.983,FN
1,0,0.983,FN
1,0,0.983,FN
1,0,0.9383173744679075,FN
1,0,0.9979707342731227,FN
1,0,0.983,FN
1,0,0.983,FN
1,0,0.983,FN
1,1,0.6800036184031987,TP
1,0,0.983,FN
1,0,0.9979707342731227,FN
1,1,0.69,TP
1,0,0.983,FN
1,0,0.983,FN
1,1,0.5700036184031987,TP
1,1,0.69,TP
1,0,0.983,FN
1,1,0.6800036184031987,TP
1,0,0.7396874047481523,FN
1,1,0.5900036184031987,TP
1,1,0.69,TP
1,0,0.983,FN
1,0,0.983,FN
1,0,0.7396874047481523,FN
1,0,0.983,FN
1,1,0.5700036184031987,TP
1,0,0.983,FN
1,0,0.983,FN
1,0,0.983,FN
1,0,0.983,FN
1,0,0.983,FN
1,0,0.983,FN
1,0,0.983,FN
1,0,0.983,FN
1,1,0.6900036184031987,TP
1,0,0.983,FN
1,0,0.983,FN
1,0,0.983,FN
1,1,0.5900036184031987,TP
1,0,0.983,FN
1,1,0.6800036184031987,TP
1,0,0.983,FN
1,0,0.983,FN
1,1,0.6900036184031987,TP
1,1,0.5900036184031987,TP
1,0,0.983,FN
1,1,0.5900036184031987,TP
1,0,0.983,FN
1,0,0.983,FN
1,1,0.6600036184031987,TP
1,0,0.983,FN
1,0,0.983,FN
1,0,0.983,FN
1,1,0.5900036184031987,TP
1,0,0.983,FN
1,0,0.983,FN
1,0,0.983,FN
1,1,0.6900036184031987,TP
1,0,0.983,FN
1,0,0.983,FN
1,0,0.983,FN
1,0,0.983,FN
1,1,0.6800036184031987,TP
1,1,0.5500036184031987,TP
1,0,0.983,FN
1,0,1.0,FN
1,0,0.983,FN
1,1,0.5500036184031987,TP
1,0,0.983,FN
1,0,0.983,FN
1,0,1.0,FN
1,1,0.5800036184031987,TP
1,0,0.983,FN
1,0,0.983,FN
1,1,0.5600036184031987,TP
1,1,0.6800036184031987,TP
1,0,0.983,FN
1,0,0.983,FN
1,1,0.5900036184031987,TP
1,1,0.6900036184031987,TP
1,0,0.983,FN
1,0,0.983,FN
1,0,0.983,FN
1,1,0.6800036184031987,TP
1,0,0.983,FN
1,0,0.983,FN
1,0,0.983,FN
1,1,0.6800036184031987,TP
1,0,0.983,FN
1,0,0.983,FN
1,1,0.5900036184031987,TP
1,0,0.983,FN
1,0,0.983,FN
1,1,0.6800036184031987,TP
1,0,0.983,FN
1,0,0.983,FN
1,1,0.5900036184031987,TP
1,1,0.7000036184031987,TP
1,1,0.69,TP
1,0,0.983,FN
1,0,0.983,FN
1,0,0.983,FN
1,1,0.5900036184031987,TP
1,1,0.6900036184031987,TP
1,0,0.983,FN
1,1,0.68,TP
1,1,0.6800036184031987,TP
1,0,0.983,FN
1,0,0.983,FN
1,0,0.983,FN
1,0,0.983,FN
1,1,0.71,TP
1,1,0.69,TP
1,0,0.983,FN
1,1,0.6800036184031987,TP
1,1,0.5700036184031987,TP
1,1,0.7,TP
1,0,0.983,FN
1,0,0.983,FN
1,1,0.71,TP
1,1,0.69,TP
1,0,0.983,FN
1,0,0.983,FN
1,1,0.69,TP
1,1,0.7,TP
1,0,0.983,FN
1,1,0.71,TP
1,0,0.983,FN
1,0,0.983,FN
1,0,0.983,FN
1,0,0.983,FN
1,1,0.69,TP
1,0,0.983,FN
1,1,0.69,TP
1,0,0.983,FN
1,1,0.7,TP
1,0,0.983,FN
1,0,0.983,FN
1,0,0.983,FN
1,1,0.69,TP
1,0,0.983,FN
1,0,0.983,FN
1,0,0.983,FN
1,0,0.983,FN
1,0,0.983,FN
1,1,0.71,TP
1,0,0.983,FN
1,1,0.5900036184031987,TP
1,1,0.69,TP
1,0,0.983,FN
1,0,0.983,FN
1,0,0.983,FN
1,0,0.983,FN
1,1,0.5700036184031987,TP
1,1,0.7,TP
1,1,0.5900036184031987,TP
1,0,0.983,FN
1,0,0.983,FN
1,1,0.6800036184031987,TP
1,0,0.983,FN
1,0,0.983,FN
1,0,0.983,FN
1,0,0.983,FN
1,1,0.69,TP
1,0,0.983,FN
1,1,0.6800036184031987,TP
1,0,0.983,FN
1,0,0.983,FN
1,1,0.69,TP
1,1,0.6900036184031987,TP
1,1,0.5800036184031987,TP
1,1,0.7,TP
1,0,0.983,FN
1,1,0.7,TP
1,0,0.983,FN
1,0,0.983,FN
1,1,0.7,TP
1,1,0.5900036184031987,TP
1,1,0.71,TP
1,1,0.7,TP
1,0,0.983,FN
1,0,0.983,FN
1,0,0.983,FN
1,0,0.983,FN
1,0,0.983,FN
1,0,0.983,FN
1,0,0.983,FN
1,0,0.983,FN
1,1,0.67,TP
1,1,0.69,TP
1,0,0.983,FN
1,1,0.6600036184031987,TP
1,0,0.983,FN
1,0,0.983,FN
1,1,0.69,TP
1,1,0.5900036184031987,TP
1,1,0.67,TP
1,1,0.69,TP
1,0,0.983,FN
1,0,0.983,FN
1,1,0.69,TP
1,0,0.983,FN
1,0,0.983,FN
1,0,0.983,FN
1,1,0.5700036184031987,TP
1,0,0.983,FN
1,0,0.983,FN
1,0,0.983,FN
1,1,0.69,TP
1,0,0.983,FN
1,1,0.69,TP
1,0,0.983,FN
1,1,0.6800036184031987,TP
1,0,0.983,FN
1,0,0.983,FN
1,0,0.983,FN
1,0,0.983,FN
1,0,0.983,FN
1,1,0.71,TP
1,0,0.983,FN
1,0,0.983,FN
1,0,0.983,FN
1,0,0.983,FN
1,0,0.983,FN
1,1,0.5900036184031987,TP
1,1,0.6800036184031987,TP
1,1,0.5900036184031987,TP
1,1,0.7,TP
1,0,0.983,FN
1,1,0.6800036184031987,TP
1,1,0.67,TP
1,1,0.6800036184031987,TP
1,0,0.983,FN
1,0,0.983,FN
1,0,0.983,FN
1,1,0.67,TP
1,1,0.7,TP
1,0,0.983,FN
1,1,0.5900036184031987,TP
1,0,0.983,FN
1,1,0.7000036184031987,TP
1,0,0.983,FN
1,0,0.983,FN
1,0,0.983,FN
1,1,0.7,TP
1,0,0.983,FN
1,0,0.983,FN
1,1,0.69,TP
1,1,0.69,TP
1,0,0.983,FN
1,0,0.983,FN
1,1,0.5700036184031987,TP
1,0,0.983,FN
1,0,0.983,FN
1,0,0.983,FN
1,0,0.983,FN
1,1,0.7,TP
1,0,0.983,FN
1,1,0.69,TP
1,0,0.983,FN
1,1,0.69,TP
1,1,0.5700036184031987,TP
1,0,0.983,FN
1,0,0.983,FN
1,1,0.6800036184031987,TP
1,1,0.5900036184031987,TP
1,1,0.69,TP
1,1,0.69,TP
1,1,0.69,TP
1,0,0.983,FN
1,0,0.983,FN
1,1,0.69,TP
1,0,0.983,FN
1,0,0.983,FN
1,0,0.983,FN
1,0,0.983,FN
1,0,0.983,FN
1,0,0.983,FN
1,0,0.983,FN
1,0,0.983,FN
1,1,0.7,TP
1,1,0.67,TP
1,0,0.983,FN
1,1,0.6600036184031987,TP
1,0,0.983,FN
1,1,0.69,TP
1,1,0.5900036184031987,TP
1,1,0.67,TP
1,0,0.983,FN
1,0,0.983,FN
1,0,0.983,FN
1,0,0.983,FN
1,1,0.68,TP
1,0,0.983,FN
1,0,0.983,FN
1,1,0.5700036184031987,TP
1,0,0.983,FN
1,0,0.983,FN
1,1,0.69,TP
1,0,0.983,FN
1,0,0.983,FN
1,1,0.71,TP
1,0,0.983,FN
1,1,0.69,TP
1,1,0.5800036184031987,TP
1,0,0.983,FN
1,0,0.983,FN
1,1,0.5500036184031987,TP
1,1,0.69,TP
1,0,0.983,FN
1,1,0.69,TP
1,0,0.983,FN
1,0,0.983,FN
1,1,0.6800036184031987,TP
1,0,0.983,FN
1,0,0.983,FN
1,1,0.67,TP
1,1,0.6800036184031987,TP
1,0,0.983,FN
1,0,0.983,FN
1,0,0.983,FN
1,0,0.983,FN
1,1,0.69,TP
1,1,0.69,TP
1,0,0.983,FN
1,1,0.6900036184031987,TP
1,0,0.983,FN
1,1,0.69,TP
1,0,0.983,FN
1,1,0.5800036184031987,TP
1,0,0.983,FN
1,0,0.983,FN
1,0,0.983,FN
1,1,0.69,TP
1,1,0.6800036184031987,TP
1,0,0.983,FN
1,0,0.983,FN
1,0,0.983,FN
1,0,0.983,FN
1,0,0.983,FN
1,1,0.69,TP
1,0,0.983,FN
1,0,0.983,FN
1,1,0.5700036184031987,TP
1,1,0.69,TP
1,1,0.69,TP
1,0,0.983,FN
1,1,0.5800036184031987,TP
1,0,0.983,FN
1,0,0.983,FN
1,1,0.5800036184031987,TP
1,0,0.983,FN
1,0,0.983,FN
1,1,0.7,TP
1,0,0.983,FN
1,0,0.983,FN
1,0,0.983,FN
1,0,0.983,FN
1,1,0.6600036184031987,TP
1,0,0.983,FN
1,1,0.67,TP
1,1,0.5800036184031987,TP
1,0,0.983,FN
1,0,0.983,FN
1,1,0.6800036184031987,TP
1,0,0.983,FN
1,0,0.983,FN
1,0,0.983,FN
1,1,0.69,TP
1,1,0.5700036184031987,TP
1,0,0.983,FN
1,0,0.983,FN
1,0,0.983,FN
1,1,0.69,TP
1,1,0.5600036184031987,TP
1,0,0.983,FN
1,1,0.5800036184031987,TP
1,0,0.983,FN
1,1,0.67,TP
1,0,0.983,FN
1,0,0.983,FN
1,0,0.983,FN
1,0,0.983,FN
1,1,0.5800036184031987,TP
1,0,0.983,FN
1,0,0.983,FN
1,0,0.57,FN
1,0,0.57,FN
1,0,0.58,FN
1,0,0.57,FN
1,0,0.57,FN
1,0,0.57,FN
1,0,0.57,FN
1,0,0.57,FN
1,0,0.57,FN
1,0,0.57,FN
1,0,0.57,FN
1,0,0.57,FN
1,0,0.57,FN
1,0,0.57,FN
1,0,0.57,FN
1,0,0.57,FN
1,0,0.57,FN
1,0,0.58,FN
1,0,0.57,FN
1,0,0.57,FN
1,0,0.57,FN
1,0,0.57,FN
1,0,0.57,FN
1,0,0.57,FN
1,0,0.57,FN
1,0,0.57,FN
1,0,0.58,FN
1,1,0.5700036184031987,TP
1,0,0.983,FN
1,0,0.983,FN
1,1,0.5700036184031987,TP
1,1,0.6800036184031987,TP
1,0,0.983,FN
1,1,0.69,TP
1,1,0.69,TP
1,1,0.6800036184031987,TP
1,1,0.5800036184031987,TP
1,1,0.69,TP
1,0,0.983,FN
1,0,0.983,FN
1,0,0.983,FN
1,1,0.69,TP
1,0,0.983,FN
1,1,0.5700036184031987,TP
1,0,0.983,FN
1,0,0.983,FN
1,0,0.983,FN
1,0,0.983,FN
1,0,0.983,FN
1,0,0.983,FN
1,0,0.983,FN
1,1,0.6800036184031987,TP
1,1,0.6800036184031987,TP
1,0,0.983,FN
1,0,0.983,FN
1,0,0.983,FN
1,0,0.983,FN
1,0,0.983,FN
1,1,0.5800036184031987,TP
1,1,0.5800036184031987,TP
1,0,0.983,FN
1,0,0.983,FN
1,1,0.5700036184031987,TP
1,1,0.5700036184031987,TP
1,0,0.983,FN
1,0,0.983,FN
1,0,0.983,FN
1,0,0.983,FN
1,0,0.983,FN
1,1,0.5700036184031987,TP
1,1,0.5700036184031987,TP
1,0,0.983,FN
1,1,0.5900036184031987,TP
1,1,0.5700036184031987,TP
1,0,0.983,FN
1,0,0.983,FN
1,0,0.983,FN
1,0,0.983,FN
1,0,0.983,FN
1,1,0.5800036184031987,TP
1,1,0.5800036184031987,TP
1,0,0.983,FN
1,0,0.983,FN
1,1,0.5700036184031987,TP
1,1,0.5700036184031987,TP
1,0,0.983,FN
1,0,0.983,FN
1,0,0.983,FN
1,0,0.983,FN
1,0,0.983,FN
1,1,0.5800036184031987,TP
1,0,0.983,FN
1,1,0.5800036184031987,TP
1,1,0.5700036184031987,TP
1,1,0.5700036184031987,TP
1,0,0.983,FN
1,0,0.983,FN
1,1,0.6800036184031987,TP
1,0,0.983,FN
1,0,0.983,FN
1,0,0.983,FN
1,1,0.6800036184031987,TP
1,0,0.983,FN
1,1,0.5900036184031987,TP
1,0,0.983,FN
1,1,0.5700036184031987,TP
1,0,0.983,FN
1,0,0.983,FN
1,0,0.983,FN
1,0,0.983,FN
1,0,0.983,FN
1,0,0.983,FN
1,1,0.5800036184031987,TP
1,1,0.5800036184031987,TP
1,0,0.983,FN
1,1,0.5700036184031987,TP
1,1,0.5700036184031987,TP
1,0,0.983,FN
1,0,0.983,FN
1,0,0.983,FN
1,1,0.5700036184031987,TP
1,0,0.983,FN
1,1,0.5800036184031987,TP
1,0,0.983,FN
1,0,0.983,FN
1,1,0.5700036184031987,TP
1,1,0.5700036184031987,TP
1,0,0.983,FN
1,0,0.983,FN
1,0,0.983,FN
1,0,0.983,FN
1,0,0.983,FN
1,0,0.983,FN
1,0,0.983,FN
1,1,0.5500036184031987,TP
1,1,0.5600036184031987,TP
1,0,0.983,FN
1,1,0.5700036184031987,TP
1,1,0.5700036184031987,TP
1,0,0.983,FN
1,0,0.983,FN
1,0,0.5805026091829424,FN
1,0,0.5987961614327836,FN
1,0,0.5987961614327836,FN
1,0,0.5838319642329618,FN
1,0,0.589508561777537,FN
1,0,0.6034142305328115,FN
1,0,0.5938319642329618,FN
1,0,0.589508561777537,FN
1,0,0.5887961614327836,FN
1,0,0.5702605356615333,FN
1,0,0.599508561777537,FN
1,0,0.5987961614327836,FN
1,0,0.5869553702881752,FN
1,1,0.5800036184031987,TP
1,1,0.5700036184031987,TP
1,0,0.983,FN
1,1,0.6800036184031987,TP
1,1,0.6800036184031987,TP
1,0,0.983,FN
1,0,0.983,FN
1,0,0.983,FN
1,1,0.6800036184031987,TP
1,1,0.6800036184031987,TP
1,0,0.983,FN
1,1,0.69,TP
1,0,0.983,FN
1,0,0.983,FN
1,0,0.983,FN
1,1,0.6700036184031987,TP
1,1,0.5900036184031987,TP
1,0,0.983,FN
1,0,0.983,FN
1,1,0.5700036184031987,TP
1,0,0.983,FN
1,1,0.6800036184031987,TP
1,1,0.5800036184031987,TP
1,1,0.69,TP
1,0,0.983,FN
1,1,0.6800036184031987,TP
1,0,0.983,FN
1,0,0.983,FN
1,1,0.5700036184031987,TP
1,0,0.983,FN
1,0,0.983,FN
1,0,0.983,FN
1,1,0.69,TP
1,1,0.69,TP
1,0,0.5879934102623854,FN
1,0,0.983,FN
1,1,0.5800036184031987,TP
1,0,0.983,FN
1,0,0.983,FN
1,0,0.983,FN
1,0,0.983,FN
1,0,0.983,FN
1,1,0.5500036184031987,TP
1,1,0.5500036184031987,TP
1,0,0.983,FN
1,0,0.983,FN
1,1,0.6800036184031987,TP
1,1,0.6800036184031987,TP
1,0,0.983,FN
1,0,0.983,FN
1,0,0.983,FN
1,1,0.5700036184031987,TP
1,1,0.5700036184031987,TP
1,1,0.69,TP
1,0,0.983,FN
1,1,0.69,TP
1,0,0.983,FN
1,1,0.5600036184031987,TP
1,0,0.983,FN
1,1,0.5600036184031987,TP
1,0,0.983,FN
1,0,0.983,FN
1,0,0.57,FN
1,0,0.57,FN
1,0,0.57,FN
1,0,0.57,FN
1,0,0.57,FN
1,0,0.57,FN
1,0,0.57,FN
1,0,0.57,FN
1,0,0.57,FN
1,0,0.57,FN
1,0,0.57,FN
1,0,0.57,FN
1,0,0.57,FN
1,0,0.57,FN
1,0,0.57,FN
1,0,0.57,FN
1,0,0.57,FN
1,0,0.57,FN
1,0,0.57,FN
1,0,0.57,FN
1,0,0.57,FN
1,0,0.57,FN
1,0,0.57,FN
1,0,0.57,FN
1,0,0.57,FN
1,0,0.57,FN
1,0,0.57,FN
1,0,0.57,FN
1,0,0.57,FN
1,0,0.57,FN
1,0,0.57,FN
1,0,0.57,FN
1,0,0.57,FN
1,0,0.57,FN
1,0,0.57,FN
1,0,0.57,FN
1,0,0.57,FN
1,0,0.57,FN
1,0,0.57,FN
1,0,0.57,FN
1,0,0.57,FN
1,0,0.57,FN
1,0,0.983,FN
1,0,0.983,FN
1,0,0.983,FN
1,1,0.5800036184031987,TP
1,1,0.5900036184031987,TP
1,0,0.983,FN
1,1,0.5700036184031987,TP
1,1,0.5700036184031987,TP
1,0,0.983,FN
1,1,0.5700036184031987,TP
1,1,0.67,TP
1,1,0.67,TP
1,1,0.5700036184031987,TP
1,1,0.5700036184031987,TP
1,0,0.983,FN
1,1,0.69,TP
1,1,0.5700036184031987,TP
1,1,0.6800036184031987,TP
1,0,0.983,FN
1,0,0.983,FN
1,1,0.69,TP
1,1,0.69,TP
1,1,0.5700036184031987,TP
1,1,0.5700036184031987,TP
1,1,0.67,TP
1,1,0.69,TP
1,0,0.983,FN
1,0,0.983,FN
1,1,0.5700036184031987,TP
1,1,0.69,TP
1,1,0.5800036184031987,TP
1,0,0.983,FN
1,0,0.5887961614327836,FN
1,0,0.5887961614327836,FN
1,0,0.5703773056234918,FN
1,0,0.6071706326982887,FN
1,0,0.589508561777537,FN
1,0,0.5702605356615333,FN
1,0,0.5833823073784935,FN
1,0,0.5705178396075998,FN
1,0,0.5703773056234918,FN
1,0,0.5704295444294619,FN
1,0,0.599508561777537,FN
1,0,0.5837539290001151,FN
1,0,0.6121227054353554,FN
1,0,0.5802605356615333,FN
1,0,0.5802605356615333,FN
1,0,0.589508561777537,FN
1,0,0.5705178396075998,FN
1,0,0.5737539290001151,FN
1,0,0.599508561777537,FN
1,0,0.5703773056234918,FN
1,0,0.5837539290001151,FN
1,0,0.5704295444294619,FN
1,0,0.5791369401559153,FN
1,0,0.5703773056234918,FN
1,0,0.5838319642329618,FN
1,0,0.5703773056234918,FN
1,0,0.6127100051806988,FN
1,1,0.5800036184031987,TP
1,0,0.983,FN
1,1,0.5500036184031987,TP
1,1,0.5500036184031987,TP
1,0,0.983,FN
1,1,0.5900036184031987,TP
1,1,0.5800036184031987,TP
1,1,0.5700036184031987,TP
1,1,0.5700036184031987,TP
1,1,0.69,TP
1,1,0.69,TP
1,1,0.67,TP
1,1,0.67,TP
1,0,0.5837539290001151,FN
1,0,0.5827172608358419,FN
1,0,0.5876335617775369,FN
1,1,0.69,TP
1,0,0.57,FN
1,0,0.57,FN
1,0,0.57,FN
1,0,0.57,FN
1,0,0.57,FN
1,0,0.57,FN
1,0,0.57,FN
1,0,0.58,FN
1,0,0.57,FN
1,0,0.57,FN
1,0,0.57,FN
1,0,0.57,FN
1,0,0.58,FN
1,0,0.57,FN
1,0,0.57,FN
1,0,0.57,FN
1,0,0.57,FN
1,0,0.57,FN
1,0,0.58,FN
1,0,0.58,FN
1,0,0.58,FN
1,0,0.57,FN
1,0,0.57,FN
1,0,0.57,FN
1,0,0.57,FN
1,0,0.58,FN
1,0,0.57,FN
1,0,0.57,FN
1,0,0.58,FN
1,0,0.57,FN
1,0,0.57,FN
1,0,0.57,FN
1,0,0.57,FN
1,0,0.57,FN
1,0,0.57,FN
1,0,0.57,FN
1,0,0.57,FN
1,0,0.57,FN
1,0,0.57,FN
1,0,0.57,FN
1,0,0.57,FN
1,0,0.57,FN
1,0,0.57,FN
1,0,0.57,FN
1,0,0.57,FN
1,0,0.57,FN
1,0,0.57,FN
1,0,0.57,FN
1,0,0.57,FN
1,1,0.5900036184031987,TP
1,0,0.57,FN
1,0,0.57,FN
1,0,0.57,FN
1,0,0.57,FN
1,0,0.57,FN
1,0,0.57,FN
1,0,0.58,FN
1,0,0.57,FN
1,0,0.57,FN
1,0,0.57,FN
1,0,0.57,FN
1,0,0.57,FN
1,0,0.57,FN
1,0,0.57,FN
1,0,0.57,FN
1,0,0.57,FN
1,0,0.57,FN
1,0,0.57,FN
1,0,0.57,FN
1,0,0.57,FN
1,0,0.57,FN
1,0,0.57,FN
1,0,0.57,FN
1,0,0.57,FN
1,0,0.57,FN
1,0,0.57,FN
1,0,0.57,FN
1,0,0.57,FN
1,0,0.57,FN
1,0,0.57,FN
1,0,0.57,FN
1,0,0.57,FN
1,0,0.57,FN
1,0,0.57,FN
1,0,0.57,FN
1,0,0.57,FN
1,0,0.57,FN
1,0,0.57,FN
1,0,0.57,FN
1,0,0.57,FN
1,0,0.57,FN
1,0,0.57,FN
1,0,0.57,FN
1,0,0.57,FN
1,0,0.57,FN
1,0,0.57,FN
1,0,0.57,FN
1,0,0.57,FN
1,0,0.57,FN
1,1,0.5800036184031987,TP
1,1,0.5700036184031987,TP
1,1,0.5900036184031987,TP
1,1,0.69,TP
1,1,0.69,TP
1,1,0.5700036184031987,TP
1,0,0.983,FN
1,1,0.5700036184031987,TP
1,0,0.57,FN
1,0,0.57,FN
1,0,0.57,FN
1,0,0.57,FN
1,0,0.57,FN
1,0,0.57,FN
1,0,0.57,FN
1,0,0.57,FN
1,0,0.57,FN
1,0,0.57,FN
1,0,0.57,FN
1,0,0.57,FN
1,0,0.57,FN
1,0,0.57,FN
1,0,0.57,FN
1,0,0.57,FN
1,0,0.57,FN
1,0,0.57,FN
1,0,0.57,FN
1,0,0.57,FN
1,1,0.5600036184031987,TP
1,1,0.6800036184031987,TP
1,1,0.5700036184031987,TP
1,1,0.6800036184031987,TP
1,1,0.6600036184031987,TP
1,0,0.983,FN
1,1,0.6600036184031987,TP
1,1,0.6800036184031987,TP
1,1,0.6800036184031987,TP
1,1,0.6800036184031987,TP
1,1,0.5700036184031987,TP
1,0,0.983,FN
1,1,0.69,TP
1,0,0.983,FN
1,1,0.5700036184031987,TP
1,1,0.5700036184031987,TP
1,1,0.5700036184031987,TP
1,0,0.983,FN
1,1,0.5600036184031987,TP
1,1,0.5500036184031987,TP
1,0,0.983,FN
1,0,0.983,FN
1,1,0.5700036184031987,TP
1,1,0.5700036184031987,TP
1,1,0.5700036184031987,TP
1,1,0.5700036184031987,TP
1,0,0.983,FN
1,0,0.5837539290001151,FN
1,0,0.5986096853730425,FN
1,0,0.5704295444294619,FN
1,0,0.5703773056234918,FN
1,0,0.599508561777537,FN
1,0,0.5887961614327836,FN
1,1,0.5800036184031987,TP
1,1,0.5800036184031987,TP
1,1,0.5500036184031987,TP
1,0,0.983,FN
1,1,0.5500036184031987,TP
1,1,0.5700036184031987,TP
1,1,0.71,TP
1,1,0.5700036184031987,TP
1,0,0.5705026091829424,FN
1,0,0.5834102403393874,FN
1,0,0.5703773056234918,FN
1,0,0.6121506383962493,FN
1,0,0.5805026091829424,FN
1,0,0.5837539290001151,FN
1,0,0.6038467168276218,FN
1,0,0.5834102403393874,FN
1,1,0.5800036184031987,TP
1,1,0.5500036184031987,TP
1,1,0.69,TP
1,1,0.6600036184031987,TP
1,1,0.6800036184031987,TP
1,1,0.69,TP
1,1,0.6900036184031987,TP
1,1,0.6600036184031987,TP
1,1,0.69,TP
1,1,0.7,TP
1,1,0.69,TP
1,1,0.5700036184031987,TP
1,1,0.6600036184031987,TP
1,1,0.69,TP
1,1,0.69,TP
1,1,0.67,TP
1,1,0.69,TP
1,1,0.69,TP
1,0,0.983,FN
1,1,0.69,TP
1,0,0.983,FN
1,0,0.983,FN
1,1,0.6800036184031987,TP
1,1,0.5700036184031987,TP
1,0,0.983,FN
1,1,0.6800036184031987,TP
1,0,0.983,FN
1,1,0.6800036184031987,TP
1,1,0.6800036184031987,TP
1,1,0.67,TP
1,1,0.6600036184031987,TP
1,1,0.6800036184031987,TP
1,1,0.6600036184031987,TP
1,0,0.983,FN
1,0,0.983,FN
1,0,0.983,FN
1,0,0.983,FN
1,1,0.6600036184031987,TP
1,0,0.983,FN
1,1,0.6600036184031987,TP
1,0,0.983,FN
1,0,0.983,FN
1,1,0.5500036184031987,TP
1,0,0.983,FN
1,1,0.6600036184031987,TP
1,1,0.5500036184031987,TP
1,0,0.983,FN
1,0,0.983,FN
1,1,0.6700036184031987,TP
1,1,0.6800036184031987,TP
1,1,0.5700036184031987,TP
1,0,0.983,FN
1,1,0.6800036184031987,TP
1,0,0.983,FN
1,1,0.6800036184031987,TP
1,0,0.983,FN
1,0,0.983,FN
1,1,0.69,TP
1,1,0.71,TP
1,1,0.5700036184031987,TP
1,1,0.6800036184031987,TP
1,1,0.5700036184031987,TP
1,1,0.6800036184031987,TP
1,0,0.983,FN
1,0,0.983,FN
1,1,0.69,TP
1,0,0.983,FN
1,0,0.983,FN
1,1,0.71,TP
1,0,0.983,FN
1,0,0.983,FN
1,1,0.6800036184031987,TP
1,1,0.5500036184031987,TP
1,0,0.983,FN
1,1,0.7,TP
1,1,0.69,TP
1,1,0.6800036184031987,TP
1,0,0.983,FN
1,1,0.5500036184031987,TP
1,0,0.983,FN
1,0,0.983,FN
1,1,0.69,TP
1,0,0.983,FN
1,0,0.983,FN
1,0,0.983,FN
1,1,0.69,TP
1,1,0.6700036184031987,TP
1,1,0.5900036184031987,TP
1,0,0.983,FN
1,1,0.69,TP
1,0,0.983,FN
1,0,0.983,FN
1,1,0.69,TP
1,1,0.69,TP
1,1,0.6800036184031987,TP
1,1,0.5700036184031987,TP
1,0,0.983,FN
1,1,0.69,TP
1,1,0.67,TP
1,0,0.983,FN
1,1,0.69,TP
1,0,0.983,FN
1,1,0.67,TP
1,0,0.983,FN
1,0,0.983,FN
1,0,0.983,FN
1,1,0.7,TP
1,0,0.983,FN
1,1,0.69,TP
1,1,0.69,TP
1,0,0.983,FN
1,0,0.983,FN
1,0,0.983,FN
1,0,0.983,FN
1,1,0.7,TP
1,0,0.983,FN
1,1,0.5700036184031987,TP
1,0,0.983,FN
1,0,0.983,FN
1,1,0.69,TP
1,0,0.983,FN
1,1,0.5900036184031987,TP
1,1,0.69,TP
1,1,0.6900036184031987,TP
1,0,0.983,FN
1,0,0.983,FN
1,1,0.69,TP
1,0,0.983,FN
1,0,0.983,FN
1,0,0.983,FN
1,1,0.69,TP
1,1,0.5700036184031987,TP
1,0,0.983,FN
1,0,0.983,FN
1,0,0.983,FN
1,0,0.983,FN
1,0,0.983,FN
1,1,0.5700036184031987,TP
1,0,0.983,FN
1,1,0.6800036184031987,TP
1,1,0.69,TP
1,1,0.69,TP
1,0,0.983,FN
1,0,0.983,FN
1,1,0.7,TP
1,0,0.983,FN
1,1,0.5900036184031987,TP
1,0,0.56,FN
1,0,0.56,FN
1,0,0.56,FN
1,0,0.56,FN
1,0,0.56,FN
1,0,0.56,FN
1,0,0.56,FN
1,0,0.57,FN
1,0,0.56,FN
1,0,0.56,FN
1,0,0.56,FN
1,0,0.56,FN
1,0,0.56,FN
1,0,0.56,FN
1,0,0.56,FN
1,0,0.56,FN
1,0,0.56,FN
1,0,0.56,FN
1,0,0.56,FN
1,0,0.56,FN
1,0,0.56,FN
1,0,0.56,FN
1,0,0.56,FN
1,0,0.56,FN
1,0,0.56,FN
1,0,0.56,FN
1,0,0.56,FN
1,0,0.56,FN
1,0,0.56,FN
1,0,0.56,FN
1,0,0.57,FN
1,0,0.56,FN
1,0,0.56,FN
1,0,0.56,FN
1,0,0.56,FN
1,0,0.983,FN
1,1,0.6800036184031987,TP
1,1,0.7,TP
1,1,0.5800036184031987,TP
1,0,0.983,FN
1,0,0.983,FN
1,1,0.6600036184031987,TP
1,1,0.69,TP
1,0,0.983,FN
1,0,0.983,FN
1,0,0.983,FN
1,0,0.983,FN
1,1,0.69,TP
1,0,0.983,FN
1,0,0.983,FN
1,0,0.983,FN
1,1,0.5900036184031987,TP
1,0,0.983,FN
1,0,0.983,FN
1,0,0.983,FN
1,0,0.983,FN
1,1,0.5800036184031987,TP
1,0,0.983,FN
1,1,0.5700036184031987,TP
1,0,0.983,FN
1,1,0.6800036184031987,TP
1,0,0.983,FN
1,1,0.5700036184031987,TP
1,0,0.983,FN
1,0,0.983,FN
1,0,0.983,FN
1,1,0.6800036184031987,TP
1,1,0.69,TP
1,1,0.5700036184031987,TP
1,0,0.983,FN
1,1,0.5900036184031987,TP
1,0,0.983,FN
1,0,0.983,FN
1,1,0.6900036184031987,TP
1,1,0.5500036184031987,TP
1,0,0.983,FN
1,0,0.983,FN
1,1,0.6800036184031987,TP
1,1,0.69,TP
1,0,0.983,FN
1,0,0.983,FN
1,1,0.6800036184031987,TP
1,1,0.69,TP
1,0,0.983,FN
1,0,0.983,FN
1,0,0.983,FN
1,1,0.5700036184031987,TP
1,0,0.983,FN
1,0,0.983,FN
1,1,0.5700036184031987,TP
1,1,0.71,TP
1,0,0.983,FN
1,1,0.6800036184031987,TP
1,0,0.983,FN
1,0,0.983,FN
1,0,0.983,FN
1,0,0.983,FN
1,0,0.983,FN
1,0,0.983,FN
1,1,0.5700036184031987,TP
1,1,0.5700036184031987,TP
1,0,0.983,FN
1,0,0.983,FN
1,0,0.983,FN
1,1,0.5700036184031987,TP
1,1,0.6700036184031987,TP
1,0,0.983,FN
1,1,0.6800036184031987,TP
1,0,0.983,FN
1,1,0.6700036184031987,TP
1,1,0.6800036184031987,TP
1,0,0.57,FN
1,0,0.57,FN
1,0,0.57,FN
1,0,0.57,FN
1,0,0.57,FN
1,0,0.57,FN
1,0,0.57,FN
1,0,0.57,FN
1,0,0.57,FN
1,0,0.57,FN
1,0,0.57,FN
1,0,0.57,FN
1,0,0.57,FN
1,0,0.57,FN
1,0,0.57,FN
1,0,0.57,FN
1,0,0.57,FN
1,0,0.57,FN
1,0,0.57,FN
1,0,0.57,FN
1,0,0.57,FN
1,0,0.57,FN
1,0,0.57,FN
1,0,0.57,FN
1,0,0.57,FN
1,0,0.57,FN
1,0,0.57,FN
1,0,0.983,FN
1,0,0.983,FN
1,1,0.6500036184031986,TP
1,1,0.6800036184031987,TP
1,0,0.983,FN
1,0,0.6034142305328115,FN
1,0,0.5705178396075998,FN
1,0,0.6088301387344894,FN
1,0,0.5705178396075998,FN
1,0,0.6177190276233783,FN
1,0,0.6088301387344894,FN
1,0,0.6918720859691878,FN
1,0,0.5805026091829424,FN
1,0,0.6088301387344894,FN
1,1,0.67,TP
1,0,0.983,FN
1,1,0.6600036184031987,TP
1,1,0.6600036184031987,TP
1,0,0.983,FN
1,1,0.5700036184031987,TP
1,0,0.983,FN
1,0,0.983,FN
1,0,0.983,FN
1,1,0.6800036184031987,TP
1,0,0.983,FN
1,0,0.983,FN
1,1,0.69,TP
1,1,0.7000036184031987,TP
1,1,0.5700036184031987,TP
1,1,0.69,TP
1,1,0.69,TP
1,0,0.983,FN
1,1,0.5800036184031987,TP
1,1,0.69,TP
1,0,0.983,FN
1,0,0.983,FN
1,1,0.69,TP
1,0,0.983,FN
1,0,0.983,FN
1,0,0.983,FN
1,1,0.6800036184031987,TP
1,0,0.983,FN
1,0,0.983,FN
1,0,0.983,FN
1,0,0.983,FN
1,0,0.983,FN
1,1,0.6600036184031987,TP
1,1,0.5700036184031987,TP
1,1,0.5700036184031987,TP
1,0,0.983,FN
1,0,0.983,FN
1,0,0.983,FN
1,0,0.983,FN
1,0,0.983,FN
1,1,0.69,TP
1,1,0.5700036184031987,TP
1,1,0.5700036184031987,TP
1,0,0.983,FN
1,1,0.5500036184031987,TP
1,0,0.983,FN
1,1,0.5700036184031987,TP
1,1,0.69,TP
1,0,0.983,FN
1,1,0.5500036184031987,TP
1,0,0.983,FN
1,0,0.983,FN
1,0,0.983,FN
1,1,0.6800036184031987,TP
1,0,0.983,FN
1,1,0.5700036184031987,TP
1,1,0.69,TP
1,0,0.983,FN
1,0,0.983,FN
1,1,0.5700036184031987,TP
1,1,0.6800036184031987,TP
1,0,0.983,FN
1,1,0.5900036184031987,TP
1,0,0.983,FN
1,0,0.983,FN
1,0,0.983,FN
1,0,0.983,FN
1,0,0.983,FN
1,1,0.6800036184031987,TP
1,1,0.6800036184031987,TP
1,1,0.6800036184031987,TP
1,0,0.983,FN
1,0,0.983,FN
1,1,0.67,TP
1,1,0.6800036184031987,TP
1,1,0.6600036184031987,TP
1,0,0.983,FN
1,0,0.983,FN
1,1,0.6600036184031987,TP
1,1,0.69,TP
1,0,0.983,FN
1,0,0.983,FN
1,1,0.5700036184031987,TP
1,0,0.983,FN
1,1,0.69,TP
1,1,0.6600036184031987,TP
1,1,0.69,TP
1,0,0.983,FN
1,0,0.983,FN
1,0,0.983,FN
1,0,0.983,FN
1,1,0.5700036184031987,TP
1,1,0.69,TP
1,0,0.983,FN
1,1,0.7,TP
1,0,0.6177203144590494,FN
1,1,0.6800036184031987,TP
1,1,0.69,TP
1,1,0.69,TP
1,1,0.69,TP
1,1,0.5700036184031987,TP
1,0,0.983,FN
1,0,0.983,FN
1,1,0.69,TP
1,1,0.69,TP
1,0,0.983,FN
1,1,0.69,TP
1,0,0.983,FN
1,0,0.983,FN
1,0,0.983,FN
1,0,0.983,FN
1,1,0.69,TP
1,0,0.983,FN
1,0,0.983,FN
1,0,0.983,FN
1,1,0.6800036184031987,TP
1,0,0.983,FN
1,0,0.983,FN
1,0,0.983,FN
1,1,0.67,TP
1,0,0.983,FN
1,1,0.5700036184031987,TP
1,0,0.983,FN
1,0,0.983,FN
1,1,0.5800036184031987,TP
1,0,0.983,FN
1,1,0.5700036184031987,TP
1,1,0.5700036184031987,TP
1,0,0.983,FN
1,0,0.983,FN
1,0,0.983,FN
1,1,0.7000036184031987,TP
1,0,0.983,FN
1,1,0.5700036184031987,TP
1,1,0.7,TP
1,0,0.983,FN
1,1,0.5800036184031987,TP
1,0,0.983,FN
1,0,0.983,FN
1,0,0.983,FN
1,1,0.5700036184031987,TP
1,0,0.983,FN
1,1,0.5500036184031987,TP
1,1,0.5800036184031987,TP
1,0,0.983,FN
1,0,0.983,FN
1,0,0.983,FN
1,0,0.983,FN
1,1,0.5700036184031987,TP
1,1,0.67,TP
1,1,0.5700036184031987,TP
1,0,0.983,FN
1,1,0.5800036184031987,TP
1,0,0.983,FN
1,1,0.5800036184031987,TP
1,1,0.5600036184031987,TP
1,1,0.67,TP
1,0,0.983,FN
1,0,0.983,FN
1,1,0.5900036184031987,TP
1,0,0.983,FN
1,0,0.983,FN
1,1,0.5700036184031987,TP
1,1,0.5700036184031987,TP
1,0,0.983,FN
1,0,0.983,FN
1,0,0.983,FN
1,0,0.983,FN
1,1,0.5700036184031987,TP
1,1,0.6800036184031987,TP
1,0,0.983,FN
1,0,0.983,FN
1,1,0.6800036184031987,TP
1,1,0.5700036184031987,TP
1,1,0.69,TP
1,0,0.983,FN
1,1,0.5700036184031987,TP
1,0,0.983,FN
1,1,0.6800036184031987,TP
1,0,0.983,FN
1,0,0.983,FN
1,1,0.5700036184031987,TP
1,0,0.983,FN
1,0,0.983,FN
1,0,0.983,FN
1,1,0.5700036184031987,TP
1,0,0.983,FN
1,0,0.983,FN
1,1,0.5900036184031987,TP
1,0,0.983,FN
1,1,0.5900036184031987,TP
1,1,0.6900036184031987,TP
1,0,0.983,FN
1,0,0.983,FN
1,1,0.5700036184031987,TP
1,1,0.6800036184031987,TP
1,0,0.983,FN
1,1,0.5500036184031987,TP
1,0,0.983,FN
1,1,0.6600036184031987,TP
1,0,0.983,FN
1,0,0.983,FN
1,0,0.983,FN
1,0,0.983,FN
1,1,0.5500036184031987,TP
1,0,0.983,FN
1,1,0.6800036184031987,TP
1,1,0.5500036184031987,TP
1,0,0.983,FN
1,1,0.6700036184031987,TP
1,0,0.57,FN
1,0,0.57,FN
1,0,0.57,FN
1,0,0.57,FN
1,0,0.57,FN
1,0,0.57,FN
1,0,0.57,FN
1,0,0.57,FN
1,0,0.57,FN
1,0,0.57,FN
1,0,0.57,FN
1,0,0.58,FN
1,0,0.57,FN
1,0,0.57,FN
1,0,0.57,FN
1,0,0.57,FN
1,0,0.57,FN
1,0,0.57,FN
1,0,0.57,FN
1,0,0.57,FN
1,0,0.57,FN
1,0,0.57,FN
1,0,0.57,FN
1,0,0.57,FN
1,0,0.57,FN
1,0,0.57,FN
1,0,0.57,FN
1,0,0.57,FN
1,0,0.57,FN
1,0,0.57,FN
1,0,0.57,FN
1,0,0.57,FN
1,0,0.57,FN
1,0,0.57,FN
1,0,0.58,FN
1,0,0.58,FN
1,0,0.57,FN
1,0,0.57,FN
1,0,0.57,FN
1,0,0.57,FN
1,0,0.58,FN
1,0,0.57,FN
1,1,0.5800036184031987,TP
1,1,0.6800036184031987,TP
1,1,0.6500036184031986,TP
1,0,0.5887961614327836,FN
1,0,0.5737539290001151,FN
1,0,0.5887961614327836,FN
1,0,0.983,FN
1,1,0.6800036184031987,TP
1,1,0.6800036184031987,TP
1,1,0.69,TP
1,1,0.69,TP
1,0,0.983,FN
1,0,0.983,FN
1,0,0.983,FN
1,1,0.6800036184031987,TP
1,0,0.983,FN
1,1,0.5700036184031987,TP
1,0,0.983,FN
1,0,0.983,FN
1,0,0.983,FN
1,0,0.983,FN
1,1,0.5900036184031987,TP
1,1,0.5900036184031987,TP
1,0,0.983,FN
1,0,0.983,FN
1,1,0.5700036184031987,TP
1,1,0.5700036184031987,TP
1,0,0.983,FN
1,1,0.69,TP
1,1,0.6600036184031987,TP
1,1,0.5800036184031987,TP
1,1,0.6600036184031987,TP
1,1,0.69,TP
1,0,0.983,FN
1,0,0.983,FN
1,0,0.983,FN
1,1,0.69,TP
1,0,0.5827172608358419,FN
1,0,0.5802605356615333,FN
1,0,0.5827172608358419,FN
1,0,0.5874702734892486,FN
1,1,0.5800036184031987,TP
1,0,0.983,FN
1,0,0.983,FN
1,0,0.57,FN
1,0,0.57,FN
1,0,0.57,FN
1,0,0.57,FN
1,0,0.57,FN
1,0,0.57,FN
1,0,0.57,FN
1,0,0.57,FN
1,0,0.57,FN
1,0,0.57,FN
1,0,0.57,FN
1,0,0.57,FN
1,0,0.57,FN
1,0,0.57,FN
1,0,0.57,FN
1,0,0.57,FN
1,0,0.57,FN
1,0,0.57,FN
1,0,0.57,FN
1,0,0.57,FN
1,0,0.57,FN
1,0,0.57,FN
1,0,0.57,FN
1,0,0.57,FN
1,0,0.57,FN
1,0,0.58,FN
1,0,0.57,FN
1,0,0.57,FN
1,0,0.57,FN
1,0,0.57,FN
1,0,0.57,FN
1,0,0.57,FN
1,0,0.57,FN
1,0,0.57,FN
1,0,0.57,FN
1,0,0.57,FN
1,0,0.57,FN
1,0,0.57,FN
1,0,0.57,FN
1,0,0.57,FN
1,0,0.57,FN
1,0,0.57,FN
1,0,0.57,FN
1,0,0.57,FN
1,0,0.57,FN
1,0,0.57,FN
1,0,0.57,FN
1,0,0.57,FN
1,0,0.57,FN
1,0,0.57,FN
1,1,0.5700036184031987,TP
1,1,0.6800036184031987,TP
1,0,0.983,FN
1,0,0.983,FN
1,1,0.5700036184031987,TP
1,1,0.5700036184031987,TP
1,1,0.69,TP
1,1,0.6700036184031987,TP
1,1,0.6800036184031987,TP
1,0,0.983,FN
1,0,0.983,FN
1,1,0.6000036184031987,TP
1,0,0.57,FN
1,0,0.57,FN
1,0,0.57,FN
1,0,0.57,FN
1,0,0.57,FN
1,0,0.57,FN
1,0,0.58,FN
1,0,0.58,FN
1,0,0.57,FN
1,0,0.57,FN
1,0,0.57,FN
1,0,0.57,FN
1,0,0.57,FN
1,0,0.57,FN
1,0,0.57,FN
1,0,0.57,FN
1,0,0.57,FN
1,0,0.57,FN
1,0,0.57,FN
1,0,0.57,FN
1,0,0.57,FN
1,0,0.57,FN
1,0,0.57,FN
1,0,0.57,FN
1,0,0.57,FN
1,0,0.57,FN
1,0,0.57,FN
1,0,0.57,FN
1,0,0.58,FN
1,0,0.57,FN
1,0,0.58,FN
1,0,0.57,FN
1,0,0.57,FN
1,0,0.57,FN
1,0,0.57,FN
1,0,0.58,FN
1,0,0.57,FN
1,0,0.57,FN
1,0,0.57,FN
1,0,0.57,FN
1,0,0.58,FN
1,0,0.57,FN
1,0,0.57,FN
1,0,0.57,FN
1,0,0.58,FN
1,0,0.57,FN
1,0,0.57,FN
1,0,0.57,FN
1,0,0.57,FN
1,1,0.6800036184031987,TP
1,0,0.983,FN
1,0,0.983,FN
1,1,0.5700036184031987,TP
1,1,0.69,TP
1,1,0.5500036184031987,TP
1,1,0.5500036184031987,TP
1,0,0.983,FN
1,1,0.69,TP
1,1,0.5700036184031987,TP
1,0,0.983,FN
1,0,0.5833823073784935,FN
1,0,0.6121506383962493,FN
1,1,0.5700036184031987,TP
1,1,0.5700036184031987,TP
1,1,0.69,TP
1,1,0.5700036184031987,TP
1,0,0.983,FN
1,1,0.6800036184031987,TP
1,1,0.6800036184031987,TP
1,1,0.6800036184031987,TP
1,1,0.69,TP
1,1,0.6800036184031987,TP
1,1,0.67,TP
1,1,0.5700036184031987,TP
1,1,0.67,TP
1,1,0.6500036184031986,TP
1,1,0.6800036184031987,TP
1,1,0.69,TP
1,1,0.6800036184031987,TP
1,1,0.69,TP
1,1,0.5700036184031987,TP
1,1,0.5700036184031987,TP
1,0,0.983,FN
1,0,0.57,FN
1,0,0.57,FN
1,0,0.57,FN
1,0,0.57,FN
1,0,0.57,FN
1,0,0.57,FN
1,0,0.58,FN
1,0,0.58,FN
1,0,0.57,FN
1,0,0.57,FN
1,0,0.57,FN
1,0,0.57,FN
1,0,0.57,FN
1,0,0.57,FN
1,0,0.57,FN
1,0,0.57,FN
1,0,0.57,FN
1,0,0.57,FN
1,0,0.57,FN
1,0,0.57,FN
1,1,0.5700036184031987,TP
1,1,0.5700036184031987,TP
1,0,0.983,FN
1,1,0.5500036184031987,TP
1,0,0.983,FN
1,1,0.5700036184031987,TP
1,1,0.5700036184031987,TP
1,1,0.5900036184031987,TP
1,0,0.983,FN
1,1,0.5700036184031987,TP
1,1,0.5900036184031987,TP
1,0,0.983,FN
1,1,0.5800036184031987,TP
1,0,0.983,FN
1,1,0.5700036184031987,TP
1,1,0.5700036184031987,TP
1,0,0.983,FN
1,1,0.5700036184031987,TP
1,1,0.5700036184031987,TP
1,1,0.5700036184031987,TP
1,0,0.983,FN
1,1,0.5900036184031987,TP
1,1,0.5900036184031987,TP
1,1,0.69,TP
1,0,0.5989650835166674,FN
1,0,0.5853839275025084,FN
1,0,0.5938319642329618,FN
1,0,0.5827172608358419,FN
1,0,0.589508561777537,FN
1,1,0.5900036184031987,TP
1,1,0.69,TP
1,1,0.5900036184031987,TP
1,1,0.69,TP
1,1,0.5700036184031987,TP
1,1,0.69,TP
1,1,0.6800036184031987,TP
1,1,0.5700036184031987,TP
1,1,0.67,TP
1,1,0.5800036184031987,TP
1,0,0.983,FN
1,1,0.5500036184031987,TP
1,1,0.69,TP
1,1,0.6600036184031987,TP
1,1,0.69,TP
1,1,0.5500036184031987,TP
1,1,0.5700036184031987,TP
1,1,0.69,TP
1,0,0.983,FN
1,1,0.5700036184031987,TP
1,1,0.69,TP
1,1,0.5700036184031987,TP
1,0,0.983,FN
1,1,0.5700036184031987,TP
1,0,0.983,FN
1,1,0.5900036184031987,TP
1,1,0.5800036184031987,TP
1,1,0.69,TP
1,1,0.5500036184031987,TP
1,1,0.5500036184031987,TP
1,1,0.6600036184031987,TP
1,1,0.69,TP
1,0,0.983,FN
1,1,0.69,TP
1,1,0.5500036184031987,TP
1,1,0.6800036184031987,TP
1,0,0.983,FN
1,1,0.69,TP
1,1,0.6500036184031986,TP
1,1,0.5700036184031987,TP
1,0,0.983,FN
1,1,0.6800036184031987,TP
1,1,0.67,TP
1,1,0.5900036184031987,TP
1,1,0.6800036184031987,TP
1,1,0.6800036184031987,TP
1,1,0.67,TP
1,1,0.6600036184031987,TP
1,0,0.983,FN
1,1,0.6800036184031987,TP
1,1,0.69,TP
1,1,0.6800036184031987,TP
1,1,0.6800036184031987,TP
1,1,0.69,TP
1,1,0.6800036184031987,TP
1,0,0.983,FN
1,1,0.6800036184031987,TP
1,0,0.983,FN
1,1,0.6800036184031987,TP
1,0,0.983,FN
1,1,0.5700036184031987,TP
1,1,0.6800036184031987,TP
1,1,0.69,TP
1,1,0.5700036184031987,TP
1,1,0.6800036184031987,TP
1,1,0.6600036184031987,TP
1,1,0.69,TP
1,0,0.983,FN
1,1,0.5700036184031987,TP
1,1,0.7,TP
1,0,0.983,FN
1,1,0.5600036184031987,TP
1,1,0.7,TP
1,1,0.6800036184031987,TP
1,1,0.67,TP
1,1,0.6800036184031987,TP
1,1,0.69,TP
1,0,0.983,FN
1,1,0.6800036184031987,TP
1,0,0.983,FN
1,1,0.69,TP
1,1,0.6800036184031987,TP
1,1,0.69,TP
1,0,0.983,FN
1,1,0.5700036184031987,TP
1,0,0.983,FN
1,0,0.983,FN
1,1,0.5700036184031987,TP
1,0,0.983,FN
1,1,0.6800036184031987,TP
1,1,0.6600036184031987,TP
1,1,0.69,TP
1,1,0.6800036184031987,TP
1,0,0.983,FN
1,1,0.5500036184031987,TP
1,1,0.7,TP
1,0,0.983,FN
1,1,0.69,TP
1,1,0.5500036184031987,TP
1,0,0.983,FN
1,1,0.69,TP
1,0,0.983,FN
1,0,0.983,FN
1,1,0.69,TP
1,1,0.5800036184031987,TP
1,0,0.983,FN
1,0,0.983,FN
1,0,0.983,FN
1,1,0.5900036184031987,TP
1,0,0.983,FN
1,1,0.6800036184031987,TP
1,0,0.983,FN
1,0,0.983,FN
1,0,0.983,FN
1,1,0.5700036184031987,TP
1,1,0.6800036184031987,TP
1,0,0.983,FN
1,0,0.983,FN
1,1,0.5500036184031987,TP
1,1,0.6600036184031987,TP
1,1,0.6600036184031987,TP
1,0,0.983,FN
1,0,0.983,FN
1,1,0.6600036184031987,TP
1,1,0.6700036184031987,TP
1,0,0.983,FN
1,0,0.983,FN
1,1,0.6700036184031987,TP
1,0,0.983,FN
1,1,0.5500036184031987,TP
1,0,0.983,FN
1,0,0.983,FN
1,0,0.983,FN
1,0,0.983,FN
1,1,0.5700036184031987,TP
1,0,0.983,FN
1,1,0.5700036184031987,TP
1,1,0.6800036184031987,TP
1,1,0.5700036184031987,TP
1,0,0.983,FN
1,1,0.5700036184031987,TP
1,0,0.983,FN
1,1,0.5700036184031987,TP
1,0,0.983,FN
1,0,0.983,FN
1,1,0.5900036184031987,TP
1,1,0.5800036184031987,TP
1,0,0.983,FN
1,0,0.983,FN
1,0,0.983,FN
1,0,0.983,FN
1,0,0.983,FN
1,1,0.5700036184031987,TP
1,0,0.983,FN
1,1,0.5800036184031987,TP
1,1,0.6800036184031987,TP
1,1,0.5700036184031987,TP
1,0,0.983,FN
1,0,0.983,FN
1,0,0.983,FN
1,1,0.5500036184031987,TP
1,1,0.5500036184031987,TP
1,1,0.6600036184031987,TP
1,0,0.983,FN
1,0,0.983,FN
1,0,0.983,FN
1,1,0.6600036184031987,TP
1,1,0.5500036184031987,TP
1,0,0.983,FN
1,0,0.983,FN
1,0,0.983,FN
1,0,0.983,FN
1,0,0.983,FN
1,1,0.5500036184031987,TP
1,0,0.983,FN
1,0,0.983,FN
1,1,0.6700036184031987,TP
1,0,0.57,FN
1,0,0.57,FN
1,0,0.57,FN
1,0,0.57,FN
1,0,0.57,FN
1,0,0.57,FN
1,0,0.57,FN
1,0,0.57,FN
1,0,0.57,FN
1,0,0.57,FN
1,0,0.57,FN
1,0,0.57,FN
1,0,0.57,FN
1,0,0.57,FN
1,0,0.57,FN
1,0,0.57,FN
1,0,0.57,FN
1,0,0.57,FN
1,0,0.57,FN
1,0,0.57,FN
1,0,0.57,FN
1,0,0.57,FN
1,0,0.57,FN
1,0,0.57,FN
1,0,0.57,FN
1,0,0.58,FN
1,0,0.57,FN
1,1,0.5700036184031987,TP
1,0,0.983,FN
1,1,0.6800036184031987,TP
1,1,0.5800036184031987,TP
1,0,0.983,FN
1,1,0.6800036184031987,TP
1,1,0.6800036184031987,TP
1,1,0.69,TP
1,0,0.983,FN
1,0,0.983,FN
1,1,0.6800036184031987,TP
1,0,0.983,FN
1,0,0.983,FN
1,1,0.69,TP
1,0,0.983,FN
1,1,0.5700036184031987,TP
1,0,0.983,FN
1,0,0.983,FN
1,1,0.6800036184031987,TP
1,0,0.983,FN
1,0,0.983,FN
1,1,0.6800036184031987,TP
1,0,0.983,FN
1,1,0.69,TP
1,1,0.6800036184031987,TP
1,0,0.983,FN
1,1,0.6800036184031987,TP
1,1,0.6800036184031987,TP
1,0,0.983,FN
1,1,0.69,TP
1,0,0.983,FN
1,0,0.983,FN
1,0,0.983,FN
1,0,0.6071706326982887,FN
1,0,0.6171706326982886,FN
1,0,0.589508561777537,FN
1,0,0.589508561777537,FN
1,0,0.5902605356615332,FN
1,0,0.983,FN
1,1,0.6800036184031987,TP
1,1,0.69,TP
1,0,0.983,FN
1,1,0.5900036184031987,TP
1,0,0.983,FN
1,0,0.983,FN
1,1,0.5800036184031987,TP
1,0,0.983,FN
1,0,0.983,FN
1,1,0.5700036184031987,TP
1,0,0.983,FN
1,1,0.6900036184031987,TP
1,1,0.67,TP
1,0,0.983,FN
1,1,0.5800036184031987,TP
1,0,0.983,FN
1,0,0.983,FN
1,0,0.983,FN
1,1,0.6700036184031987,TP
1,0,0.983,FN
1,0,0.5833374587384563,FN
1,0,0.5833823073784935,FN
1,1,0.5700036184031987,TP
1,1,0.67,TP
1,1,0.6800036184031987,TP
1,1,0.69,TP
1,1,0.6800036184031987,TP
1,1,0.67,TP
1,1,0.6800036184031987,TP
1,1,0.69,TP
1,0,0.983,FN
1,1,0.69,TP
1,0,0.983,FN
1,1,0.67,TP
1,1,0.69,TP
1,0,0.983,FN
1,0,0.983,FN
1,0,0.983,FN
1,0,0.983,FN
1,0,0.983,FN
1,1,0.69,TP
1,1,0.69,TP
1,1,0.69,TP
1,0,0.983,FN
1,0,0.983,FN
1,1,0.5700036184031987,TP
1,0,0.983,FN
1,0,0.983,FN
1,0,0.983,FN
1,0,0.983,FN
1,0,0.983,FN
1,0,0.983,FN
1,0,0.983,FN
1,0,0.983,FN
1,1,0.69,TP
1,1,0.5800036184031987,TP
1,1,0.6800036184031987,TP
1,0,0.983,FN
1,1,0.6600036184031987,TP
1,1,0.5500036184031987,TP
1,0,0.983,FN
1,1,0.71,TP
1,0,0.983,FN
1,1,0.5800036184031987,TP
1,0,0.983,FN
1,1,0.69,TP
1,1,0.5700036184031987,TP
1,1,0.7000036184031987,TP
1,0,0.983,FN
1,0,0.983,FN
1,1,0.69,TP
1,1,0.69,TP
1,0,0.983,FN
1,0,0.983,FN
1,0,0.983,FN
1,1,0.5700036184031987,TP
1,0,0.983,FN
1,0,0.983,FN
1,0,0.983,FN
1,0,0.983,FN
1,1,0.5800036184031987,TP
1,1,0.69,TP
1,1,0.5600036184031987,TP
1,0,0.983,FN
1,0,0.983,FN
1,0,0.983,FN
1,1,0.5800036184031987,TP
1,1,0.5700036184031987,TP
1,0,0.983,FN
1,1,0.5700036184031987,TP
1,0,0.983,FN
1,0,0.983,FN
1,0,0.983,FN
1,0,0.983,FN
1,1,0.5500036184031987,TP
1,0,0.983,FN
1,1,0.5800036184031987,TP
1,1,0.6800036184031987,TP
1,0,0.983,FN
1,0,0.983,FN
1,1,0.5700036184031987,TP
1,0,0.983,FN
1,1,0.5700036184031987,TP
1,1,0.69,TP
1,1,0.5900036184031987,TP
1,1,0.6800036184031987,TP
1,0,0.983,FN
1,1,0.69,TP
1,1,0.5500036184031987,TP
1,1,0.6800036184031987,TP
1,0,0.983,FN
1,1,0.67,TP
1,0,0.983,FN
1,1,0.69,TP
1,0,0.983,FN
1,1,0.5700036184031987,TP
1,1,0.69,TP
1,0,0.983,FN
1,0,0.983,FN
1,1,0.69,TP
1,0,0.983,FN
1,0,0.983,FN
1,1,0.5500036184031987,TP
1,0,0.983,FN
1,1,0.69,TP
1,0,0.983,FN
1,1,0.6500036184031986,TP
1,1,0.69,TP
1,0,0.983,FN
1,1,0.5700036184031987,TP
1,0,0.5879934102623854,FN
1,0,0.5737539290001151,FN
1,1,0.6800036184031987,TP
1,1,0.69,TP
1,0,0.983,FN
1,0,0.983,FN
1,0,0.983,FN
1,0,0.983,FN
1,1,0.69,TP
1,1,0.5700036184031987,TP
1,1,0.6800036184031987,TP
1,0,0.983,FN
1,1,0.6800036184031987,TP
1,0,0.983,FN
1,1,0.69,TP
1,1,0.6800036184031987,TP
1,1,0.69,TP
1,1,0.69,TP
1,1,0.69,TP
1,0,0.983,FN
1,0,0.983,FN
1,0,0.983,FN
1,1,0.5700036184031987,TP
1,0,0.983,FN
1,1,0.69,TP
1,1,0.69,TP
1,1,0.6800036184031987,TP
1,0,0.983,FN
1,1,0.69,TP
1,1,0.69,TP
1,0,0.983,FN
1,0,0.983,FN
1,0,0.983,FN
1,0,0.983,FN
1,1,0.69,TP
1,0,0.983,FN
1,1,0.6800036184031987,TP
1,0,0.983,FN
1,0,0.983,FN
1,0,0.983,FN
1,1,0.5700036184031987,TP
1,0,0.983,FN
1,1,0.5700036184031987,TP
1,1,0.6800036184031987,TP
1,0,0.983,FN
1,1,0.69,TP
1,1,0.5700036184031987,TP
1,0,0.983,FN
1,0,0.983,FN
1,1,0.69,TP
1,1,0.5500036184031987,TP
1,0,0.983,FN
1,1,0.5700036184031987,TP
1,1,0.69,TP
1,1,0.5500036184031987,TP
1,1,0.6600036184031987,TP
1,0,0.983,FN
1,0,0.983,FN
1,0,0.983,FN
1,1,0.6800036184031987,TP
1,0,0.983,FN
1,0,0.983,FN
1,1,0.7000036184031987,TP
1,1,0.69,TP
1,1,0.6800036184031987,TP
1,0,0.983,FN
1,0,0.983,FN
1,1,0.5700036184031987,TP
1,0,0.983,FN
1,1,0.6600036184031987,TP
1,0,0.983,FN
1,0,0.983,FN
1,0,0.983,FN
1,1,0.6800036184031987,TP
1,1,0.69,TP
1,0,0.983,FN
1,1,0.6600036184031987,TP
1,1,0.5700036184031987,TP
1,0,0.57,FN
1,0,0.57,FN
1,0,0.57,FN
1,0,0.57,FN
1,0,0.57,FN
1,0,0.57,FN
1,0,0.57,FN
1,0,0.57,FN
1,0,0.57,FN
1,0,0.57,FN
1,0,0.57,FN
1,0,0.57,FN
1,0,0.57,FN
1,0,0.57,FN
1,0,0.57,FN
1,0,0.57,FN
1,0,0.57,FN
1,0,0.57,FN
1,0,0.57,FN
1,0,0.57,FN
1,0,0.57,FN
1,0,0.57,FN
1,0,0.57,FN
1,0,0.57,FN
1,0,0.57,FN
1,0,0.57,FN
1,0,0.57,FN
1,0,0.57,FN
1,0,0.57,FN
1,0,0.57,FN
1,0,0.57,FN
1,0,0.57,FN
1,0,0.57,FN
1,0,0.57,FN
1,0,0.57,FN
1,0,0.57,FN
1,0,0.58,FN
1,0,0.57,FN
1,0,0.57,FN
1,0,0.57,FN
1,0,0.57,FN
1,0,0.58,FN
1,0,0.57,FN
1,0,0.57,FN
1,0,0.57,FN
1,0,0.57,FN
1,0,0.57,FN
1,0,0.57,FN
1,0,0.57,FN
1,0,0.57,FN
1,0,0.983,FN
1,1,0.5800036184031987,TP
1,0,0.983,FN
1,1,0.5700036184031987,TP
1,0,0.983,FN
1,1,0.6800036184031987,TP
1,1,0.6800036184031987,TP
1,0,0.983,FN
1,0,0.983,FN
1,0,0.983,FN
1,1,0.6600036184031987,TP
1,0,0.983,FN
1,0,0.983,FN
1,1,0.5700036184031987,TP
1,1,0.6800036184031987,TP
1,1,0.69,TP
1,1,0.5800036184031987,TP
1,0,0.57,FN
1,0,0.57,FN
1,0,0.58,FN
1,0,0.58,FN
1,0,0.57,FN
1,0,0.58,FN
1,0,0.58,FN
1,0,0.58,FN
1,0,0.57,FN
1,0,0.58,FN
1,0,0.57,FN
1,0,0.58,FN
1,0,0.57,FN
1,0,0.57,FN
1,0,0.57,FN
1,0,0.58,FN
1,0,0.57,FN
1,0,0.57,FN
1,0,0.57,FN
1,0,0.57,FN
1,0,0.57,FN
1,0,0.57,FN
1,0,0.58,FN
1,0,0.57,FN
1,0,0.57,FN
1,0,0.57,FN
1,0,0.57,FN
1,0,0.57,FN
1,0,0.57,FN
1,0,0.57,FN
1,0,0.58,FN
1,0,0.57,FN
1,0,0.57,FN
1,0,0.57,FN
1,0,0.57,FN
1,0,0.57,FN
1,0,0.57,FN
1,0,0.57,FN
1,0,0.57,FN
1,0,0.57,FN
1,0,0.57,FN
1,0,0.57,FN
1,0,0.57,FN
1,0,0.57,FN
1,0,0.57,FN
1,0,0.58,FN
1,0,0.57,FN
1,0,0.57,FN
1,0,0.57,FN
1,1,0.5700036184031987,TP
1,1,0.5700036184031987,TP
1,1,0.69,TP
1,0,0.57,FN
1,0,0.57,FN
1,0,0.57,FN
1,0,0.57,FN
1,0,0.57,FN
1,0,0.57,FN
1,0,0.57,FN
1,0,0.57,FN
1,0,0.57,FN
1,0,0.57,FN
1,0,0.57,FN
1,0,0.57,FN
1,0,0.57,FN
1,0,0.57,FN
1,0,0.57,FN
1,0,0.57,FN
1,0,0.57,FN
1,0,0.57,FN
1,0,0.57,FN
1,0,0.57,FN
1,0,0.57,FN
1,0,0.57,FN
1,0,0.57,FN
1,0,0.57,FN
1,0,0.57,FN
1,0,0.58,FN
1,0,0.57,FN
1,0,0.57,FN
1,0,0.57,FN
1,0,0.57,FN
1,0,0.57,FN
1,0,0.57,FN
1,0,0.57,FN
1,0,0.57,FN
1,0,0.57,FN
1,0,0.57,FN
1,0,0.57,FN
1,0,0.57,FN
1,0,0.57,FN
1,0,0.57,FN
1,0,0.57,FN
1,0,0.57,FN
1,0,0.983,FN
1,0,0.983,FN
1,0,0.983,FN
1,1,0.5800036184031987,TP
1,1,0.6500036184031986,TP
1,1,0.69,TP
1,1,0.6800036184031987,TP
1,1,0.6800036184031987,TP
1,1,0.67,TP
1,0,0.983,FN
1,0,0.983,FN
1,1,0.5700036184031987,TP
1,0,0.983,FN
1,1,0.67,TP
1,1,0.5700036184031987,TP
1,1,0.6800036184031987,TP
1,1,0.69,TP
1,1,0.6800036184031987,TP
1,1,0.69,TP
1,1,0.6800036184031987,TP
1,1,0.69,TP
1,1,0.6800036184031987,TP
1,0,0.983,FN
1,0,0.983,FN
1,0,0.983,FN
1,1,0.67,TP
1,1,0.6800036184031987,TP
1,1,0.69,TP
1,0,0.983,FN
1,1,0.5700036184031987,TP
1,0,0.983,FN
1,0,0.983,FN
1,1,0.5700036184031987,TP
1,1,0.6800036184031987,TP
1,1,0.67,TP
1,1,0.6800036184031987,TP
1,0,0.983,FN
1,0,0.983,FN
1,0,0.983,FN
1,1,0.69,TP
1,1,0.5600036184031987,TP
1,1,0.5700036184031987,TP
1,1,0.5700036184031987,TP
1,1,0.6700036184031987,TP
1,0,0.983,FN
1,0,0.57,FN
1,0,0.57,FN
1,0,0.57,FN
1,0,0.57,FN
1,0,0.57,FN
1,0,0.57,FN
1,0,0.57,FN
1,0,0.57,FN
1,0,0.57,FN
1,0,0.57,FN
1,0,0.57,FN
1,0,0.57,FN
1,0,0.57,FN
1,0,0.57,FN
1,0,0.57,FN
1,0,0.57,FN
1,0,0.57,FN
1,0,0.57,FN
1,0,0.58,FN
1,0,0.57,FN
1,1,0.5800036184031987,TP
1,0,0.983,FN
1,0,0.983,FN
1,1,0.5700036184031987,TP
1,1,0.67,TP
1,1,0.6800036184031987,TP
1,1,0.5700036184031987,TP
1,0,0.983,FN
1,0,0.983,FN
1,1,0.5500036184031987,TP
1,0,0.983,FN
1,1,0.5700036184031987,TP
1,1,0.67,TP
1,1,0.5700036184031987,TP
1,1,0.67,TP
1,1,0.5700036184031987,TP
1,1,0.5700036184031987,TP
1,0,0.983,FN
1,0,0.983,FN
1,1,0.6600036184031987,TP
1,1,0.6600036184031987,TP
1,1,0.69,TP
1,0,0.983,FN
1,0,0.983,FN
1,0,0.983,FN
1,1,0.5700036184031987,TP
1,0,0.983,FN
1,0,0.983,FN
1,1,0.5700036184031987,TP
1,0,0.983,FN
1,1,0.5800036184031987,TP
1,1,0.5700036184031987,TP
1,1,0.5700036184031987,TP
1,0,0.983,FN
1,1,0.6800036184031987,TP
1,1,0.6800036184031987,TP
1,0,0.983,FN
1,0,0.983,FN
1,1,0.5800036184031987,TP
1,1,0.5700036184031987,TP
1,0,0.983,FN
1,0,0.983,FN
1,1,0.5800036184031987,TP
1,1,0.5700036184031987,TP
1,0,0.983,FN
1,1,0.5700036184031987,TP
1,1,0.5700036184031987,TP
1,0,0.983,FN
1,1,0.5500036184031987,TP
1,1,0.69,TP
1,1,0.5500036184031987,TP
1,1,0.69,TP
1,1,0.5900036184031987,TP
1,1,0.5900036184031987,TP
1,1,0.69,TP
1,0,0.983,FN
1,0,0.983,FN
1,0,0.983,FN
1,1,0.67,TP
1,1,0.5900036184031987,TP
1,0,0.983,FN
1,1,0.6800036184031987,TP
1,1,0.5700036184031987,TP
1,0,0.983,FN
1,1,0.5500036184031987,TP
1,0,0.983,FN
1,0,0.983,FN
1,1,0.5800036184031987,TP
1,1,0.5700036184031987,TP
1,0,0.983,FN
1,1,0.5900036184031987,TP
1,1,0.5900036184031987,TP
1,1,0.6800036184031987,TP
1,0,0.983,FN
1,1,0.5700036184031987,TP
1,0,0.983,FN
1,0,0.983,FN
1,1,0.5700036184031987,TP
1,1,0.5700036184031987,TP
1,0,0.983,FN
1,0,0.983,FN
1,1,0.5800036184031987,TP
1,0,0.983,FN
1,1,0.5700036184031987,TP
1,0,0.5737539290001151,FN
1,1,0.5800036184031987,TP
1,1,0.5800036184031987,TP
1,1,0.5500036184031987,TP
1,1,0.5500036184031987,TP
1,0,0.983,FN
1,0,0.983,FN
1,1,0.5600036184031987,TP
1,1,0.5600036184031987,TP
1,1,0.69,TP
1,1,0.5800036184031987,TP
1,1,0.5800036184031987,TP
1,0,0.56,FN
1,0,0.56,FN
1,0,0.56,FN
1,0,0.56,FN
1,0,0.56,FN
1,0,0.56,FN
1,0,0.56,FN
1,0,0.57,FN
1,0,0.56,FN
1,0,0.56,FN
1,0,0.56,FN
1,0,0.56,FN
1,0,0.56,FN
1,0,0.56,FN
1,0,0.5600162171389552,FN
1,0,0.56,FN
1,0,0.56,FN
1,0,0.56,FN
1,0,0.56,FN
1,0,0.56,FN
1,0,0.56,FN
1,0,0.56,FN
1,0,0.56,FN
1,0,0.57,FN
1,0,0.56,FN
1,0,0.56,FN
1,0,0.56,FN
1,0,0.56,FN
1,0,0.56,FN
1,0,0.56,FN
1,0,0.57,FN
1,0,0.56,FN
1,0,0.56,FN
1,0,0.56,FN
1,0,0.56,FN
1,1,0.5800036184031987,TP
1,1,0.6800036184031987,TP
1,1,0.6800036184031987,TP
1,1,0.69,TP
1,1,0.69,TP
1,1,0.69,TP
1,1,0.69,TP
1,1,0.6800036184031987,TP
1,1,0.5700036184031987,TP
1,1,0.69,TP
1,1,0.69,TP
1,1,0.69,TP
1,1,0.5700036184031987,TP
1,1,0.67,TP
1,1,0.69,TP
1,1,0.69,TP
1,1,0.5500036184031987,TP
1,1,0.69,TP
1,0,0.983,FN
1,0,0.983,FN
1,1,0.5700036184031987,TP
1,1,0.69,TP
1,1,0.5500036184031987,TP
1,1,0.5500036184031987,TP
1,1,0.69,TP
1,1,0.5700036184031987,TP
1,1,0.69,TP
1,0,0.983,FN
1,0,0.983,FN
1,1,0.5900036184031987,TP
1,1,0.69,TP
1,1,0.5900036184031987,TP
1,0,0.983,FN
1,1,0.69,TP
1,1,0.5700036184031987,TP
1,1,0.5700036184031987,TP
1,1,0.5700036184031987,TP
1,1,0.69,TP
1,1,0.69,TP
1,1,0.5700036184031987,TP
1,0,0.983,FN
1,1,0.67,TP
1,0,0.983,FN
1,0,0.983,FN
1,0,0.983,FN
1,1,0.5500036184031987,TP
1,0,0.983,FN
1,1,0.5700036184031987,TP
1,1,0.5700036184031987,TP
1,0,0.983,FN
1,1,0.6800036184031987,TP
1,1,0.69,TP
1,0,0.983,FN
1,0,0.983,FN
1,1,0.5900036184031987,TP
1,1,0.5900036184031987,TP
1,1,0.5700036184031987,TP
1,0,0.983,FN
1,1,0.5700036184031987,TP
1,1,0.69,TP
1,0,0.983,FN
1,1,0.5700036184031987,TP
1,0,0.983,FN
1,1,0.5700036184031987,TP
1,0,0.983,FN
1,1,0.6800036184031987,TP
1,1,0.69,TP
1,0,0.983,FN
1,0,0.983,FN
1,1,0.7,TP
1,1,0.5700036184031987,TP
1,1,0.5800036184031987,TP
1,0,0.983,FN
1,1,0.5800036184031987,TP
1,0,0.983,FN
1,0,0.983,FN
1,0,0.983,FN
1,1,0.5800036184031987,TP
1,0,0.983,FN
1,0,0.983,FN
1,0,0.983,FN
1,1,0.5700036184031987,TP
1,0,0.983,FN
1,1,0.5700036184031987,TP
1,0,0.983,FN
1,1,0.5800036184031987,TP
1,1,0.5900036184031987,TP
1,0,0.5737539290001151,FN
1,0,0.5837539290001151,FN
1,0,0.6231477204831565,FN
1,1,0.5800036184031987,TP
1,0,0.983,FN
1,1,0.5800036184031987,TP
1,0,0.983,FN
1,1,0.5800036184031987,TP
1,1,0.5700036184031987,TP
1,1,0.67,TP
1,1,0.67,TP
1,0,0.983,FN
1,0,0.983,FN
1,1,0.5700036184031987,TP
1,1,0.5700036184031987,TP
1,0,0.983,FN
1,0,0.983,FN
1,0,0.983,FN
1,1,0.69,TP
1,1,0.5500036184031987,TP
1,1,0.5500036184031987,TP
1,0,0.983,FN
1,1,0.5700036184031987,TP
1,1,0.5700036184031987,TP
1,0,0.983,FN
1,1,0.69,TP
1,0,0.983,FN
1,1,0.5700036184031987,TP
1,0,0.983,FN
1,1,0.5700036184031987,TP
1,1,0.5700036184031987,TP
1,0,0.983,FN
1,0,0.983,FN
1,0,0.983,FN
1,0,0.983,FN
1,1,0.5900036184031987,TP
1,1,0.5700036184031987,TP
1,1,0.5800036184031987,TP
1,0,0.983,FN
1,0,0.983,FN
1,0,0.983,FN
1,1,0.5500036184031987,TP
1,1,0.5500036184031987,TP
1,0,0.983,FN
1,0,0.57,FN
1,0,0.58,FN
1,0,0.58,FN
1,0,0.58,FN
1,0,0.57,FN
1,0,0.57,FN
1,0,0.57,FN
1,0,0.57,FN
1,0,0.57,FN
1,0,0.57,FN
1,0,0.57,FN
1,0,0.57,FN
1,0,0.58,FN
1,0,0.57,FN
1,0,0.57,FN
1,0,0.57,FN
1,0,0.57,FN
1,0,0.57,FN
1,0,0.57,FN
1,0,0.57,FN
1,0,0.57,FN
1,0,0.57,FN
1,0,0.58,FN
1,0,0.57,FN
1,0,0.57,FN
1,0,0.57,FN
1,0,0.57,FN
1,1,0.5600036184031987,TP
1,1,0.5600036184031987,TP
1,0,0.983,FN
1,0,0.983,FN
1,1,0.5900036184031987,TP
1,0,0.983,FN
1,1,0.5900036184031987,TP
1,0,0.983,FN
1,1,0.5700036184031987,TP
1,1,0.5800036184031987,TP
1,0,0.983,FN
1,0,0.983,FN
1,1,0.69,TP
1,1,0.5800036184031987,TP
1,1,0.5700036184031987,TP
1,0,0.983,FN
1,1,0.5700036184031987,TP
1,1,0.5700036184031987,TP
1,0,0.983,FN
1,0,0.983,FN
1,1,0.69,TP
1,0,0.983,FN
1,0,0.983,FN
1,1,0.5900036184031987,TP
1,1,0.5700036184031987,TP
1,1,0.5700036184031987,TP
1,1,0.68,TP
1,1,0.68,TP
1,1,0.5700036184031987,TP
1,0,0.5737539290001151,FN
1,0,0.5802605356615333,FN
1,0,0.5737539290001151,FN
1,0,0.599508561777537,FN
1,1,0.5900036184031987,TP
1,1,0.5700036184031987,TP
1,1,0.69,TP
1,0,0.983,FN
1,1,0.5700036184031987,TP
1,0,0.983,FN
1,1,0.69,TP
1,1,0.5700036184031987,TP
1,1,0.69,TP
1,1,0.6800036184031987,TP
1,0,0.983,FN
1,0,0.983,FN
1,0,0.983,FN
1,0,0.983,FN
1,1,0.67,TP
1,1,0.67,TP
1,1,0.5700036184031987,TP
1,1,0.5700036184031987,TP
1,0,0.983,FN
1,0,0.983,FN
1,0,0.983,FN
1,0,0.983,FN
1,0,0.983,FN
1,0,0.983,FN
1,0,0.983,FN
1,1,0.5500036184031987,TP
1,1,0.5700036184031987,TP
1,0,0.983,FN
1,1,0.6800036184031987,TP
1,0,0.983,FN
1,1,0.5700036184031987,TP
1,1,0.6800036184031987,TP
1,1,0.6700036184031987,TP
1,0,0.983,FN
1,0,0.983,FN
1,0,0.983,FN
1,1,0.71,TP
1,1,0.5700036184031987,TP
1,1,0.5700036184031987,TP
1,0,0.983,FN
1,0,0.983,FN
1,1,0.6800036184031987,TP
1,0,0.983,FN
1,1,0.5700036184031987,TP
1,0,0.983,FN
1,1,0.5700036184031987,TP
1,0,0.983,FN
1,1,0.6800036184031987,TP
1,1,0.5700036184031987,TP
1,0,0.983,FN
1,0,0.983,FN
1,0,0.983,FN
1,0,0.983,FN
1,0,0.589508561777537,FN
1,0,0.983,FN
1,1,0.5600036184031987,TP
1,1,0.5600036184031987,TP
1,1,0.6800036184031987,TP
1,1,0.5700036184031987,TP
1,1,0.6800036184031987,TP
1,0,0.983,FN
1,1,0.6800036184031987,TP
1,0,0.983,FN
1,0,0.983,FN
1,0,0.983,FN
1,0,0.983,FN
1,1,0.5700036184031987,TP
1,1,0.5700036184031987,TP
1,0,0.983,FN
1,1,0.6800036184031987,TP
1,0,0.983,FN
1,1,0.69,TP
1,0,0.983,FN
1,1,0.5800036184031987,TP
1,0,0.983,FN
1,1,0.6800036184031987,TP
1,1,0.5700036184031987,TP
1,0,0.983,FN
1,0,0.983,FN
1,1,0.5700036184031987,TP
1,0,0.983,FN
1,0,0.983,FN
1,1,0.6800036184031987,TP
1,1,0.6800036184031987,TP
1,0,0.983,FN
1,0,0.983,FN
1,0,0.983,FN
1,1,0.6800036184031987,TP
1,0,0.983,FN
1,0,0.983,FN
1,1,0.5800036184031987,TP
1,0,0.983,FN
1,1,0.6900036184031987,TP
1,1,0.5800036184031987,TP
1,0,0.983,FN
1,1,0.6800036184031987,TP
1,1,0.69,TP
1,1,0.5700036184031987,TP
1,0,0.983,FN
1,1,0.6800036184031987,TP
1,1,0.69,TP
1,0,0.983,FN
1,0,0.983,FN
1,0,0.983,FN
1,1,0.5700036184031987,TP
1,0,0.983,FN
1,0,0.983,FN
1,1,0.5700036184031987,TP
1,0,0.983,FN
1,1,0.6800036184031987,TP
1,0,0.983,FN
1,0,0.983,FN
1,0,0.983,FN
1,1,0.6800036184031987,TP
1,1,0.5700036184031987,TP
1,0,0.983,FN
1,1,0.6600036184031987,TP
1,0,0.983,FN
1,1,0.5500036184031987,TP
1,0,0.983,FN
1,1,0.6800036184031987,TP
1,0,0.983,FN
1,0,0.983,FN
1,1,0.5800036184031987,TP
1,0,0.983,FN
1,1,0.6700036184031987,TP
1,1,0.6800036184031987,TP
1,0,0.983,FN
1,0,0.983,FN
1,0,0.983,FN
1,1,0.6700036184031987,TP
1,1,0.6600036184031987,TP
1,1,0.5700036184031987,TP
1,1,0.71,TP
1,0,0.983,FN
1,1,0.5600036184031987,TP
1,1,0.6800036184031987,TP
1,1,0.6800036184031987,TP
1,1,0.69,TP
1,1,0.6800036184031987,TP
1,0,0.983,FN
1,1,0.7,TP
1,0,0.983,FN
1,0,0.983,FN
1,1,0.6800036184031987,TP
1,0,0.983,FN
1,1,0.69,TP
1,0,0.983,FN
1,1,0.5700036184031987,TP
1,1,0.69,TP
1,1,0.7000036184031987,TP
1,0,0.983,FN
1,0,0.983,FN
1,1,0.6800036184031987,TP
1,1,0.67,TP
1,0,0.983,FN
1,0,0.983,FN
1,0,0.983,FN
1,1,0.6800036184031987,TP
1,0,0.983,FN
1,1,0.5900036184031987,TP
1,1,0.6800036184031987,TP
1,1,0.68,TP
1,1,0.6600036184031987,TP
1,0,0.57,FN
1,0,0.57,FN
1,0,0.57,FN
1,0,0.57,FN
1,0,0.57,FN
1,0,0.57,FN
1,0,0.57,FN
1,0,0.57,FN
1,0,0.57,FN
1,0,0.57,FN
1,0,0.57,FN
1,0,0.57,FN
1,0,0.57,FN
1,0,0.57,FN
1,0,0.57,FN
1,0,0.57,FN
1,0,0.57,FN
1,0,0.57,FN
1,0,0.57,FN
1,0,0.57,FN
1,0,0.57,FN
1,0,0.57,FN
1,0,0.57,FN
1,0,0.57,FN
1,0,0.57,FN
1,0,0.57,FN
1,0,0.57,FN
1,0,0.58,FN
1,0,0.57,FN
1,0,0.57,FN
1,0,0.57,FN
1,0,0.57,FN
1,0,0.57,FN
1,0,0.57,FN
1,0,0.57,FN
1,0,0.57,FN
1,0,0.57,FN
1,0,0.57,FN
1,0,0.57,FN
1,0,0.57,FN
1,0,0.57,FN
1,0,0.57,FN
1,0,0.57,FN
1,0,0.57,FN
1,0,0.57,FN
1,0,0.57,FN
1,0,0.58,FN
1,0,0.57,FN
1,0,0.57,FN
1,0,0.57,FN
1,1,0.68,TP
1,1,0.68,TP
1,1,0.5700036184031987,TP
1,0,0.983,FN
1,0,0.983,FN
1,0,0.983,FN
1,0,0.983,FN
1,1,0.5800036184031987,TP
1,1,0.68,TP
1,0,0.983,FN
1,1,0.69,TP
1,1,0.69,TP
1,1,0.5600036184031987,TP
1,0,0.983,FN
1,0,0.983,FN
1,0,0.983,FN
1,0,0.983,FN
1,0,0.983,FN
1,0,0.983,FN
1,1,0.6900036184031987,TP
1,0,0.983,FN
1,1,0.5700036184031987,TP
1,0,0.983,FN
1,1,0.6700036184031987,TP
1,0,0.589508561777537,FN
1,1,0.5800036184031987,TP
1,1,0.5800036184031987,TP
1,1,0.5900036184031987,TP
1,1,0.69,TP
1,1,0.6600036184031987,TP
1,0,0.57,FN
1,0,0.57,FN
1,0,0.57,FN
1,0,0.57,FN
1,0,0.58,FN
1,0,0.57,FN
1,0,0.57,FN
1,0,0.58,FN
1,0,0.57,FN
1,0,0.58,FN
1,0,0.57,FN
1,0,0.57,FN
1,0,0.57,FN
1,0,0.57,FN
1,0,0.57,FN
1,0,0.57,FN
1,0,0.57,FN
1,0,0.58,FN
1,0,0.57,FN
1,0,0.57,FN
1,0,0.57,FN
1,0,0.57,FN
1,0,0.57,FN
1,0,0.58,FN
1,0,0.57,FN
1,0,0.57,FN
1,0,0.57,FN
1,0,0.57,FN
1,0,0.57,FN
1,0,0.57,FN
1,0,0.57,FN
1,0,0.57,FN
1,0,0.57,FN
1,0,0.57,FN
1,0,0.57,FN
1,0,0.57,FN
1,0,0.57,FN
1,0,0.57,FN
1,0,0.57,FN
1,0,0.57,FN
1,0,0.57,FN
1,0,0.57,FN
1,0,0.57,FN
1,0,0.57,FN
1,0,0.57,FN
1,0,0.57,FN
1,0,0.57,FN
1,0,0.57,FN
1,0,0.57,FN
1,1,0.69,TP
1,1,0.5500036184031987,TP
1,0,0.983,FN
1,0,0.983,FN
1,0,0.983,FN
1,0,0.983,FN
1,1,0.5800036184031987,TP
1,0,0.983,FN
1,0,0.983,FN
1,1,0.69,TP
1,1,0.5700036184031987,TP
1,1,0.6800036184031987,TP
1,1,0.5700036184031987,TP
1,0,0.983,FN
1,0,0.983,FN
1,0,0.983,FN
1,1,0.6800036184031987,TP
1,0,0.983,FN
1,1,0.6800036184031987,TP
1,1,0.5800036184031987,TP
1,0,0.983,FN
1,0,0.983,FN
1,1,0.6900036184031987,TP
1,1,0.5700036184031987,TP
1,0,0.983,FN
1,1,0.5800036184031987,TP
1,1,0.5800036184031987,TP
1,1,0.67,TP
1,1,0.6600036184031987,TP
1,1,0.6700036184031987,TP
1,1,0.69,TP
1,0,0.983,FN
1,1,0.69,TP
1,0,0.983,FN
1,1,0.5500036184031987,TP
1,0,0.983,FN
1,1,0.69,TP
1,0,0.56,FN
1,0,0.56,FN
1,0,0.56,FN
1,0,0.56,FN
1,0,0.56,FN
1,0,0.5600162171389552,FN
1,0,0.56,FN
1,0,0.56,FN
1,0,0.57,FN
1,0,0.56,FN
1,0,0.56,FN
1,0,0.56,FN
1,0,0.56,FN
1,0,0.56,FN
1,0,0.56,FN
1,0,0.56,FN
1,0,0.56,FN
1,0,0.56,FN
1,0,0.56,FN
1,0,0.56,FN
1,0,0.56,FN
1,0,0.56,FN
1,0,0.56,FN
1,0,0.56,FN
1,0,0.56,FN
1,0,0.56,FN
1,0,0.56,FN
1,0,0.56,FN
1,0,0.56,FN
1,0,0.56,FN
1,0,0.56,FN
1,0,0.56,FN
1,0,0.56,FN
1,0,0.56,FN
1,0,0.56,FN
1,0,0.56,FN
1,0,0.56,FN
1,0,0.56,FN
1,0,0.56,FN
1,0,0.56,FN
1,0,0.56,FN
1,0,0.56,FN
1,0,0.983,FN
1,0,0.983,FN
1,1,0.5700036184031987,TP
1,0,0.983,FN
1,1,0.6800036184031987,TP
1,1,0.5700036184031987,TP
1,1,0.69,TP
1,1,0.6800036184031987,TP
1,0,0.983,FN
1,1,0.69,TP
1,1,0.5700036184031987,TP
1,0,0.983,FN
1,0,0.983,FN
1,1,0.5700036184031987,TP
1,1,0.69,TP
1,0,0.983,FN
1,1,0.5700036184031987,TP
1,1,0.69,TP
1,0,0.57,FN
1,0,0.57,FN
1,0,0.57,FN
1,0,0.57,FN
1,0,0.57,FN
1,0,0.57,FN
1,0,0.57,FN
1,0,0.57,FN
1,0,0.57,FN
1,0,0.57,FN
1,0,0.57,FN
1,0,0.57,FN
1,0,0.57,FN
1,0,0.58,FN
1,0,0.57,FN
1,0,0.57,FN
1,0,0.57,FN
1,0,0.57,FN
1,0,0.57,FN
1,0,0.57,FN
1,1,0.5700036184031987,TP
1,0,0.983,FN
1,1,0.69,TP
1,0,0.983,FN
1,1,0.5700036184031987,TP
1,0,0.983,FN
1,1,0.5800036184031987,TP
1,1,0.5700036184031987,TP
1,1,0.69,TP
1,1,0.5700036184031987,TP
1,0,0.983,FN
1,0,0.5833823073784935,FN
1,0,0.5833374587384563,FN
1,0,0.5703773056234918,FN
1,1,0.69,TP
1,1,0.5800036184031987,TP
1,1,0.6800036184031987,TP
1,0,0.983,FN
1,1,0.69,TP
1,1,0.5700036184031987,TP
1,0,0.983,FN
1,1,0.5700036184031987,TP
1,0,0.983,FN
1,1,0.69,TP
1,1,0.5700036184031987,TP
1,0,0.983,FN
1,1,0.69,TP
1,0,0.983,FN
1,1,0.5800036184031987,TP
1,0,0.983,FN
1,1,0.67,TP
1,1,0.5700036184031987,TP
1,0,0.983,FN
1,1,0.5700036184031987,TP
1,1,0.5700036184031987,TP
1,0,0.983,FN
1,0,0.983,FN
1,1,0.69,TP
1,1,0.5500036184031987,TP
1,1,0.5700036184031987,TP
1,1,0.69,TP
1,1,0.5700036184031987,TP
1,1,0.69,TP
1,1,0.5700036184031987,TP
1,0,0.983,FN
1,1,0.69,TP
1,0,0.983,FN
1,1,0.69,TP
1,1,0.69,TP
1,0,0.983,FN
1,1,0.5700036184031987,TP
1,0,0.983,FN
1,0,0.983,FN
1,1,0.5700036184031987,TP
1,1,0.5900036184031987,TP
1,1,0.69,TP
1,1,0.6800036184031987,TP
1,1,0.5900036184031987,TP
1,0,0.983,FN
1,0,0.983,FN
1,1,0.5800036184031987,TP
1,0,0.983,FN
1,1,0.69,TP
1,1,0.6800036184031987,TP
1,1,0.6800036184031987,TP
1,0,0.983,FN
1,0,0.983,FN
1,1,0.5800036184031987,TP
1,0,0.983,FN
1,0,0.983,FN
1,1,0.5700036184031987,TP
1,1,0.5700036184031987,TP
1,0,0.983,FN
1,0,0.983,FN
1,1,0.5700036184031987,TP
1,0,0.983,FN
1,1,0.5600036184031987,TP
1,1,0.5700036184031987,TP
1,1,0.5800036184031987,TP
1,0,0.983,FN
1,1,0.5700036184031987,TP
1,1,0.5700036184031987,TP
1,1,0.69,TP
1,0,0.983,FN
1,1,0.5500036184031987,TP
1,1,0.5500036184031987,TP
1,1,0.69,TP
1,0,0.983,FN
1,0,0.983,FN
1,1,0.5700036184031987,TP
1,0,0.983,FN
1,0,0.983,FN
1,1,0.5700036184031987,TP
1,1,0.69,TP
1,1,0.5700036184031987,TP
1,1,0.5700036184031987,TP
1,0,0.983,FN
1,0,0.983,FN
1,1,0.5700036184031987,TP
1,1,0.6700036184031987,TP
1,0,0.983,FN
1,1,0.67,TP
1,1,0.5600036184031987,TP
1,1,0.6700036184031987,TP
1,0,0.983,FN
1,1,0.5800036184031987,TP
1,1,0.69,TP
1,1,0.5500036184031987,TP
1,0,0.983,FN
1,0,0.983,FN
1,1,0.5800036184031987,TP
1,1,0.5700036184031987,TP
1,1,0.69,TP
1,0,0.983,FN
1,1,0.5800036184031987,TP
1,1,0.5700036184031987,TP
1,1,0.69,TP
1,1,0.6800036184031987,TP
1,0,0.983,FN
1,0,0.983,FN
1,1,0.5900036184031987,TP
1,0,0.983,FN
1,1,0.5700036184031987,TP
1,0,0.983,FN
1,0,0.983,FN
1,1,0.6800036184031987,TP
1,1,0.5900036184031987,TP
1,0,0.983,FN
1,1,0.6700036184031987,TP
1,1,0.6800036184031987,TP
1,1,0.6800036184031987,TP
1,1,0.68,TP
1,1,0.5600036184031987,TP
1,0,0.983,FN
1,1,0.67,TP
1,1,0.67,TP
1,0,0.983,FN
1,0,0.983,FN
1,1,0.5500036184031987,TP
1,0,0.983,FN
1,0,0.983,FN
1,0,0.983,FN
1,0,0.983,FN
1,1,0.5800036184031987,TP
1,1,0.5700036184031987,TP
1,0,0.983,FN
1,1,0.5700036184031987,TP
1,1,0.5700036184031987,TP
1,1,0.69,TP
1,0,0.983,FN
1,0,0.983,FN
1,1,0.5900036184031987,TP
1,1,0.69,TP
1,1,0.5800036184031987,TP
1,0,0.983,FN
1,0,0.983,FN
1,0,0.983,FN
1,1,0.5900036184031987,TP
1,0,0.6077203144590494,FN
1,0,0.6207100051806989,FN
1,0,0.5938319642329618,FN
1,1,0.5800036184031987,TP
1,0,0.983,FN
1,0,0.983,FN
1,1,0.5800036184031987,TP
1,1,0.5800036184031987,TP
1,1,0.69,TP
1,1,0.5700036184031987,TP
1,1,0.5700036184031987,TP
1,0,0.983,FN
1,0,0.983,FN
1,1,0.69,TP
1,0,0.5874702734892486,FN
1,0,0.5939657958949429,FN
1,1,0.5800036184031987,TP
1,0,0.983,FN
1,1,0.6800036184031987,TP
1,0,0.983,FN
1,0,0.983,FN
1,1,0.6800036184031987,TP
1,1,0.69,TP
1,1,0.69,TP
1,1,0.5700036184031987,TP
1,0,0.983,FN
1,1,0.5700036184031987,TP
1,1,0.5700036184031987,TP
1,0,0.983,FN
1,1,0.69,TP
1,0,0.983,FN
1,1,0.69,TP
1,1,0.69,TP
1,0,0.983,FN
1,1,0.6800036184031987,TP
1,0,0.983,FN
1,0,0.983,FN
1,1,0.67,TP
1,0,0.983,FN
1,0,0.983,FN
1,1,0.5700036184031987,TP
1,1,0.5700036184031987,TP
1,0,0.983,FN
1,1,0.5500036184031987,TP
1,1,0.69,TP
1,0,0.983,FN
1,1,0.6700036184031987,TP
1,1,0.5700036184031987,TP
1,1,0.69,TP
1,1,0.69,TP
1,1,0.69,TP
1,1,0.69,TP
1,1,0.5700036184031987,TP
1,0,0.983,FN
1,1,0.69,TP
1,0,0.983,FN
1,0,0.983,FN
1,0,0.983,FN
1,0,0.983,FN
1,0,0.983,FN
1,1,0.5700036184031987,TP
1,0,0.983,FN
1,1,0.6800036184031987,TP
1,1,0.67,TP
1,1,0.5700036184031987,TP
1,0,0.983,FN
1,1,0.5500036184031987,TP
1,1,0.5500036184031987,TP
1,1,0.69,TP
1,1,0.69,TP
1,0,0.983,FN
1,0,0.983,FN
1,0,0.983,FN
1,1,0.5500036184031987,TP
1,0,0.983,FN
1,1,0.69,TP
1,0,0.983,FN
1,0,0.983,FN
1,0,0.983,FN
1,0,0.983,FN
1,1,0.5700036184031987,TP
1,0,0.983,FN
1,1,0.5900036184031987,TP
1,1,0.5700036184031987,TP
1,0,0.983,FN
1,1,0.6800036184031987,TP
1,1,0.69,TP
1,1,0.69,TP
1,0,0.983,FN
1,1,0.5700036184031987,TP
1,0,0.983,FN
1,1,0.69,TP
1,1,0.5700036184031987,TP
1,1,0.5700036184031987,TP
1,0,0.983,FN
1,0,0.983,FN
1,0,0.983,FN
1,0,0.983,FN
1,0,0.983,FN
1,1,0.6800036184031987,TP
1,0,0.983,FN
1,0,0.983,FN
1,0,0.983,FN
1,0,0.57,FN
1,0,0.57,FN
1,0,0.57,FN
1,0,0.57,FN
1,0,0.57,FN
1,0,0.57,FN
1,0,0.57,FN
1,0,0.57,FN
1,0,0.57,FN
1,0,0.57,FN
1,0,0.57,FN
1,0,0.57,FN
1,0,0.57,FN
1,0,0.57,FN
1,0,0.57,FN
1,0,0.57,FN
1,0,0.57,FN
1,0,0.57,FN
1,0,0.57,FN
1,0,0.57,FN
1,0,0.57,FN
1,0,0.57,FN
1,0,0.57,FN
1,0,0.57,FN
1,0,0.57,FN
1,0,0.58,FN
1,0,0.57,FN
1,1,0.5800036184031987,TP
1,1,0.5800036184031987,TP
1,0,0.983,FN
1,1,0.5700036184031987,TP
1,1,0.5700036184031987,TP
1,0,0.983,FN
1,1,0.6800036184031987,TP
1,1,0.6800036184031987,TP
1,1,0.67,TP
1,0,0.983,FN
1,0,0.983,FN
1,0,0.983,FN
1,0,0.983,FN
1,1,0.5700036184031987,TP
1,1,0.5700036184031987,TP
1,0,0.983,FN
1,0,0.983,FN
1,1,0.6800036184031987,TP
1,1,0.6800036184031987,TP
1,1,0.67,TP
1,0,0.983,FN
1,1,0.5700036184031987,TP
1,1,0.6800036184031987,TP
1,0,0.983,FN
1,1,0.5900036184031987,TP
1,0,0.983,FN
1,0,0.983,FN
1,1,0.6800036184031987,TP
1,0,0.983,FN
1,1,0.6800036184031987,TP
1,0,0.983,FN
1,0,0.983,FN
1,1,0.6800036184031987,TP
1,1,0.6800036184031987,TP
1,0,0.983,FN
1,0,0.983,FN
1,1,0.5700036184031987,TP
1,1,0.6500036184031986,TP
1,0,0.6071800501609552,FN
1,1,0.5900036184031987,TP
1,1,0.6600036184031987,TP
1,0,0.983,FN
1,1,0.69,TP
1,0,0.983,FN
1,1,0.69,TP
1,0,0.983,FN
1,1,0.5800036184031987,TP
1,1,0.6800036184031987,TP
1,1,0.6900036184031987,TP
1,1,0.69,TP
1,0,0.983,FN
1,0,0.983,FN
1,1,0.6800036184031987,TP
1,0,0.983,FN
1,1,0.69,TP
1,0,0.983,FN
1,1,0.6900036184031987,TP
1,1,0.69,TP
1,1,0.5800036184031987,TP
1,1,0.7,TP
1,1,0.6800036184031987,TP
1,0,0.983,FN
1,0,0.983,FN
1,0,0.983,FN
1,1,0.69,TP
1,0,0.983,FN
1,1,0.6800036184031987,TP
1,0,0.983,FN
1,0,0.983,FN
1,1,0.5800036184031987,TP
1,1,0.6800036184031987,TP
1,0,0.983,FN
1,0,0.983,FN
1,1,0.5900036184031987,TP
1,1,0.69,TP
1,1,0.5700036184031987,TP
1,0,0.983,FN
1,1,0.6800036184031987,TP
1,0,0.983,FN
1,1,0.5700036184031987,TP
1,0,0.983,FN
1,0,0.983,FN
1,1,0.5900036184031987,TP
1,0,0.983,FN
1,0,0.983,FN
1,0,0.6088301387344894,FN
1,1,0.5800036184031987,TP
1,0,0.983,FN
1,1,0.5900036184031987,TP
1,1,0.6800036184031987,TP
1,1,0.5700036184031987,TP
1,0,0.983,FN
1,1,0.6900036184031987,TP
1,0,0.983,FN
1,0,0.983,FN
1,1,0.5900036184031987,TP
1,0,0.983,FN
1,1,0.6900036184031987,TP
1,0,0.983,FN
1,1,0.5700036184031987,TP
1,0,0.983,FN
1,0,0.983,FN
1,1,0.5800036184031987,TP
1,1,0.5700036184031987,TP
1,1,0.69,TP
1,1,0.5500036184031987,TP
1,1,0.5500036184031987,TP
1,1,0.68,TP
1,1,0.69,TP
1,0,0.983,FN
1,0,0.983,FN
1,1,0.5800036184031987,TP
1,1,0.69,TP
1,0,0.983,FN
1,0,0.983,FN
1,1,0.5700036184031987,TP
1,0,0.983,FN
1,1,0.69,TP
1,0,0.983,FN
1,1,0.5700036184031987,TP
1,1,0.6800036184031987,TP
1,0,0.983,FN
1,0,0.983,FN
1,1,0.6800036184031987,TP
1,0,0.983,FN
1,0,0.983,FN
1,1,0.6800036184031987,TP
1,1,0.6800036184031987,TP
1,0,0.983,FN
1,1,0.6700036184031987,TP
1,0,0.983,FN
1,0,0.983,FN
1,1,0.5700036184031987,TP
1,1,0.6800036184031987,TP
1,0,0.983,FN
1,0,0.983,FN
1,1,0.5700036184031987,TP
1,0,0.983,FN
1,1,0.5700036184031987,TP
1,1,0.6800036184031987,TP
1,0,0.983,FN
1,0,0.983,FN
1,1,0.5900036184031987,TP
1,0,0.983,FN
1,0,0.983,FN
1,1,0.5700036184031987,TP
1,1,0.5700036184031987,TP
1,0,0.983,FN
1,1,0.5700036184031987,TP
1,1,0.5700036184031987,TP
1,0,0.983,FN
1,1,0.6800036184031987,TP
1,0,0.983,FN
1,1,0.5700036184031987,TP
1,1,0.69,TP
1,0,0.983,FN
1,1,0.5700036184031987,TP
1,0,0.983,FN
1,1,0.5700036184031987,TP
1,0,0.983,FN
1,0,0.983,FN
1,0,0.983,FN
1,1,0.5700036184031987,TP
1,0,0.983,FN
1,1,0.6700036184031987,TP
1,1,0.6600036184031987,TP
1,0,0.983,FN
1,0,0.983,FN
1,1,0.5700036184031987,TP
1,1,0.6800036184031987,TP
1,0,0.983,FN
1,1,0.6700036184031987,TP
1,1,0.69,TP
1,1,0.6700036184031987,TP
1,0,0.983,FN
1,1,0.7000036184031987,TP
1,0,0.983,FN
1,0,0.983,FN
1,0,0.57,FN
1,0,0.57,FN
1,0,0.57,FN
1,0,0.57,FN
1,0,0.57,FN
1,0,0.57,FN
1,0,0.57,FN
1,0,0.57,FN
1,0,0.57,FN
1,0,0.57,FN
1,0,0.57,FN
1,0,0.57,FN
1,0,0.57,FN
1,0,0.57,FN
1,0,0.57,FN
1,0,0.57,FN
1,0,0.57,FN
1,0,0.57,FN
1,0,0.57,FN
1,0,0.57,FN
1,0,0.57,FN
1,0,0.57,FN
1,0,0.57,FN
1,0,0.57,FN
1,0,0.57,FN
1,0,0.57,FN
1,0,0.57,FN
1,0,0.57,FN
1,0,0.57,FN
1,0,0.57,FN
1,0,0.57,FN
1,0,0.57,FN
1,0,0.57,FN
1,0,0.57,FN
1,0,0.57,FN
1,0,0.57,FN
1,0,0.57,FN
1,0,0.58,FN
1,0,0.57,FN
1,0,0.57,FN
1,0,0.57,FN
1,0,0.57,FN
1,0,0.57,FN
1,0,0.57,FN
1,0,0.57,FN
1,0,0.57,FN
1,0,0.57,FN
1,0,0.57,FN
1,0,0.57,FN
1,0,0.57,FN
1,1,0.69,TP
1,0,0.983,FN
1,1,0.5800036184031987,TP
1,1,0.6800036184031987,TP
1,1,0.6800036184031987,TP
1,0,0.983,FN
1,0,0.983,FN
1,1,0.69,TP
1,1,0.6800036184031987,TP
1,0,0.983,FN
1,1,0.6500036184031986,TP
1,0,0.983,FN
1,1,0.5700036184031987,TP
1,0,0.983,FN
1,1,0.5700036184031987,TP
1,0,0.983,FN
1,0,0.983,FN
1,0,0.983,FN
1,1,0.5700036184031987,TP
1,0,0.983,FN
1,1,0.5700036184031987,TP
1,0,0.983,FN
1,1,0.5700036184031987,TP
1,1,0.5500036184031987,TP
1,1,0.69,TP
1,0,0.983,FN
1,1,0.5700036184031987,TP
1,1,0.5900036184031987,TP
1,1,0.69,TP
1,0,0.983,FN
1,0,0.983,FN
1,1,0.5700036184031987,TP
1,0,0.983,FN
1,0,0.983,FN
1,0,0.983,FN
1,1,0.69,TP
1,0,0.983,FN
1,1,0.5700036184031987,TP
1,1,0.5700036184031987,TP
1,1,0.5900036184031987,TP
1,0,0.983,FN
1,1,0.5700036184031987,TP
1,0,0.983,FN
1,0,0.983,FN
1,0,0.983,FN
1,1,0.5700036184031987,TP
1,1,0.67,TP
1,1,0.5900036184031987,TP
1,0,0.983,FN
1,0,0.983,FN
1,0,0.983,FN
1,1,0.5700036184031987,TP
1,1,0.5500036184031987,TP
1,0,0.983,FN
1,0,0.983,FN
1,1,0.5700036184031987,TP
1,0,0.983,FN
1,1,0.6800036184031987,TP
1,0,0.983,FN
1,0,0.983,FN
1,1,0.5900036184031987,TP
1,1,0.6800036184031987,TP
1,0,0.983,FN
1,0,0.57,FN
1,0,0.57,FN
1,0,0.57,FN
1,0,0.57,FN
1,0,0.58,FN
1,0,0.57,FN
1,0,0.57,FN
1,0,0.57,FN
1,0,0.57,FN
1,0,0.57,FN
1,1,0.7298777506112469,TP
1,0,0.57,FN
1,0,0.57,FN
1,0,0.58,FN
1,0,0.57,FN
1,0,0.57,FN
1,0,0.57,FN
1,0,0.57,FN
1,0,0.57,FN
1,0,0.57,FN
1,0,0.57,FN
1,0,0.57,FN
1,0,0.57,FN
1,0,0.57,FN
1,0,0.57,FN
1,0,0.57,FN
1,0,0.58,FN
1,0,0.57,FN
1,0,0.57,FN
1,0,0.57,FN
1,0,0.57,FN
1,0,0.58,FN
1,0,0.57,FN
1,0,0.57,FN
1,0,0.57,FN
1,0,0.57,FN
1,0,0.57,FN
1,0,0.57,FN
1,0,0.57,FN
1,0,0.57,FN
1,0,0.57,FN
1,0,0.57,FN
1,0,0.57,FN
1,0,0.57,FN
1,0,0.57,FN
1,0,0.57,FN
1,0,0.57,FN
1,0,0.57,FN
1,0,0.57,FN
1,1,0.5900036184031987,TP
1,0,0.983,FN
1,0,0.983,FN
1,1,0.6800036184031987,TP
1,0,0.983,FN
1,1,0.5900036184031987,TP
1,0,0.983,FN
1,0,0.983,FN
1,1,0.5800036184031987,TP
1,1,0.5800036184031987,TP
1,0,0.983,FN
1,0,0.983,FN
1,1,0.5900036184031987,TP
1,0,0.983,FN
1,1,0.5700036184031987,TP
1,0,0.983,FN
1,1,0.5700036184031987,TP
1,1,0.5700036184031987,TP
1,1,0.69,TP
1,0,0.983,FN
1,1,0.5900036184031987,TP
1,0,0.983,FN
1,1,0.5800036184031987,TP
1,1,0.71,TP
1,1,0.69,TP
1,0,0.6034142305328115,FN
1,0,0.6034142305328115,FN
1,0,0.6171706326982886,FN
1,1,0.5800036184031987,TP
1,1,0.69,TP
1,1,0.67,TP
1,1,0.5700036184031987,TP
1,0,0.983,FN
1,0,0.983,FN
1,1,0.69,TP
1,0,0.983,FN
1,1,0.69,TP
1,0,0.5834102403393874,FN
1,0,0.983,FN
1,0,0.983,FN
1,0,0.983,FN
1,1,0.5900036184031987,TP
1,1,0.71,TP
1,1,0.6800036184031987,TP
1,0,0.983,FN
1,1,0.5900036184031987,TP
1,1,0.5700036184031987,TP
1,1,0.6600036184031987,TP
1,0,0.983,FN
1,1,0.69,TP
1,0,0.983,FN
1,1,0.6700036184031987,TP
1,0,0.57,FN
1,0,0.57,FN
1,0,0.57,FN
1,0,0.57,FN
1,0,0.57,FN
1,0,0.57,FN
1,0,0.57,FN
1,0,0.57,FN
1,0,0.57,FN
1,0,0.57,FN
1,0,0.57,FN
1,0,0.57,FN
1,0,0.57,FN
1,0,0.57,FN
1,0,0.57,FN
1,0,0.57,FN
1,0,0.57,FN
1,0,0.57,FN
1,0,0.57,FN
1,1,0.6800036184031987,TP
1,0,0.983,FN
1,1,0.5700036184031987,TP
1,0,0.983,FN
1,1,0.6800036184031987,TP
1,0,0.983,FN
1,1,0.5900036184031987,TP
1,0,0.983,FN
1,1,0.6800036184031987,TP
1,1,0.5700036184031987,TP
1,1,0.69,TP
1,0,0.983,FN
1,1,0.5800036184031987,TP
1,1,0.69,TP
1,1,0.5900036184031987,TP
1,0,0.983,FN
1,1,0.5900036184031987,TP
1,0,0.983,FN
1,0,0.983,FN
1,1,0.5700036184031987,TP
1,1,0.5700036184031987,TP
1,1,0.69,TP
1,1,0.5600036184031987,TP
1,1,0.5700036184031987,TP
1,0,0.983,FN
1,1,0.69,TP
1,1,0.5800036184031987,TP
1,1,0.6800036184031987,TP
1,0,0.983,FN
1,0,0.983,FN
1,0,0.983,FN
1,1,0.5800036184031987,TP
1,1,0.6700036184031987,TP
1,0,0.56,FN
1,0,0.57,FN
1,0,0.56,FN
1,0,0.56,FN
1,0,0.56,FN
1,0,0.56,FN
1,0,0.56,FN
1,0,0.56,FN
1,0,0.56,FN
1,0,0.56,FN
1,0,0.56,FN
1,0,0.56,FN
1,0,0.56,FN
1,0,0.56,FN
1,0,0.56,FN
1,0,0.56,FN
1,0,0.56,FN
1,0,0.56,FN
1,0,0.56,FN
1,0,0.56,FN
1,0,0.56,FN
1,0,0.56,FN
1,0,0.56,FN
1,0,0.56,FN
1,0,0.56,FN
1,0,0.56,FN
1,0,0.56,FN
1,0,0.56,FN
1,0,0.56,FN
1,0,0.56,FN
1,0,0.56,FN
1,0,0.56,FN
1,0,0.56,FN
1,0,0.56,FN
1,0,0.5600162171389552,FN
1,0,0.56,FN
1,0,0.56,FN
1,0,0.56,FN
1,0,0.56,FN
1,0,0.56,FN
1,0,0.56,FN
1,0,0.56,FN
1,1,0.5700036184031987,TP
1,1,0.5900036184031987,TP
1,1,0.69,TP
1,1,0.5900036184031987,TP
1,1,0.5700036184031987,TP
1,1,0.69,TP
1,0,0.983,FN
1,0,0.983,FN
1,1,0.5700036184031987,TP
1,1,0.69,TP
1,1,0.5700036184031987,TP
1,0,0.983,FN
1,1,0.69,TP
1,1,0.5900036184031987,TP
1,1,0.5800036184031987,TP
1,1,0.5600036184031987,TP
1,1,0.68,TP
1,0,0.983,FN
1,1,0.5700036184031987,TP
1,1,0.68,TP
1,0,0.983,FN
1,1,0.5600036184031987,TP
1,1,0.69,TP
1,0,0.983,FN
1,1,0.5600036184031987,TP
1,0,0.983,FN
1,1,0.6800036184031987,TP
1,0,0.983,FN
1,0,0.983,FN
1,1,0.5600036184031987,TP
1,1,0.5600036184031987,TP
1,1,0.67,TP
1,1,0.5700036184031987,TP
1,1,0.5700036184031987,TP
1,1,0.69,TP
1,0,0.983,FN
1,1,0.5500036184031987,TP
1,1,0.69,TP
1,0,0.983,FN
1,0,0.983,FN
1,1,0.5700036184031987,TP
1,0,0.983,FN
1,1,0.69,TP
1,1,0.5900036184031987,TP
1,0,0.983,FN
1,1,0.5700036184031987,TP
1,1,0.69,TP
1,1,0.5700036184031987,TP
1,1,0.5700036184031987,TP
1,0,0.983,FN
1,1,0.68,TP
1,0,0.983,FN
1,0,0.983,FN
1,1,0.5700036184031987,TP
1,1,0.69,TP
1,0,0.983,FN
1,1,0.5800036184031987,TP
1,1,0.7,TP
1,0,0.983,FN
1,1,0.5700036184031987,TP
1,0,0.983,FN
1,0,0.983,FN
1,1,0.5600036184031987,TP
1,0,0.983,FN
1,0,0.983,FN
1,1,0.5800036184031987,TP
1,1,0.5800036184031987,TP
1,0,0.983,FN
1,1,0.5800036184031987,TP
1,1,0.5700036184031987,TP
1,1,0.68,TP
1,0,0.983,FN
1,1,0.5500036184031987,TP
1,1,0.5700036184031987,TP
1,1,0.68,TP
1,0,0.983,FN
1,0,0.983,FN
1,1,0.5600036184031987,TP
1,1,0.69,TP
1,0,0.983,FN
1,1,0.5800036184031987,TP
1,0,0.983,FN
1,0,0.6207100051806989,FN
1,0,0.6121227054353554,FN
1,1,0.5800036184031987,TP
1,0,0.983,FN
1,1,0.5700036184031987,TP
1,1,0.5700036184031987,TP
1,0,0.983,FN
1,1,0.67,TP
1,1,0.6900036184031987,TP
1,1,0.5600036184031987,TP
1,1,0.68,TP
1,0,0.983,FN
1,1,0.5600036184031987,TP
1,1,0.69,TP
1,0,0.983,FN
1,1,0.5600036184031987,TP
1,1,0.69,TP
1,0,0.983,FN
1,1,0.5700036184031987,TP
1,0,0.983,FN
1,1,0.5700036184031987,TP
1,0,0.983,FN
1,0,0.983,FN
1,1,0.5500036184031987,TP
1,1,0.5500036184031987,TP
1,1,0.68,TP
1,0,0.983,FN
1,1,0.5800036184031987,TP
1,1,0.5800036184031987,TP
1,1,0.68,TP
1,0,0.983,FN
1,1,0.5700036184031987,TP
1,0,0.983,FN
1,1,0.6700036184031987,TP
1,0,0.983,FN
1,0,0.983,FN
1,0,0.983,FN
1,1,0.5600036184031987,TP
1,1,0.5600036184031987,TP
1,0,0.983,FN
1,1,0.5700036184031987,TP
1,1,0.68,TP
1,1,0.5700036184031987,TP
1,0,0.983,FN
1,1,0.5500036184031987,TP
1,1,0.5600036184031987,TP
1,1,0.68,TP
1,0,0.983,FN
1,0,0.983,FN
1,0,0.983,FN
1,1,0.5600036184031987,TP
1,0,0.983,FN
1,1,0.5600036184031987,TP
1,0,0.983,FN
1,1,0.5900036184031987,TP
1,1,0.5700036184031987,TP
1,1,0.68,TP
1,1,0.5600036184031987,TP
1,1,0.5600036184031987,TP
1,1,0.68,TP
1,1,0.68,TP
1,0,0.983,FN
1,0,0.983,FN
1,0,0.5802605356615333,FN
1,1,0.5700036184031987,TP
1,1,0.68,TP
1,0,0.983,FN
1,0,0.983,FN
1,1,0.6600036184031987,TP
1,0,0.983,FN
1,1,0.5600036184031987,TP
1,1,0.6700036184031987,TP
1,1,0.6800036184031987,TP
1,1,0.68,TP
1,0,0.983,FN
1,1,0.5700036184031987,TP
1,1,0.68,TP
1,1,0.6700036184031987,TP
1,0,0.983,FN
1,1,0.68,TP
1,1,0.5600036184031987,TP
1,0,0.983,FN
1,0,0.983,FN
1,1,0.6700036184031987,TP
1,0,0.983,FN
1,0,0.983,FN
1,1,0.5600036184031987,TP
1,1,0.6600036184031987,TP
1,1,0.6700036184031987,TP
1,1,0.5600036184031987,TP
1,0,0.983,FN
1,1,0.6700036184031987,TP
1,1,0.68,TP
1,1,0.6800036184031987,TP
1,0,0.983,FN
1,1,0.68,TP
1,0,0.983,FN
1,1,0.69,TP
1,1,0.5600036184031987,TP
1,1,0.68,TP
1,0,0.983,FN
1,0,0.983,FN
1,0,0.983,FN
1,1,0.68,TP
1,0,0.983,FN
1,1,0.5800036184031987,TP
1,0,0.983,FN
1,0,0.983,FN
1,0,0.983,FN
1,1,0.5600036184031987,TP
1,0,0.57,FN
1,0,0.57,FN
1,0,0.57,FN
1,0,0.57,FN
1,0,0.57,FN
1,0,0.57,FN
1,0,0.57,FN
1,0,0.57,FN
1,0,0.57,FN
1,0,0.57,FN
1,0,0.57,FN
1,0,0.57,FN
1,0,0.57,FN
1,0,0.57,FN
1,0,0.57,FN
1,0,0.57,FN
1,0,0.57,FN
1,0,0.57,FN
1,0,0.57,FN
1,0,0.57,FN
1,0,0.57,FN
1,0,0.57,FN
1,0,0.57,FN
1,0,0.57,FN
1,0,0.57,FN
1,0,0.57,FN
1,0,0.57,FN
1,0,0.983,FN
1,0,0.983,FN
1,1,0.5900036184031987,TP
1,1,0.6700036184031987,TP
1,0,0.983,FN
1,0,0.983,FN
1,1,0.5600036184031987,TP
1,0,0.983,FN
1,1,0.5600036184031987,TP
1,1,0.5700036184031987,TP
1,0,0.983,FN
1,1,0.69,TP
1,0,0.983,FN
1,1,0.5700036184031987,TP
1,0,0.983,FN
1,1,0.5800036184031987,TP
1,1,0.5700036184031987,TP
1,0,0.983,FN
1,1,0.69,TP
1,0,0.983,FN
1,1,0.69,TP
1,0,0.983,FN
1,0,0.983,FN
1,1,0.5800036184031987,TP
1,1,0.5700036184031987,TP
1,0,0.983,FN
1,1,0.5800036184031987,TP
1,0,0.983,FN
1,0,0.983,FN
1,0,0.983,FN
1,0,0.983,FN
1,1,0.5800036184031987,TP
1,1,0.5600036184031987,TP
1,0,0.983,FN
1,0,0.983,FN
1,1,0.5800036184031987,TP
1,0,0.983,FN
1,0,0.983,FN
1,0,0.983,FN
1,1,0.5700036184031987,TP
1,1,0.5900036184031987,TP
1,0,0.983,FN
1,1,0.5600036184031987,TP
1,0,0.983,FN
1,1,0.5600036184031987,TP
1,1,0.5600036184031987,TP
1,1,0.5900036184031987,TP
1,1,0.68,TP
1,1,0.67,TP
1,0,0.983,FN
1,1,0.67,TP
1,1,0.6700036184031987,TP
1,0,0.983,FN
1,1,0.5600036184031987,TP
1,0,0.983,FN
1,1,0.5500036184031987,TP
1,1,0.68,TP
1,0,0.983,FN
1,0,0.983,FN
1,1,0.67,TP
1,0,0.983,FN
1,1,0.68,TP
1,0,0.983,FN
1,1,0.68,TP
1,1,0.68,TP
1,0,0.983,FN
1,0,0.983,FN
1,0,0.983,FN
1,0,0.983,FN
1,1,0.68,TP
1,1,0.69,TP
1,0,0.983,FN
1,0,0.983,FN
1,1,0.6700036184031987,TP
1,0,0.983,FN
1,0,0.68,FN
1,0,0.68,FN
1,0,0.68,FN
1,0,0.68,FN
1,0,0.69,FN
1,0,0.68,FN
1,0,0.68,FN
1,0,0.68,FN
1,0,0.68,FN
1,0,0.69,FN
1,0,0.68,FN
1,0,0.68,FN
1,0,0.67,FN
1,0,0.69,FN
1,0,0.68,FN
1,0,0.68,FN
1,0,0.68,FN
1,0,0.68,FN
1,0,0.68,FN
1,0,0.68,FN
1,0,0.68,FN
1,0,0.68,FN
1,0,0.68,FN
1,0,0.68,FN
1,0,0.68,FN
1,0,0.68,FN
1,0,0.68,FN
1,0,0.68,FN
1,0,0.68,FN
1,0,0.69,FN
1,0,0.69,FN
1,0,0.69,FN
1,0,0.68,FN
1,0,0.69,FN
1,0,0.69,FN
1,0,0.983,FN
1,0,0.983,FN
1,0,0.983,FN
1,1,0.68,TP
1,1,0.5700036184031987,TP
1,1,0.6900036184031987,TP
1,0,0.983,FN
1,0,0.983,FN
1,1,0.5700036184031987,TP
1,1,0.6700036184031987,TP
1,1,0.67,TP
1,1,0.67,TP
1,0,0.983,FN
1,0,0.983,FN
1,0,0.983,FN
1,1,0.5600036184031987,TP
1,1,0.68,TP
1,1,0.5600036184031987,TP
1,0,0.983,FN
1,0,0.983,FN
1,0,0.983,FN
1,0,0.983,FN
1,1,0.6700036184031987,TP
1,1,0.69,TP
1,1,0.5800036184031987,TP
1,0,0.983,FN
1,0,0.983,FN
1,0,0.983,FN
1,1,0.5700036184031987,TP
1,0,0.983,FN
1,1,0.5800036184031987,TP
1,0,0.983,FN
1,0,0.983,FN
1,0,0.68,FN
1,1,0.5800036184031987,TP
1,1,0.5600036184031987,TP
1,0,0.7099963815968013,FN
1,0,0.7199963815968013,FN
1,0,0.983,FN
1,0,0.983,FN
1,0,0.983,FN
1,0,0.71,FN
1,0,0.7199963815968013,FN
1,0,0.72,FN
1,0,0.72,FN
1,0,0.7399963815968014,FN
1,0,0.7399963815968014,FN
1,0,0.983,FN
1,0,0.72,FN
1,0,0.7399963815968014,FN
1,0,0.983,FN
1,0,0.983,FN
1,0,0.983,FN
1,0,0.983,FN
1,0,0.983,FN
1,0,0.73,FN
1,0,0.7659963815968013,FN
1,0,0.7,FN
1,0,0.71,FN
1,0,0.7,FN
1,0,0.71,FN
1,0,0.7,FN
1,0,0.7,FN
1,0,0.7,FN
1,0,0.7,FN
1,0,0.7,FN
1,0,0.71,FN
1,0,0.7,FN
1,0,0.71,FN
1,0,0.7,FN
1,0,0.7,FN
1,0,0.71,FN
1,0,0.7299963815968014,FN
1,0,0.73,FN
1,0,0.7699963815968013,FN
1,0,0.983,FN
1,0,0.7699963815968013,FN
1,0,0.73,FN
1,0,0.983,FN
1,0,0.983,FN
1,0,0.983,FN
1,0,0.983,FN
1,0,0.7659963815968013,FN
1,0,0.983,FN
1,0,0.74,FN
1,0,0.7759963815968013,FN
1,0,0.7799963815968013,FN
1,0,0.74,FN
1,0,0.7759963815968013,FN
1,0,0.983,FN
1,0,0.983,FN
1,0,0.983,FN
1,0,0.983,FN
1,0,0.7759963815968013,FN
1,0,0.983,FN
1,0,0.7499963815968013,FN
1,0,0.76,FN
1,0,0.7899963815968013,FN
1,0,0.983,FN
1,0,0.7799963815968013,FN
1,0,0.983,FN
1,0,0.7799963815968013,FN
1,0,0.7559963815968013,FN
1,0,0.983,FN
1,0,0.983,FN
1,0,0.983,FN
1,0,0.983,FN
1,0,0.983,FN
1,0,0.8259963815968012,FN
1,0,0.983,FN
1,0,0.7999963815968013,FN
1,0,0.7959963815968013,FN
1,0,0.983,FN
1,0,0.8099963815968013,FN
1,0,0.8099963815968013,FN
1,0,0.983,FN
1,0,0.73,FN
1,0,0.73,FN
1,0,0.73,FN
1,0,0.73,FN
1,0,0.73,FN
1,0,0.73,FN
1,0,0.73,FN
1,0,0.73,FN
1,0,0.73,FN
1,0,0.73,FN
1,0,0.73,FN
1,0,0.73,FN
1,0,0.73,FN
1,0,0.74,FN
1,0,0.73,FN
1,0,0.73,FN
1,0,0.73,FN
1,0,0.73,FN
1,0,0.73,FN
1,0,0.73,FN
1,0,0.73,FN
1,0,0.73,FN
1,0,0.73,FN
1,0,0.73,FN
1,0,0.73,FN
1,0,0.73,FN
1,0,0.73,FN
1,0,0.73,FN
1,0,0.73,FN
1,0,0.73,FN
1,0,0.74,FN
1,0,0.74,FN
1,0,0.73,FN
1,0,0.73,FN
1,0,0.73,FN
1,0,0.73,FN
1,0,0.73,FN
1,0,0.73,FN
1,0,0.73,FN
1,0,0.73,FN
1,0,0.73,FN
1,0,0.73,FN
1,0,0.73,FN
1,0,0.73,FN
1,0,0.73,FN
1,0,0.73,FN
1,0,0.73,FN
1,0,0.73,FN
1,0,0.73,FN
1,0,0.73,FN
1,0,0.8099963815968013,FN
1,0,0.8099963815968013,FN
1,0,0.983,FN
1,0,0.983,FN
1,0,0.983,FN
1,0,0.983,FN
1,0,0.983,FN
1,0,0.8099963815968013,FN
1,0,0.8059963815968012,FN
1,0,0.983,FN
1,0,0.8099963815968013,FN
1,0,0.8059963815968012,FN
1,0,0.983,FN
1,0,0.8099963815968013,FN
1,0,0.8099963815968013,FN
1,0,0.983,FN
1,0,0.8099963815968013,FN
1,0,0.8099963815968013,FN
1,0,0.983,FN
1,0,0.983,FN
1,0,0.983,FN
1,0,0.983,FN
1,0,0.983,FN
1,0,0.8159963815968012,FN
1,0,0.8059963815968012,FN
1,0,0.983,FN
1,0,0.8059963815968012,FN
1,0,0.7959963815968013,FN
1,0,0.983,FN
1,0,0.7959963815968013,FN
1,0,0.7959963815968013,FN
1,0,0.983,FN
1,0,0.7959963815968013,FN
1,0,0.7959963815968013,FN
1,0,0.983,FN
1,0,0.983,FN
1,0,0.983,FN
1,0,0.983,FN
1,0,0.983,FN
1,0,0.7959963815968013,FN
1,0,0.7959963815968013,FN
1,0,0.983,FN
1,0,0.7999963815968013,FN
1,0,0.8099963815968013,FN
1,0,0.983,FN
1,0,0.7949249530253727,FN
1,0,0.7949249530253727,FN
1,0,0.983,FN
1,0,0.74,FN
1,0,0.7989249530253727,FN
1,0,0.7949249530253727,FN
1,0,0.983,FN
1,0,0.983,FN
1,0,0.983,FN
1,0,0.983,FN
1,0,0.75,FN
1,0,0.7949249530253727,FN
1,0,0.7949249530253727,FN
1,0,0.983,FN
1,0,0.8049249530253726,FN
1,0,0.77,FN
1,0,0.76,FN
1,0,0.76,FN
1,0,0.76,FN
1,0,0.76,FN
1,0,0.76,FN
1,0,0.76,FN
1,0,0.76,FN
1,0,0.76,FN
1,0,0.76,FN
1,0,0.76,FN
1,0,0.76,FN
1,0,0.76,FN
1,0,0.76,FN
1,0,0.76,FN
1,0,0.76,FN
1,0,0.76,FN
1,0,0.76,FN
1,0,0.983,FN
1,0,0.8189249530253727,FN
1,0,0.75,FN
1,0,0.8049249530253726,FN
1,0,0.8049249530253726,FN
1,0,0.983,FN
1,0,0.983,FN
1,0,0.983,FN
1,0,0.983,FN
1,0,0.76,FN
1,0,0.76,FN
1,0,0.76,FN
1,0,0.76,FN
1,0,0.76,FN
1,0,0.76,FN
1,0,0.76,FN
1,0,0.76,FN
1,0,0.77,FN
1,0,0.76,FN
1,0,0.76,FN
1,0,0.76,FN
1,0,0.76,FN
1,0,0.76,FN
1,0,0.76,FN
1,0,0.76,FN
1,0,0.76,FN
1,0,0.76,FN
1,0,0.76,FN
1,0,0.76,FN
1,0,0.76,FN
1,0,0.76,FN
1,0,0.76,FN
1,0,0.76,FN
1,0,0.76,FN
1,0,0.76,FN
1,0,0.76,FN
1,0,0.76,FN
1,0,0.76,FN
1,0,0.76,FN
1,0,0.77,FN
1,0,0.76,FN
1,0,0.76,FN
1,0,0.76,FN
1,0,0.76,FN
1,0,0.76,FN
1,0,0.76,FN
1,0,0.76,FN
1,0,0.76,FN
1,0,0.76,FN
1,0,0.76,FN
1,0,0.76,FN
1,0,0.77,FN
1,0,0.76,FN
1,0,0.76,FN
1,0,0.76,FN
1,0,0.77,FN
1,0,0.76,FN
1,0,0.76,FN
1,0,0.8089249530253727,FN
1,0,0.75,FN
1,0,0.983,FN
1,0,0.8689285714285714,FN
1,0,0.8089249530253727,FN
1,0,0.8049249530253726,FN
1,0,0.8089249530253727,FN
1,0,0.983,FN
1,0,0.983,FN
1,0,0.983,FN
1,0,0.983,FN
1,0,0.983,FN
1,0,0.8689285714285714,FN
1,0,0.9249285714285713,FN
1,0,0.9189285714285714,FN
1,0,0.9189285714285714,FN
1,0,0.983,FN
1,0,0.8789285714285714,FN
1,0,0.9189285714285714,FN
1,0,0.8689285714285714,FN
1,0,0.8689285714285714,FN
1,0,0.9149285714285713,FN
1,0,0.9149285714285713,FN
1,0,0.983,FN
1,0,0.983,FN
1,0,0.983,FN
1,0,0.9289285714285714,FN
1,0,0.79,FN
1,0,0.79,FN
1,0,0.79,FN
1,0,0.983,FN
1,0,0.983,FN
1,0,0.983,FN
1,0,0.9249285714285713,FN
1,0,0.8789285714285714,FN
1,0,0.9149285714285713,FN
1,0,0.983,FN
1,0,0.983,FN
1,0,0.9189285714285714,FN
1,0,0.983,FN
1,0,0.9189285714285714,FN
1,0,0.9189285714285714,FN
1,0,0.983,FN
1,0,0.9289285714285714,FN
1,0,0.8689285714285714,FN
1,0,0.9289285714285714,FN
1,0,0.8,FN
1,0,0.8,FN
1,0,0.8,FN
1,0,0.8,FN
1,0,0.8,FN
1,0,0.8,FN
1,0,0.8,FN
1,0,0.8,FN
1,0,0.8,FN
1,0,0.8,FN
1,0,0.8,FN
1,0,0.8,FN
1,0,0.8,FN
1,0,0.8,FN
1,0,0.8,FN
1,0,0.8,FN
1,0,0.8,FN
1,0,0.8,FN
1,0,0.8,FN
1,0,0.8,FN
1,0,0.983,FN
1,0,0.8689285714285714,FN
1,0,0.9189285714285714,FN
1,0,0.9149285714285713,FN
1,0,0.983,FN
1,0,0.8689285714285714,FN
1,0,0.8689285714285714,FN
1,0,0.9189285714285714,FN
1,0,0.9149285714285713,FN
1,0,0.983,FN
1,0,0.983,FN
1,0,0.8999558498896247,FN
1,0,0.8999558498896247,FN
1,0,0.8988844213181961,FN
1,0,0.9648670379412582,FN
1,0,0.9648670379412582,FN
1,0,0.983,FN
1,0,0.983,FN
1,0,0.9648670379412582,FN
1,0,0.8988844213181961,FN
1,0,0.983,FN
1,0,0.983,FN
1,0,0.9688670379412581,FN
1,0,0.9688670379412581,FN
1,0,0.983,FN
1,0,0.9188844213181961,FN
1,0,0.9688670379412581,FN
1,0,0.983,FN
1,0,0.9688670379412581,FN
1,0,0.9088844213181961,FN
1,0,0.9688670379412581,FN
1,0,0.983,FN
1,0,0.9688670379412581,FN
1,0,0.983,FN
1,0,0.9688670379412581,FN
1,0,0.938867037941258,FN
1,0,0.75,FN
1,0,0.75,FN
1,0,0.75,FN
1,0,0.75,FN
1,0,0.75,FN
1,0,0.76,FN
1,0,0.75,FN
1,0,0.75,FN
1,0,0.75,FN
1,0,0.75,FN
1,0,0.75,FN
1,0,0.75,FN
1,0,0.75,FN
1,0,0.75,FN
1,0,0.75,FN
1,0,0.75,FN
1,0,0.75,FN
1,0,0.75,FN
1,0,0.8988844213181961,FN
1,0,0.938867037941258,FN
1,0,0.9348670379412581,FN
1,0,0.8978317897392487,FN
1,0,0.928867037941258,FN
1,0,0.983,FN
1,0,0.938867037941258,FN
1,0,0.983,FN
1,0,0.938867037941258,FN
1,0,0.8978317897392487,FN
1,0,0.983,FN
1,0,0.9678067442874583,FN
1,0,0.938867037941258,FN
1,0,0.9378144063623107,FN
1,0,0.9778067442874583,FN
1,0,0.983,FN
1,0,0.983,FN
1,0,0.9678067442874583,FN
1,0,0.9778067442874583,FN
1,0,0.9788593758664057,FN
1,0,0.983,FN
1,0,0.9778067442874583,FN
1,0,0.9778067442874583,FN
1,0,0.983,FN
1,0,0.9678067442874583,FN
1,0,0.9678067442874583,FN
1,0,0.9678065245796695,FN
1,0,0.983,FN
1,0,0.983,FN
1,0,0.983,FN
1,0,0.9678067442874583,FN
1,0,0.983,FN
1,0,0.9778067442874583,FN
1,0,0.983,FN
1,0,0.957810787959112,FN
1,0,0.977810787959112,FN
1,0,0.983,FN
1,0,0.983,FN
1,0,0.977810787959112,FN
1,0,0.9988993207260387,FN
1,0,0.9888993207260387,FN
1,0,0.9888819968227521,FN
1,0,0.983,FN
1,0,0.9985122878919366,FN
1,0,0.9988993207260387,FN
1,0,0.9985122878919366,FN
1,0,0.9985122878919366,FN
1,0,0.9985122878919366,FN
1,0,0.9899961024153613,FN
1,0,0.95,FN
1,0,0.9699819738621,FN
1,0,0.9699819738621,FN
1,0,0.9499819738621,FN
1,0,0.9699819738621,FN
1,0,0.9699819738621,FN
1,0,0.9699819738621,FN
1,0,0.9699819738621,FN
1,0,0.9699819738621,FN
1,0,0.9699819738621,FN
1,0,0.9699819738621,FN
1,0,0.9699819738621,FN
1,0,0.9699819738621,FN
1,0,0.9699819738621,FN
1,0,0.97,FN
1,0,0.9699819738621,FN
1,0,0.9699819738621,FN
1,0,0.9499819738621,FN
1,0,0.9699819738621,FN
1,0,0.9699819738621,FN
1,0,0.9499819738621,FN
1,0,0.9699819738621,FN
1,0,0.9699819738621,FN
1,0,0.9699819738621,FN
1,0,0.9699819738621,FN
1,0,0.9499819738621,FN
1,0,0.9699819738621,FN
1,0,0.9699819738621,FN
1,0,0.9699819738621,FN
1,0,0.9699819738621,FN
1,0,0.9699819738621,FN
1,0,0.9699819738621,FN
1,0,0.9699819738621,FN
1,0,0.9699819738621,FN
1,0,0.9699819738621,FN
1,0,0.9699819738621,FN
1,0,0.9699819738621,FN
1,0,0.9699819738621,FN
1,0,0.9699819738621,FN
1,0,0.9699819738621,FN
1,0,0.9699819738621,FN
1,0,0.9699819738621,FN
1,0,0.9699819738621,FN
1,0,0.9699819738621,FN
1,0,0.9699819738621,FN
1,0,0.9699819738621,FN
1,0,0.9699819738621,FN
1,0,0.9699819738621,FN
1,0,0.9699819738621,FN
1,0,0.9699819738621,FN
1,0,0.9699819738621,FN
1,0,0.9499819738621,FN
1,0,0.9499819738621,FN
1,0,0.9699819738621,FN
1,0,0.9699819738621,FN
1,0,0.9699819738621,FN
1,0,0.9699819738621,FN
1,0,0.9699819738621,FN
1,0,0.9599819738621,FN
1,0,0.9699819738621,FN
1,0,0.9699819738621,FN
1,0,0.9699819738621,FN
1,0,0.9699819738621,FN
1,0,0.9699819738621,FN
1,0,0.9699819738621,FN
1,0,0.9699819738621,FN
1,0,0.9699819738621,FN
1,0,0.9699819738621,FN
1,0,0.9699819738621,FN
1,0,0.9699819738621,FN
1,0,0.93,FN
1,0,0.93,FN
1,0,0.93,FN
1,0,0.93,FN
1,0,0.93,FN
1,0,0.93,FN
1,0,0.93,FN
1,0,0.92,FN
1,0,0.93,FN
1,0,0.93,FN
1,0,0.92,FN
1,0,0.92,FN
1,0,0.93,FN
1,0,0.92,FN
1,0,0.93,FN
1,0,0.92,FN
1,0,0.92,FN
1,0,0.93,FN
1,0,0.92,FN
1,0,0.92,FN
1,0,0.93,FN
1,0,0.93,FN
1,0,0.93,FN
1,0,0.93,FN
1,0,0.93,FN
1,0,0.93,FN
1,0,0.92,FN
1,0,0.92,FN
1,0,0.93,FN
1,0,0.93,FN
1,0,0.92,FN
1,0,0.93,FN
1,0,0.92,FN
1,0,0.93,FN
1,0,0.93,FN
1,0,0.93,FN
1,0,0.92,FN
1,0,0.93,FN
1,0,0.92,FN
1,0,0.92,FN
1,0,0.92,FN
1,0,0.93,FN
1,0,0.92,FN
1,0,0.93,FN
1,0,0.93,FN
1,0,0.92,FN
1,0,0.92,FN
1,0,0.93,FN
1,0,0.92,FN
1,0,0.92,FN
1,0,0.93,FN
1,0,0.9084623244774015,FN
1,0,0.92,FN
1,0,0.92,FN
1,0,0.93,FN
1,0,0.92,FN
1,0,0.92,FN
1,0,0.92,FN
1,0,0.92,FN
1,0,0.92,FN
1,0,0.92,FN
1,0,0.92,FN
1,0,0.92,FN
1,1,0.5165833075814914,TP
1,0,0.92,FN
1,0,0.92,FN
1,0,0.9285273795074697,FN
1,0,0.59,FN
1,1,0.6488241170073117,TP
1,1,0.5003793763893998,TP
1,0,0.98,FN
1,0,0.98,FN
1,0,0.85999972081856,FN
1,0,0.82,FN
1,0,0.82,FN
1,0,0.82,FN
1,0,0.83,FN
1,0,0.83,FN
1,0,0.83,FN
1,0,0.83,FN
1,0,0.83,FN
1,0,0.83,FN
1,0,0.83,FN
1,0,0.83,FN
1,0,0.83,FN
1,0,0.83,FN
1,0,0.6799963815968013,FN
1,0,0.6799963815968013,FN
1,0,0.6399963815968013,FN
1,0,0.6399963815968013,FN
1,0,0.83,FN
1,0,0.83,FN
1,0,0.83,FN
1,0,0.83,FN
1,0,0.83,FN
1,0,0.83,FN
1,0,0.82,FN
1,0,0.82,FN
1,0,0.83,FN
1,0,0.83,FN
1,0,0.82,FN
1,0,0.82,FN
1,0,0.83,FN
1,0,0.83,FN
1,0,0.83,FN
1,0,0.83,FN
1,0,0.83,FN
1,0,0.83,FN
1,0,0.83,FN
1,0,0.83,FN
1,0,0.83,FN
1,0,0.83,FN
1,0,0.83,FN
1,0,0.83,FN
1,0,0.83,FN
1,0,0.83,FN
1,0,0.83,FN
1,0,0.82,FN
1,0,0.83,FN
1,0,0.82,FN
1,0,0.82,FN
1,0,0.82,FN
1,0,0.82,FN
1,0,0.83,FN
1,0,0.83,FN
1,0,0.83,FN
1,0,0.83,FN
1,0,0.83,FN
1,0,0.82,FN
1,0,0.82,FN
1,0,0.83,FN
1,0,0.82,FN
1,0,0.83,FN
1,0,0.83,FN
1,0,0.83,FN
1,0,0.83,FN
1,0,0.83,FN
1,0,0.83,FN
1,0,0.83,FN
1,0,0.83,FN
1,0,0.83,FN
1,0,0.83,FN
1,0,0.83,FN
1,0,0.83,FN
1,0,0.83,FN
1,0,0.83,FN
1,0,0.83,FN
1,0,0.83,FN
1,0,0.82,FN
1,0,0.82,FN
1,0,0.83,FN
1,0,0.82,FN
1,0,0.82,FN
1,0,0.83,FN
1,0,0.82,FN
1,0,0.82,FN
1,0,0.83,FN
1,0,0.83,FN
1,0,0.82,FN
1,0,0.82,FN
1,0,0.83,FN
1,0,0.83,FN
1,0,0.83,FN
1,0,0.83,FN
1,0,0.83,FN
1,0,0.83,FN
1,0,0.83,FN
1,0,0.83,FN
1,0,0.83,FN
1,0,0.83,FN
1,0,0.83,FN
1,0,0.83,FN
1,0,0.83,FN
1,0,0.83,FN
1,0,0.83,FN
1,0,0.83,FN
1,0,0.83,FN
1,0,0.83,FN
1,0,0.83,FN
1,0,0.83,FN
1,0,0.83,FN
1,0,0.83,FN
1,0,0.83,FN
1,0,0.83,FN
1,0,0.83,FN
1,0,0.83,FN
1,0,0.83,FN
1,0,0.82,FN
1,0,0.82,FN
1,0,0.83,FN
1,0,0.83,FN
1,0,0.83,FN
1,0,0.83,FN
1,0,0.83,FN
1,0,0.83,FN
1,0,0.82,FN
1,0,0.83,FN
1,0,0.82,FN
1,0,0.83,FN
1,0,0.83,FN
1,0,0.83,FN
1,0,0.83,FN
1,0,0.82,FN
1,0,0.83,FN
1,0,0.82,FN
1,0,0.83,FN
1,0,0.83,FN
1,0,0.83,FN
1,0,0.83,FN
1,0,0.82,FN
1,0,0.82,FN
1,0,0.82,FN
1,0,0.82,FN
1,0,0.83,FN
1,0,0.83,FN
1,0,0.83,FN
1,0,0.83,FN
1,1,0.8500036184031987,TP
1,1,0.8500036184031987,TP
1,1,0.86,TP
1,1,0.86,TP
1,1,0.9600036184031987,TP
1,0,0.9,FN
1,0,1.0,FN
1,0,0.9066666666666667,FN
1,0,0.96,FN
1,0,0.87,FN
1,0,0.8183333333333335,FN
1,0,0.8866666666666667,FN
1,0,0.9666666666666667,FN
1,0,1.0,FN
1,0,0.7366666666666667,FN
1,0,1.0,FN
1,0,0.8666666666666667,FN
1,0,1.0,FN
1,0,0.97,FN
1,0,0.82,FN
1,0,0.9316666666666665,FN
1,0,0.98,FN
1,0,0.76,FN
1,0,0.97,FN
1,0,0.9,FN
1,0,0.73,FN
1,0,0.78,FN
1,0,0.89,FN
1,0,0.93,FN
1,0,0.97,FN
1,0,0.9,FN
1,0,1.0,FN
1,0,0.6116666666666667,FN
1,0,0.6583333333333334,FN
1,0,0.89,FN
1,0,0.61,FN
1,0,0.7666666666666667,FN
1,0,1.0,FN
1,0,0.97,FN
1,0,0.94,FN
1,0,0.97,FN
1,0,0.87,FN
1,0,0.83,FN
1,0,0.7466666666666667,FN
1,0,0.89,FN
1,0,0.6516666666666667,FN
1,0,0.7683333333333334,FN
1,0,0.98,FN
1,0,0.87,FN
1,0,0.8366666666666667,FN
1,0,0.87,FN
1,0,0.96,FN
1,0,0.7666666666666667,FN
1,0,0.8666666666666667,FN
1,0,1.0,FN
1,0,0.9766666666666667,FN
1,0,0.8366666666666667,FN
1,0,0.98,FN
1,0,0.98,FN
1,0,0.96,FN
1,0,0.6799963815968013,FN
1,0,0.6799963815968013,FN
1,0,0.6399963815968013,FN
1,0,0.6399963815968013,FN
1,0,0.82,FN
1,0,0.82,FN
1,0,0.7899915349887133,FN
1,0,0.62,FN
1,0,0.7899915349887133,FN
1,0,0.7899915349887133,FN
1,0,0.7899915349887133,FN
1,0,0.7899915349887133,FN
1,0,0.7899915349887133,FN
1,0,0.7899915349887133,FN
1,0,0.7899915349887133,FN
1,0,0.76,FN
1,0,0.76,FN
1,0,0.76,FN
1,0,0.76,FN
1,0,0.76,FN
1,0,0.76,FN
1,0,0.76,FN
1,0,0.75,FN
1,0,0.76,FN
1,0,0.76,FN
1,0,0.76,FN
1,0,0.76,FN
1,0,1.0,FN
1,0,1.0,FN
1,0,0.82,FN
1,0,0.73,FN
1,0,0.94,FN
1,0,0.93,FN
1,0,0.83,FN
1,0,0.9416666666666665,FN
1,0,0.87,FN
1,0,0.89,FN
1,0,0.67,FN
1,0,0.91,FN
1,0,0.71,FN
1,0,0.5366666666666667,FN
1,0,0.93,FN
1,0,0.79,FN
1,0,0.7566666666666667,FN
1,0,0.93,FN
1,0,0.9666666666666667,FN
1,0,1.0,FN
1,0,1.0,FN
1,0,0.98,FN
1,0,0.7016666666666667,FN
1,0,0.7583333333333334,FN
1,0,0.99,FN
1,0,0.78,FN
1,0,0.9666666666666667,FN
1,0,0.91,FN
1,0,0.8366666666666667,FN
1,0,0.87,FN
1,0,0.95,FN
1,0,0.86,FN
1,0,0.97,FN
1,0,0.89,FN
1,0,0.85,FN
1,0,0.6716666666666665,FN
1,0,0.87,FN
1,0,0.91,FN
1,0,0.77,FN
1,0,0.89,FN
1,0,0.93,FN
1,0,0.72,FN
1,0,1.0,FN
1,0,0.5566666666666668,FN
1,0,0.78,FN
1,0,0.7566666666666667,FN
1,0,0.6316666666666667,FN
1,0,0.89,FN
1,0,0.8883333333333334,FN
1,0,0.97,FN
1,0,1.0,FN
1,0,0.9166666666666667,FN
1,0,0.98,FN
1,0,0.94,FN
1,0,0.8,FN
1,0,0.7966666666666667,FN
1,0,1.0,FN
1,0,1.0,FN
1,0,0.9766666666666667,FN
1,0,0.96,FN
1,0,0.99,FN
1,0,0.9183333333333334,FN
1,0,0.8366666666666667,FN
1,0,1.0,FN
1,0,0.7666666666666667,FN
1,0,0.9666666666666667,FN
1,0,0.93,FN
1,0,0.83,FN
1,0,0.97,FN
1,0,1.0,FN
1,0,0.89,FN
1,0,0.8816666666666666,FN
1,0,0.82,FN
1,0,0.96,FN
1,0,0.96,FN
1,0,0.99,FN
1,0,0.97,FN
1,0,0.99,FN
1,0,1.0,FN
1,0,0.87,FN
1,0,0.84,FN
1,0,0.88,FN
1,0,0.7666666666666667,FN
1,0,1.0,FN
1,0,0.8116666666666665,FN
1,0,0.8783333333333334,FN
1,0,0.98,FN
1,0,1.0,FN
1,0,1.0,FN
1,0,0.84,FN
1,0,0.82,FN
1,0,0.94,FN
1,0,0.7566666666666667,FN
1,0,0.97,FN
1,0,0.83,FN
1,0,0.7766666666666667,FN
1,0,0.89,FN
1,0,0.7783333333333334,FN
1,0,0.82,FN
1,0,0.98,FN
1,0,1.0,FN
1,0,0.9666666666666667,FN
1,1,0.97,TP
1,0,0.9,FN
1,0,0.98,FN
1,1,0.97,TP
1,0,0.87,FN
1,1,0.5616666666666668,TP
1,0,0.89,FN
1,1,0.86,TP
1,1,0.86,TP
1,0,1.0,FN
1,0,0.94,FN
1,0,0.8,FN
1,0,0.9,FN
1,0,1.0,FN
1,0,0.86,FN
1,0,0.8866666666666667,FN
1,0,0.98,FN
1,0,0.8816666666666666,FN
1,0,0.7383333333333334,FN
1,0,0.98,FN
1,0,1.0,FN
1,0,0.87,FN
1,0,0.9666666666666667,FN
1,0,0.87,FN
1,0,0.8366666666666667,FN
1,0,1.0,FN
1,0,0.81,FN
1,0,0.7866666666666667,FN
1,0,0.8,FN
1,0,0.89,FN
1,0,0.96,FN
1,0,0.84,FN
1,0,0.93,FN
1,0,0.82,FN
1,0,0.92,FN
1,0,0.95,FN
1,0,0.93,FN
1,0,0.99,FN
1,0,0.99,FN
1,0,0.6916666666666665,FN
1,0,1.0,FN
1,1,0.6516666666666666,TP
1,0,0.91,FN
1,0,0.62,FN
1,0,0.6566666666666667,FN
1,0,0.88,FN
1,0,0.73,FN
1,0,1.0,FN
1,0,0.9666666666666667,FN
1,0,0.97,FN
1,0,0.89,FN
1,0,0.7566666666666667,FN
1,0,0.82,FN
1,0,0.7016666666666667,FN
1,0,1.0,FN
1,0,0.7583333333333334,FN
1,0,1.0,FN
1,0,0.91,FN
1,0,0.9666666666666667,FN
1,0,1.0,FN
1,0,0.8666666666666667,FN
1,0,0.8366666666666667,FN
1,0,0.9,FN
1,0,0.8066666666666668,FN
1,0,0.6799963815968013,FN
1,0,0.6799963815968013,FN
1,0,0.6399963815968013,FN
1,0,0.6399963815968013,FN
1,0,0.82,FN
1,0,0.82,FN
1,0,0.82,FN
1,0,0.62,FN
1,0,0.7899915349887133,FN
1,0,0.7899915349887133,FN
1,0,0.7899915349887133,FN
1,0,0.7899915349887133,FN
1,0,0.7899915349887133,FN
1,0,0.7899915349887133,FN
1,0,0.7899915349887133,FN
1,0,0.7899915349887133,FN
1,0,0.7899915349887133,FN
1,0,0.7899915349887133,FN
1,0,0.7899915349887133,FN
1,0,0.7999915349887133,FN
1,0,0.7899915349887133,FN
1,0,0.7899915349887133,FN
1,0,0.7899915349887133,FN
1,0,0.7899915349887133,FN
1,0,0.7899915349887133,FN
1,0,0.7899915349887133,FN
1,0,0.7899915349887133,FN
1,0,0.7899915349887133,FN
1,0,0.7899915349887133,FN
1,0,0.7899915349887133,FN
1,0,0.7899915349887133,FN
1,0,0.72,FN
1,0,0.8366666666666667,FN
1,0,0.8,FN
1,0,0.96,FN
1,0,0.89,FN
1,0,0.85,FN
1,0,0.93,FN
1,0,0.73,FN
1,0,0.82,FN
1,0,1.0,FN
1,0,0.94,FN
1,0,0.98,FN
1,0,0.88,FN
1,0,0.97,FN
1,0,0.7016666666666665,FN
1,0,0.69,FN
1,0,0.91,FN
1,0,0.71,FN
1,0,0.5866666666666667,FN
1,0,0.91,FN
1,0,0.7766666666666667,FN
1,1,0.74,TP
1,0,0.92,FN
1,0,1.0,FN
1,0,0.85,FN
1,0,1.0,FN
1,0,0.98,FN
1,0,0.6616666666666666,FN
1,0,0.7283333333333334,FN
1,0,0.99,FN
1,0,0.95,FN
1,0,0.9666666666666667,FN
1,0,0.91,FN
1,0,0.7383333333333334,FN
1,0,0.96,FN
1,0,0.86,FN
1,0,0.83,FN
1,0,0.93,FN
1,0,0.97,FN
1,1,0.95,TP
1,0,0.8366666666666667,FN
1,0,0.91,FN
1,0,0.6,FN
1,0,0.9666666666666667,FN
1,0,1.0,FN
1,0,1.0,FN
1,0,0.98,FN
1,0,0.9766666666666667,FN
1,0,0.8366666666666667,FN
1,0,0.7383333333333334,FN
1,0,0.9566666666666667,FN
1,0,0.8,FN
1,0,0.88,FN
1,0,0.86,FN
1,0,0.81,FN
1,0,1.0,FN
1,0,0.93,FN
1,0,0.97,FN
1,0,0.82,FN
1,0,0.87,FN
1,0,0.89,FN
1,0,0.9416666666666665,FN
1,0,0.89,FN
1,0,1.0,FN
1,0,0.92,FN
1,0,0.6366666666666667,FN
1,0,1.0,FN
1,0,0.9666666666666667,FN
1,0,0.73,FN
1,0,1.0,FN
1,0,1.0,FN
1,0,0.97,FN
1,0,0.9116666666666666,FN
1,0,0.99,FN
1,0,0.98,FN
1,0,0.9183333333333334,FN
1,0,0.99,FN
1,0,0.74,FN
1,0,0.91,FN
1,0,0.8366666666666667,FN
1,0,0.83,FN
1,0,0.8366666666666667,FN
1,0,0.8366666666666667,FN
1,0,0.89,FN
1,0,0.9466666666666668,FN
1,0,0.7166666666666667,FN
1,0,0.98,FN
1,0,0.89,FN
1,0,0.96,FN
1,0,0.84,FN
1,0,0.93,FN
1,1,0.96,TP
1,0,0.68,FN
1,0,0.89,FN
1,0,0.86,FN
1,0,0.99,FN
1,0,0.99,FN
1,1,0.97,TP
1,0,0.95,FN
1,0,0.95,FN
1,0,0.71,FN
1,0,1.0,FN
1,0,0.5466666666666667,FN
1,0,0.93,FN
1,1,0.52,TP
1,0,1.0,FN
1,0,0.9666666666666667,FN
1,0,0.96,FN
1,1,0.8500036184031987,TP
1,0,0.8883333333333334,FN
1,1,0.86,TP
1,1,0.86,TP
1,0,0.91,FN
1,0,0.87,FN
1,0,0.7766666666666667,FN
1,0,0.9466666666666668,FN
1,0,1.0,FN
1,0,0.9766666666666667,FN
1,0,0.8366666666666667,FN
1,0,0.98,FN
1,0,0.98,FN
1,0,0.96,FN
1,0,1.0,FN
1,0,0.82,FN
1,0,1.0,FN
1,0,0.98,FN
1,0,0.98,FN
1,0,0.93,FN
1,0,0.95,FN
1,0,0.97,FN
1,0,0.7383333333333334,FN
1,0,0.9416666666666665,FN
1,0,0.98,FN
1,0,0.83,FN
1,0,0.7566666666666667,FN
1,0,0.93,FN
1,0,0.94,FN
1,0,0.9666666666666667,FN
1,0,0.99,FN
1,0,0.98,FN
1,0,1.0,FN
1,0,0.98,FN
1,0,0.8666666666666667,FN
1,0,0.7316666666666666,FN
1,0,0.8083333333333335,FN
1,0,0.98,FN
1,0,1.0,FN
1,0,0.9666666666666667,FN
1,0,1.0,FN
1,0,0.7166666666666667,FN
1,0,0.9666666666666667,FN
1,0,0.983,FN
1,0,0.9266666666666667,FN
1,0,0.89,FN
1,0,0.89,FN
1,0,0.8,FN
1,0,0.98,FN
1,0,0.8,FN
1,0,0.94,FN
1,0,0.8,FN
1,0,0.97,FN
1,0,1.0,FN
1,0,0.74,FN
1,0,0.6799963815968013,FN
1,0,0.6799963815968013,FN
1,0,0.6399963815968013,FN
1,0,0.6399963815968013,FN
1,0,0.83,FN
1,0,0.83,FN
1,0,0.83,FN
1,0,0.83,FN
1,0,0.71,FN
1,0,0.82,FN
1,0,0.7799915349887133,FN
1,0,0.7799915349887133,FN
1,0,0.7799915349887133,FN
1,0,0.7899915349887133,FN
1,0,0.7899915349887133,FN
1,0,0.7899915349887133,FN
1,0,0.7899915349887133,FN
1,0,0.7899915349887133,FN
1,0,0.7899915349887133,FN
1,0,0.7899915349887133,FN
1,0,0.7899915349887133,FN
1,0,0.7899915349887133,FN
1,0,0.7899915349887133,FN
1,0,0.7899915349887133,FN
1,0,0.7899915349887133,FN
1,0,0.7899915349887133,FN
1,0,0.7899915349887133,FN
1,0,0.7899915349887133,FN
1,0,0.7899915349887133,FN
1,0,0.7899915349887133,FN
1,0,0.7899915349887133,FN
1,0,0.7899915349887133,FN
1,0,0.7899915349887133,FN
1,0,0.7899915349887133,FN
1,0,0.7899915349887133,FN
1,0,0.7899915349887133,FN
1,0,0.7899915349887133,FN
1,0,0.7899915349887133,FN
1,0,0.7899915349887133,FN
1,0,0.7899915349887133,FN
1,0,0.7899915349887133,FN
1,0,0.7899915349887133,FN
1,0,0.7899915349887133,FN
1,0,0.89,FN
1,0,0.88,FN
1,0,0.99,FN
1,0,0.99,FN
1,0,1.0,FN
1,0,0.6816666666666665,FN
1,1,0.7916666666666665,TP
1,0,0.63,FN
1,0,1.0,FN
1,0,0.9466666666666668,FN
1,0,0.92,FN
1,0,0.94,FN
1,0,0.79,FN
1,0,0.97,FN
1,0,0.92,FN
1,0,0.84,FN
1,0,0.7366666666666667,FN
1,0,0.9183333333333334,FN
1,0,0.7216666666666666,FN
1,0,0.89,FN
1,0,0.98,FN
1,0,1.0,FN
1,0,0.89,FN
1,0,0.9666666666666667,FN
1,0,0.8366666666666667,FN
1,0,0.87,FN
1,0,0.9266666666666667,FN
1,0,1.0,FN
1,0,0.8366666666666667,FN
1,0,0.9766666666666667,FN
1,0,0.98,FN
1,0,0.96,FN
1,0,0.98,FN
1,1,0.9500036184031987,TP
1,1,0.5016666666666667,TP
1,0,0.6216666666666667,FN
1,1,0.55,TP
1,0,0.7666666666666667,FN
1,0,0.92,FN
1,0,0.97,FN
1,0,0.94,FN
1,0,0.8066666666666668,FN
1,0,1.0,FN
1,0,0.9766666666666667,FN
1,0,0.97,FN
1,0,0.96,FN
1,0,0.7783333333333334,FN
1,0,0.82,FN
1,0,1.0,FN
1,0,0.97,FN
1,0,0.9666666666666667,FN
1,0,0.7666666666666667,FN
1,1,0.98,TP
1,0,1.0,FN
1,0,1.0,FN
1,0,0.97,FN
1,0,0.96,FN
1,1,0.95,TP
1,0,0.81,FN
1,0,0.86,FN
1,0,0.93,FN
1,0,0.98,FN
1,0,1.0,FN
1,0,0.87,FN
1,0,0.73,FN
1,0,0.9416666666666665,FN
1,0,0.96,FN
1,0,0.98,FN
1,0,1.0,FN
1,0,0.97,FN
1,0,0.93,FN
1,0,0.93,FN
1,0,0.8466666666666667,FN
1,0,1.0,FN
1,0,0.97,FN
1,0,0.9466666666666668,FN
1,0,0.97,FN
1,0,0.9116666666666666,FN
1,0,0.89,FN
1,0,0.9183333333333334,FN
1,0,1.0,FN
1,0,0.95,FN
1,0,0.7466666666666667,FN
1,1,0.99,TP
1,0,0.87,FN
1,0,0.8266666666666667,FN
1,0,0.8166666666666668,FN
1,0,0.9,FN
1,0,0.8166666666666668,FN
1,1,0.99,TP
1,0,0.98,FN
1,0,0.98,FN
1,0,0.96,FN
1,0,0.97,FN
1,0,0.81,FN
1,0,1.0,FN
1,0,0.73,FN
1,0,0.89,FN
1,0,0.93,FN
1,0,0.89,FN
1,0,0.5183333333333333,FN
1,0,0.88,FN
1,1,0.86,TP
1,1,0.86,TP
1,0,0.87,FN
1,0,0.94,FN
1,0,0.75,FN
1,0,0.7566666666666667,FN
1,0,1.0,FN
1,0,0.96,FN
1,0,0.9766666666666667,FN
1,0,0.96,FN
1,0,0.79,FN
1,0,0.7183333333333334,FN
1,0,0.87,FN
1,0,0.7966666666666667,FN
1,0,0.8366666666666667,FN
1,0,0.86,FN
1,0,0.7866666666666667,FN
1,0,0.93,FN
1,0,0.78,FN
1,0,0.89,FN
1,0,0.6916666666666665,FN
1,0,0.81,FN
1,0,0.85,FN
1,0,0.76,FN
1,0,0.91,FN
1,0,0.85,FN
1,0,0.93,FN
1,0,0.76,FN
1,0,0.94,FN
1,0,0.7566666666666667,FN
1,0,0.8266666666666667,FN
1,0,0.78,FN
1,0,0.98,FN
1,0,0.98,FN
1,0,0.7116666666666666,FN
1,0,0.8416666666666666,FN
1,0,1.0,FN
1,0,0.8,FN
1,0,0.84,FN
1,0,0.93,FN
1,0,0.7966666666666667,FN
1,0,0.9666666666666667,FN
1,0,1.0,FN
1,0,0.95,FN
1,0,0.9466666666666668,FN
1,0,0.7166666666666667,FN
1,0,0.79,FN
1,0,0.6783333333333335,FN
1,0,0.6799963815968013,FN
1,0,0.6799963815968013,FN
1,0,0.6399963815968013,FN
1,0,0.6399963815968013,FN
1,0,0.82,FN
1,0,0.83,FN
1,0,0.82,FN
1,0,0.82,FN
1,0,0.82,FN
1,0,0.7799915349887133,FN
1,0,0.83,FN
1,0,0.7799915349887133,FN
1,0,0.7799915349887133,FN
1,0,0.7799915349887133,FN
1,0,0.7799915349887133,FN
1,0,0.7799915349887133,FN
1,0,0.7799915349887133,FN
1,0,0.7799915349887133,FN
1,0,0.7799915349887133,FN
1,0,0.7799915349887133,FN
1,0,0.7799915349887133,FN
1,0,0.78,FN
1,0,0.78,FN
1,0,0.7899915349887133,FN
1,0,0.7999915349887133,FN
1,0,0.7999915349887133,FN
1,0,0.7899915349887133,FN
1,0,0.7899915349887133,FN
1,0,0.7999915349887133,FN
1,0,0.7899915349887133,FN
1,0,0.7899915349887133,FN
1,0,0.7899915349887133,FN
1,0,0.7899915349887133,FN
1,0,0.7899915349887133,FN
1,0,0.7899915349887133,FN
1,0,0.7899915349887133,FN
1,0,0.7899915349887133,FN
1,0,0.7899915349887133,FN
1,0,0.7899915349887133,FN
1,0,0.7899915349887133,FN
1,0,0.7899915349887133,FN
1,0,0.7899915349887133,FN
1,0,0.7899915349887133,FN
1,0,0.7899915349887133,FN
1,0,0.7899915349887133,FN
1,0,0.7899915349887133,FN
1,0,0.7899915349887133,FN
1,0,0.7899915349887133,FN
1,0,0.7899915349887133,FN
1,0,0.7899915349887133,FN
1,0,0.7899915349887133,FN
1,0,0.7899915349887133,FN
1,0,0.9566666666666667,FN
1,0,0.85,FN
1,0,0.93,FN
1,0,0.81,FN
1,0,1.0,FN
1,0,0.93,FN
1,0,0.98,FN
1,0,0.82,FN
1,0,0.98,FN
1,0,0.7016666666666665,FN
1,0,0.73,FN
1,0,0.67,FN
1,0,0.91,FN
1,0,0.77,FN
1,0,0.5466666666666667,FN
1,0,0.93,FN
1,0,0.62,FN
1,0,0.87,FN
1,0,0.9566666666666667,FN
1,0,0.97,FN
1,0,0.97,FN
1,0,0.89,FN
1,0,0.9466666666666668,FN
1,0,0.9116666666666666,FN
1,0,0.6983333333333335,FN
1,0,1.0,FN
1,0,1.0,FN
1,0,0.9666666666666667,FN
1,0,0.91,FN
1,0,0.87,FN
1,0,0.8366666666666667,FN
1,0,0.9066666666666667,FN
1,0,0.9566666666666667,FN
1,0,1.0,FN
1,0,0.8466666666666667,FN
1,0,0.98,FN
1,1,0.8400036184031987,TP
1,0,1.0,FN
1,1,0.8400036184031987,TP
1,1,0.8400036184031987,TP
1,1,0.9500036184031987,TP
1,1,0.9500036184031987,TP
1,1,0.9500036184031987,TP
1,1,0.9500036184031987,TP
1,1,0.98,TP
1,1,0.94,TP
1,1,0.9600036184031987,TP
1,1,0.9600036184031987,TP
1,0,0.99,FN
1,1,0.9600036184031987,TP
1,0,0.81,FN
1,0,0.98,FN
1,0,0.97,FN
1,0,0.75,FN
1,0,0.9416666666666665,FN
1,0,1.0,FN
1,0,0.97,FN
1,0,0.5666666666666668,FN
1,0,0.91,FN
1,0,0.93,FN
1,0,1.0,FN
1,0,0.9666666666666667,FN
1,0,1.0,FN
1,0,0.98,FN
1,0,0.9666666666666667,FN
1,0,0.98,FN
1,0,0.8816666666666666,FN
1,0,0.9183333333333334,FN
1,0,0.98,FN
1,0,0.87,FN
1,0,0.83,FN
1,0,0.9666666666666667,FN
1,0,0.87,FN
1,1,0.95,TP
1,1,0.95,TP
1,0,0.6483333333333334,FN
1,0,0.9566666666666667,FN
1,0,1.0,FN
1,0,1.0,FN
1,0,0.71,FN
1,1,0.99,TP
1,0,0.93,FN
1,0,0.93,FN
1,0,0.84,FN
1,0,0.96,FN
1,0,0.95,FN
1,1,0.99,TP
1,1,0.5216666666666667,TP
1,0,0.85,FN
1,0,0.64,FN
1,0,0.7366666666666667,FN
1,0,0.94,FN
1,0,0.92,FN
1,0,0.97,FN
1,0,0.9666666666666667,FN
1,0,0.9266666666666667,FN
1,0,0.87,FN
1,0,0.6983333333333335,FN
1,1,0.86,TP
1,1,0.86,TP
1,0,0.9666666666666667,FN
1,0,0.5966666666666667,FN
1,0,0.84,FN
1,0,0.97,FN
1,0,0.93,FN
1,0,1.0,FN
1,0,1.0,FN
1,0,0.88,FN
1,0,0.9016666666666666,FN
1,0,0.88,FN
1,0,0.94,FN
1,0,0.78,FN
1,0,0.98,FN
1,0,0.98,FN
1,0,0.88,FN
1,0,0.8066666666666668,FN
1,0,1.0,FN
1,0,0.84,FN
1,0,0.89,FN
1,0,0.89,FN
1,0,0.6516666666666667,FN
1,0,0.7783333333333334,FN
1,0,0.8,FN
1,0,1.0,FN
1,0,0.9666666666666667,FN
1,0,0.89,FN
1,0,0.87,FN
1,0,0.8366666666666667,FN
1,0,0.9166666666666667,FN
1,0,0.9,FN
1,0,0.8366666666666667,FN
1,0,0.9166666666666667,FN
1,0,0.8,FN
1,0,0.89,FN
1,0,0.96,FN
1,0,1.0,FN
1,0,0.82,FN
1,0,1.0,FN
1,0,0.98,FN
1,0,1.0,FN
1,0,0.99,FN
1,0,1.0,FN
1,0,0.84,FN
1,0,0.9416666666666665,FN
1,0,0.85,FN
1,0,0.85,FN
1,0,0.7983333333333335,FN
1,0,0.71,FN
1,0,0.9166666666666667,FN
1,0,0.92,FN
1,0,0.94,FN
1,0,0.9666666666666667,FN
1,0,0.74,FN
1,0,1.0,FN
1,0,0.86,FN
1,0,0.8866666666666667,FN
1,0,0.98,FN
1,0,0.6516666666666667,FN
1,0,0.7783333333333334,FN
1,0,0.98,FN
1,0,1.0,FN
1,0,0.7666666666666667,FN
1,0,0.9666666666666667,FN
1,0,0.9666666666666667,FN
1,0,1.0,FN
1,0,0.9699222798983278,FN
1,0,0.606,FN
1,0,0.7601283839979355,FN
1,0,0.983,FN
1,0,0.983,FN
1,0,0.9889222545084989,FN
1,0,0.8303170450871434,FN
1,0,0.9979707342731227,FN
1,0,0.98999972081856,FN
1,0,0.9898765432098764,FN
1,0,0.7996874047481524,FN
1,0,0.9987641814665147,FN
1,0,0.9498765432098765,FN
1,0,0.9598765432098765,FN
1,0,0.9987639617587262,FN
1,0,0.89,FN
1,0,0.9889222545084989,FN
1,0,0.9498765432098765,FN
1,0,0.9798765432098765,FN
1,0,0.98999972081856,FN
1,0,0.9898765432098764,FN
1,0,0.9798765432098765,FN
1,0,0.9987639617587262,FN
1,0,0.9498765432098765,FN
1,0,0.9598765432098765,FN
1,0,0.9798765432098765,FN
1,0,0.9987639617587262,FN
1,0,0.9498765432098765,FN
1,0,0.9798765432098765,FN
1,0,0.9987641814665147,FN
1,0,0.9798765432098765,FN
1,0,0.9498765432098765,FN
1,0,0.9987641814665147,FN
1,0,0.9798765432098765,FN
1,0,0.9598765432098765,FN
1,0,0.983,FN
1,0,0.9798765432098765,FN
1,0,0.9889222545084989,FN
1,0,0.98999972081856,FN
1,0,0.9898765432098764,FN
1,0,0.9798765432098765,FN
1,0,0.9987641814665147,FN
1,0,0.9498765432098765,FN
1,0,0.9598765432098765,FN
1,0,0.9987641814665147,FN
1,0,0.9498765432098765,FN
1,0,0.9798765432098765,FN
1,0,0.9987641814665147,FN
1,0,0.9798765432098765,FN
1,0,0.9498765432098765,FN
1,0,0.9987641814665147,FN
1,0,0.9798765432098765,FN
1,0,0.9598765432098765,FN
1,0,0.9987641814665147,FN
1,0,0.9798765432098765,FN
1,0,0.9498765432098765,FN
1,0,0.9987641814665147,FN
1,0,0.9798765432098765,FN
1,0,0.8999091620345908,FN
1,0,0.9987641814665147,FN
1,0,0.9498765432098765,FN
1,0,0.9987639617587262,FN
1,0,0.9598765432098765,FN
1,0,0.9987639617587262,FN
1,0,0.9798765432098765,FN
1,0,0.9498765432098765,FN
1,0,0.9987639617587262,FN
1,0,0.9598765432098765,FN
1,0,0.9798765432098765,FN
1,0,0.9987639617587262,FN
1,0,0.9498765432098765,FN
1,0,0.9798765432098765,FN
1,0,0.9987639617587262,FN
1,0,0.9598765432098765,FN
1,0,0.9798765432098765,FN
1,0,0.9987639617587262,FN
1,1,0.96,TP
1,0,0.9498765432098765,FN
1,0,0.9798765432098765,FN
1,0,0.9987639617587262,FN
1,0,0.9598765432098765,FN
1,0,0.9798765432098765,FN
1,0,0.9987639617587262,FN
1,0,0.9498765432098765,FN
1,0,0.977874169447457,FN
1,0,0.9798765432098765,FN
1,0,0.9987639617587262,FN
1,0,0.9598765432098765,FN
1,0,0.9798765432098765,FN
1,0,0.9987639617587262,FN
1,0,0.9498765432098765,FN
1,0,0.9798765432098765,FN
1,0,0.9795578557437775,FN
1,0,0.9795578557437775,FN
1,0,0.9987639617587262,FN
1,0,0.9795578557437775,FN
1,0,0.9795578557437775,FN
1,0,0.9598765432098765,FN
1,0,0.9795505617977528,FN
1,0,0.9795505617977528,FN
1,0,0.9798765432098765,FN
1,0,0.9795505617977528,FN
1,0,0.9800604280967469,FN
1,0,0.9987641814665147,FN
1,0,0.9733937614300803,FN
1,0,0.9498765432098765,FN
1,0,0.9798765432098765,FN
1,0,0.9987639617587262,FN
1,0,0.9598765432098765,FN
1,0,0.9798765432098765,FN
1,0,0.9987639617587262,FN
1,0,0.9498765432098765,FN
1,0,0.9798765432098765,FN
1,0,0.9987639617587262,FN
1,0,0.9598765432098765,FN
1,0,0.9798765432098765,FN
1,0,0.9987639617587262,FN
1,0,0.9498765432098765,FN
1,0,0.9798765432098765,FN
1,0,0.9987639617587262,FN
1,0,0.9598765432098765,FN
1,0,0.9798765432098765,FN
1,0,0.9987639617587262,FN
1,0,0.9498765432098765,FN
1,0,0.9798765432098765,FN
1,0,0.9987641814665147,FN
1,0,0.9598765432098765,FN
1,0,0.9798765432098765,FN
1,0,0.9987639617587262,FN
1,0,0.9498765432098765,FN
1,0,0.9798765432098765,FN
1,0,0.9987639617587262,FN
1,0,0.9598765432098765,FN
1,0,0.9795578557437775,FN
1,0,0.9795578557437775,FN
1,0,0.9798765432098765,FN
1,0,0.9795578557437775,FN
1,0,0.9795578557437775,FN
1,0,0.9987639617587262,FN
1,0,0.9795578557437775,FN
1,0,0.9795578557437775,FN
1,0,0.9498765432098765,FN
1,0,0.9795578557437775,FN
1,0,0.9795578557437775,FN
1,0,0.9798765432098765,FN
1,0,0.9795578557437775,FN
1,0,0.9987639617587262,FN
1,0,0.9598765432098765,FN
1,0,0.9798765432098765,FN
1,0,0.9987639617587262,FN
1,0,0.9498765432098765,FN
1,0,0.9798765432098765,FN
1,0,0.9987639617587262,FN
1,0,0.9598765432098765,FN
1,0,0.9987639617587262,FN
1,0,0.9498765432098765,FN
1,0,0.9798765432098765,FN
1,0,0.9987639617587262,FN
1,0,0.9598765432098765,FN
1,0,0.9798765432098765,FN
1,0,0.9987639617587262,FN
1,0,0.9798765432098765,FN
1,0,0.9987639617587262,FN
1,0,0.9987639617587262,FN
1,0,0.9498765432098765,FN
1,0,0.9798765432098765,FN
1,0,0.9987639617587262,FN
1,0,0.9598765432098765,FN
1,0,0.9798765432098765,FN
1,0,0.9987639617587262,FN
1,0,0.9498765432098765,FN
1,0,0.9798765432098765,FN
1,0,0.9987639617587262,FN
1,0,0.9598765432098765,FN
1,0,0.9798765432098765,FN
1,0,0.9987639617587262,FN
1,0,0.9498765432098765,FN
1,0,0.9798765432098765,FN
1,0,0.9987639617587262,FN
1,0,0.9598765432098765,FN
1,0,0.9798765432098765,FN
1,0,0.9987639617587262,FN
1,0,0.9498765432098765,FN
1,0,0.9798765432098765,FN
1,0,0.9987639617587262,FN
1,0,0.9798765432098765,FN
1,0,0.9987639617587262,FN
1,0,0.9498765432098765,FN
1,0,0.72,FN
1,0,0.74,FN
1,0,0.68,FN
1,0,0.75,FN
1,0,0.78,FN
1,0,0.69,FN
1,0,0.66,FN
1,0,0.69,FN
1,0,0.68,FN
1,0,0.8,FN
1,0,0.69,FN
1,0,0.66,FN
1,0,0.72,FN
1,0,0.68,FN
1,0,0.71,FN
1,0,0.78,FN
1,0,0.68,FN
1,0,0.68,FN
1,0,0.74,FN
1,0,0.76,FN
1,0,0.71,FN
1,0,0.66,FN
1,0,0.78,FN
1,0,0.71,FN
1,0,0.74,FN
1,0,0.71,FN
1,0,0.66,FN
1,0,0.68,FN
1,0,0.67,FN
1,0,0.71,FN
1,0,0.71,FN
1,0,0.71,FN
1,0,0.76,FN
1,0,0.75,FN
1,0,0.71,FN
1,0,0.73,FN
1,0,0.71,FN
1,0,0.75,FN
1,0,0.71,FN
1,0,0.68,FN
1,0,0.66,FN
1,0,0.71,FN
1,0,0.74,FN
1,0,0.72,FN
1,0,0.76,FN
1,0,0.75,FN
1,0,0.71,FN
1,0,0.78,FN
1,0,0.75,FN
1,0,0.71,FN
1,0,0.71,FN
1,0,0.71,FN
1,0,0.71,FN
1,0,0.74,FN
1,0,0.71,FN
1,0,0.71,FN
1,0,0.8,FN
1,0,0.72,FN
1,0,0.71,FN
1,0,0.72,FN
1,0,0.66,FN
1,0,0.75,FN
1,0,0.8,FN
1,0,0.74,FN
1,0,0.71,FN
1,0,0.71,FN
1,0,0.74,FN
1,0,0.76,FN
1,0,0.68,FN
1,0,0.68,FN
1,0,0.71,FN
1,0,0.74,FN
1,0,0.76,FN
1,0,0.74,FN
1,0,0.71,FN
1,0,0.71,FN
1,0,0.74,FN
1,0,0.76,FN
1,0,0.68,FN
1,0,0.74,FN
1,0,0.71,FN
1,0,0.66,FN
1,0,0.68,FN
1,0,0.76,FN
1,0,0.74,FN
1,0,0.69,FN
1,0,0.68,FN
1,0,0.68,FN
1,0,0.69,FN
1,0,0.8,FN
1,0,0.68,FN
1,0,0.74,FN
1,0,0.66,FN
1,0,0.68,FN
1,0,0.74,FN
1,0,0.66,FN
1,0,0.66,FN
1,0,0.68,FN
1,0,0.68,FN
1,0,0.76,FN
1,0,0.71,FN
1,0,0.7,FN
1,0,0.71,FN
1,0,0.71,FN
1,0,0.74,FN
1,0,0.75,FN
1,0,0.8,FN
1,0,0.71,FN
1,0,0.72,FN
1,0,0.69,FN
1,0,0.75,FN
1,0,0.68,FN
1,0,0.71,FN
1,0,0.8,FN
1,0,0.71,FN
1,0,0.75,FN
1,0,0.74,FN
1,0,0.74,FN
1,0,0.68,FN
1,0,0.71,FN
1,0,0.74,FN
1,0,0.69,FN
1,0,0.74,FN
1,0,0.8,FN
1,0,0.71,FN
1,0,0.68,FN
1,0,0.68,FN
1,0,0.71,FN
1,0,0.78,FN
1,0,0.66,FN
1,0,0.74,FN
1,0,0.72,FN
1,0,0.76,FN
1,0,0.71,FN
1,0,0.73,FN
1,0,0.69,FN
1,0,0.71,FN
1,0,0.72,FN
1,0,0.78,FN
1,0,0.76,FN
1,0,0.74,FN
1,0,0.78,FN
1,0,0.74,FN
1,0,0.75,FN
1,0,0.71,FN
1,0,0.74,FN
1,0,0.66,FN
1,0,0.71,FN
1,0,0.74,FN
1,0,0.71,FN
1,0,0.74,FN
1,0,0.68,FN
1,0,0.71,FN
1,0,0.73,FN
1,0,0.69,FN
1,0,0.73,FN
1,0,0.76,FN
1,0,0.75,FN
1,0,0.75,FN
1,0,0.68,FN
1,0,0.74,FN
1,0,0.74,FN
1,0,0.74,FN
1,0,0.71,FN
1,0,0.73,FN
1,0,0.74,FN
1,0,0.71,FN
1,0,0.69,FN
1,0,0.76,FN
1,0,0.68,FN
1,0,0.71,FN
1,0,0.68,FN
1,0,0.75,FN
1,0,0.71,FN
1,0,0.68,FN
1,0,0.74,FN
1,0,0.71,FN
1,0,0.75,FN
1,0,0.72,FN
1,0,0.73,FN
1,0,0.66,FN
1,0,0.68,FN
1,0,0.71,FN
1,0,0.78,FN
1,0,0.68,FN
1,0,0.74,FN
1,0,0.71,FN
1,0,0.71,FN
1,0,0.71,FN
1,0,0.74,FN
1,0,0.66,FN
1,0,0.74,FN
1,0,0.74,FN
1,0,0.75,FN
1,0,0.69,FN
1,0,0.75,FN
1,0,0.68,FN
1,0,0.73,FN
1,0,0.69,FN
1,0,0.66,FN
1,0,0.69,FN
1,0,0.68,FN
1,0,0.78,FN
1,0,0.76,FN
1,0,0.74,FN
1,0,0.74,FN
1,0,0.74,FN
1,0,0.68,FN
1,0,0.76,FN
1,0,0.74,FN
1,0,0.71,FN
1,0,0.75,FN
1,0,0.68,FN
1,0,0.66,FN
1,0,0.68,FN
1,0,0.71,FN
1,0,0.71,FN
1,0,0.68,FN
1,0,0.71,FN
1,0,0.69,FN
1,0,0.75,FN
1,0,0.73,FN
1,0,0.74,FN
1,0,0.68,FN
1,0,0.74,FN
1,0,0.71,FN
1,0,0.76,FN
1,0,0.68,FN
1,0,0.71,FN
1,0,0.68,FN
1,0,0.8,FN
1,0,0.66,FN
1,0,0.75,FN
1,0,0.69,FN
1,0,0.76,FN
1,0,0.68,FN
1,0,0.76,FN
1,0,0.66,FN
1,0,0.68,FN
1,0,0.71,FN
1,0,0.8,FN
1,0,0.75,FN
1,0,0.66,FN
1,0,0.76,FN
1,0,0.68,FN
1,0,0.71,FN
1,0,0.8,FN
1,0,0.7,FN
1,0,0.76,FN
1,0,0.74,FN
1,0,0.78,FN
1,0,0.74,FN
1,0,0.68,FN
1,0,0.74,FN
1,0,0.71,FN
1,0,0.71,FN
1,0,0.69,FN
1,0,0.74,FN
1,0,0.71,FN
1,0,0.69,FN
1,0,0.78,FN
1,0,0.72,FN
1,0,0.71,FN
1,0,0.74,FN
1,0,0.68,FN
1,0,0.71,FN
1,0,0.74,FN
1,0,0.69,FN
1,0,0.71,FN
1,0,0.69,FN
1,0,0.74,FN
1,0,0.74,FN
1,0,0.75,FN
1,0,0.68,FN
1,0,0.71,FN
1,0,0.8,FN
1,0,0.76,FN
1,0,0.76,FN
1,0,0.9798765432098765,FN
1,0,0.9987639617587262,FN
1,0,0.9598765432098765,FN
1,0,0.9987639617587262,FN
1,0,0.9498765432098765,FN
1,0,0.9798765432098765,FN
1,0,0.9987639617587262,FN
1,0,0.9598765432098765,FN
1,0,0.9798765432098765,FN
1,1,0.7,TP
1,0,0.9987639617587262,FN
1,0,0.9498765432098765,FN
1,0,0.9798765432098765,FN
1,0,0.9987641814665147,FN
1,0,0.9598765432098765,FN
1,0,0.9798765432098765,FN
1,0,0.9987639617587262,FN
1,0,0.9498765432098765,FN
1,0,0.9999152396223729,FN
1,0,0.94,FN
1,0,0.92,FN
1,0,0.92,FN
1,0,0.92,FN
1,0,0.5072895423672308,FN
1,1,0.5400290140595506,TP
1,0,0.7199918633034988,FN
1,0,0.82,FN
1,0,0.82,FN
1,0,0.83,FN
1,0,0.83,FN
1,0,0.83,FN
1,0,0.83,FN
1,0,0.83,FN
1,0,0.82,FN
1,0,0.83,FN
1,0,0.83,FN
1,0,0.83,FN
1,0,0.83,FN
1,0,0.82,FN
1,0,0.82,FN
1,0,0.83,FN
1,0,0.83,FN
1,0,0.83,FN
1,0,0.83,FN
1,0,0.83,FN
1,0,0.83,FN
1,0,0.83,FN
1,0,0.83,FN
1,0,0.83,FN
1,1,0.5027104576327691,TP
1,0,0.6699963815968013,FN
1,0,0.6799963815968013,FN
1,0,0.6399963815968013,FN
1,0,0.6399963815968013,FN
1,0,0.82,FN
1,0,0.82,FN
1,0,0.82,FN
1,0,0.83,FN
1,0,0.83,FN
1,0,0.83,FN
1,0,0.83,FN
1,0,0.83,FN
1,0,0.83,FN
1,0,0.83,FN
1,0,0.82,FN
1,0,0.82,FN
1,0,0.83,FN
1,0,0.83,FN
1,0,0.83,FN
1,0,0.83,FN
1,0,0.83,FN
1,0,0.83,FN
1,0,0.83,FN
1,0,0.83,FN
1,0,0.82,FN
1,0,0.82,FN
1,0,0.82,FN
1,0,0.82,FN
1,0,0.82,FN
1,0,0.83,FN
1,0,0.83,FN
1,0,0.83,FN
1,0,0.83,FN
1,0,0.83,FN
1,0,0.83,FN
1,0,0.83,FN
1,0,0.83,FN
1,0,0.83,FN
1,0,0.83,FN
1,0,0.82,FN
1,0,0.82,FN
1,0,0.82,FN
1,0,0.82,FN
1,0,0.83,FN
1,0,0.83,FN
1,0,0.83,FN
1,0,0.82,FN
1,0,0.82,FN
1,0,0.83,FN
1,0,0.83,FN
1,0,0.82,FN
1,0,0.83,FN
1,0,0.83,FN
1,0,0.83,FN
1,0,0.83,FN
1,0,0.83,FN
1,0,0.83,FN
1,0,0.83,FN
1,0,0.83,FN
1,0,0.83,FN
1,0,0.83,FN
1,0,0.83,FN
1,0,0.82,FN
1,0,0.82,FN
1,0,0.82,FN
1,0,0.83,FN
1,0,0.83,FN
1,0,0.83,FN
1,0,0.83,FN
1,0,0.83,FN
1,0,0.83,FN
1,0,0.83,FN
1,0,0.83,FN
1,0,0.83,FN
1,0,0.82,FN
1,0,0.82,FN
1,0,0.82,FN
1,0,0.82,FN
1,0,0.83,FN
1,0,0.82,FN
1,0,0.82,FN
1,0,0.83,FN
1,0,0.83,FN
1,0,0.83,FN
1,0,0.83,FN
1,0,0.83,FN
1,0,0.83,FN
1,0,0.82,FN
1,0,0.82,FN
1,0,0.82,FN
1,0,0.82,FN
1,0,0.83,FN
1,0,0.83,FN
1,0,0.83,FN
1,0,0.83,FN
1,0,0.83,FN
1,0,0.82,FN
1,0,0.83,FN
1,0,0.83,FN
1,0,0.83,FN
1,0,0.83,FN
1,0,0.83,FN
1,0,0.83,FN
1,0,0.82,FN
1,0,0.83,FN
1,0,0.82,FN
1,0,0.83,FN
1,0,0.83,FN
1,0,0.83,FN
1,0,0.83,FN
1,0,0.82,FN
1,0,0.82,FN
1,0,0.82,FN
1,0,0.83,FN
1,0,0.83,FN
1,0,0.83,FN
1,0,0.83,FN
1,0,0.83,FN
1,0,0.83,FN
1,0,0.83,FN
1,0,0.83,FN
1,0,0.75,FN
1,0,0.75,FN
1,0,0.75,FN
1,0,0.75,FN
1,0,0.75,FN
1,0,0.75,FN
1,0,0.75,FN
1,0,0.75,FN
1,0,0.75,FN
1,0,0.75,FN
1,0,0.75,FN
1,1,0.96,TP
1,1,1.0,TP
1,1,0.99,TP
1,1,0.99,TP
1,1,0.99,TP
1,1,0.86,TP
1,1,0.86,TP
1,0,1.0,FN
1,0,0.99,FN
1,0,0.99,FN
1,0,1.0,FN
1,0,0.98,FN
1,0,0.9016666666666666,FN
1,0,0.9083333333333334,FN
1,0,0.98,FN
1,0,0.9666666666666667,FN
1,0,0.88,FN
1,0,0.7666666666666667,FN
1,0,0.91,FN
1,0,0.83,FN
1,0,0.95,FN
1,0,0.89,FN
1,0,0.8166666666666668,FN
1,0,0.5966666666666667,FN
1,0,0.9166666666666667,FN
1,0,0.7683333333333334,FN
1,0,0.83,FN
1,0,0.7666666666666667,FN
1,0,0.7866666666666667,FN
1,0,0.83,FN
1,0,0.91,FN
1,0,0.97,FN
1,0,1.0,FN
1,0,1.0,FN
1,0,0.9216666666666665,FN
1,0,0.86,FN
1,0,0.88,FN
1,0,0.97,FN
1,0,0.93,FN
1,0,0.75,FN
1,0,0.8,FN
1,0,0.78,FN
1,0,0.79,FN
1,0,0.89,FN
1,0,0.93,FN
1,0,0.5966666666666667,FN
1,0,0.8616666666666666,FN
1,0,0.89,FN
1,0,0.6083333333333334,FN
1,0,0.98,FN
1,0,0.79,FN
1,0,0.59,FN
1,0,1.0,FN
1,0,0.81,FN
1,0,0.9666666666666667,FN
1,0,1.0,FN
1,0,1.0,FN
1,0,0.8266666666666667,FN
1,0,0.98,FN
1,0,0.6699963815968013,FN
1,0,0.6799963815968013,FN
1,0,0.6399963815968013,FN
1,0,0.6399963815968013,FN
1,0,0.83,FN
1,0,0.83,FN
1,0,0.7899915349887133,FN
1,0,0.7899915349887133,FN
1,0,0.7899915349887133,FN
1,0,0.7899915349887133,FN
1,0,0.7899915349887133,FN
1,0,0.7899915349887133,FN
1,0,0.7899915349887133,FN
1,0,0.7899915349887133,FN
1,0,0.7899915349887133,FN
1,0,0.7899915349887133,FN
1,0,0.7899915349887133,FN
1,0,0.7899915349887133,FN
1,0,0.76,FN
1,0,0.76,FN
1,0,0.76,FN
1,0,0.76,FN
1,0,0.76,FN
1,0,0.76,FN
1,0,0.76,FN
1,0,0.76,FN
1,0,0.75,FN
1,0,0.76,FN
1,0,0.76,FN
1,0,0.77,FN
1,0,0.76,FN
1,0,0.98,FN
1,0,0.7216666666666666,FN
1,0,1.0,FN
1,0,0.9516666666666665,FN
1,0,0.97,FN
1,0,0.9566666666666667,FN
1,0,0.94,FN
1,0,0.76,FN
1,0,0.8266666666666667,FN
1,0,0.95,FN
1,0,1.0,FN
1,0,0.5766666666666667,FN
1,0,0.9466666666666668,FN
1,0,0.99,FN
1,0,0.9283333333333335,FN
1,0,0.9166666666666667,FN
1,0,0.88,FN
1,0,0.7766666666666667,FN
1,0,0.9666666666666667,FN
1,0,1.0,FN
1,0,0.9666666666666667,FN
1,0,0.97,FN
1,0,1.0,FN
1,0,1.0,FN
1,0,0.8366666666666667,FN
1,0,0.98,FN
1,0,0.9,FN
1,0,1.0,FN
1,0,0.96,FN
1,0,0.88,FN
1,0,0.83,FN
1,0,0.87,FN
1,0,0.99,FN
1,0,0.94,FN
1,0,0.87,FN
1,0,0.94,FN
1,0,0.96,FN
1,0,0.9416666666666665,FN
1,0,0.7883333333333334,FN
1,1,1.0,TP
1,0,0.9666666666666667,FN
1,0,0.9666666666666667,FN
1,0,1.0,FN
1,0,0.98,FN
1,0,0.94,FN
1,0,0.95,FN
1,0,0.9466666666666668,FN
1,0,0.87,FN
1,0,0.98,FN
1,0,0.9283333333333335,FN
1,0,0.83,FN
1,0,0.96,FN
1,0,0.9666666666666667,FN
1,0,1.0,FN
1,0,0.7666666666666667,FN
1,0,0.9666666666666667,FN
1,0,0.9666666666666667,FN
1,0,1.0,FN
1,0,1.0,FN
1,0,0.8366666666666667,FN
1,0,0.98,FN
1,0,0.7783333333333334,FN
1,0,0.9466666666666668,FN
1,0,1.0,FN
1,0,1.0,FN
1,0,1.0,FN
1,0,0.81,FN
1,0,1.0,FN
1,0,0.97,FN
1,0,0.93,FN
1,0,0.86,FN
1,0,0.81,FN
1,0,0.88,FN
1,0,0.6716666666666665,FN
1,0,0.87,FN
1,0,0.83,FN
1,0,0.75,FN
1,0,0.88,FN
1,0,0.99,FN
1,0,0.91,FN
1,0,1.0,FN
1,0,0.75,FN
1,0,0.98,FN
1,0,0.8266666666666667,FN
1,0,0.6716666666666667,FN
1,0,0.6616666666666666,FN
1,0,0.98,FN
1,0,0.85,FN
1,0,1.0,FN
1,0,0.96,FN
1,0,0.8,FN
1,1,0.58,TP
1,0,0.97,FN
1,0,0.92,FN
1,0,0.84,FN
1,0,0.87,FN
1,0,0.89,FN
1,0,0.6616666666666667,FN
1,0,0.6483333333333334,FN
1,0,1.0,FN
1,0,0.96,FN
1,0,0.9266666666666667,FN
1,0,0.94,FN
1,0,0.7966666666666667,FN
1,0,0.8,FN
1,0,1.0,FN
1,0,0.9766666666666667,FN
1,0,0.97,FN
1,0,0.96,FN
1,1,1.0,TP
1,0,0.9283333333333335,FN
1,0,0.98,FN
1,0,0.87,FN
1,0,0.8366666666666667,FN
1,0,0.6866666666666668,FN
1,0,0.8366666666666667,FN
1,0,0.87,FN
1,1,0.99,TP
1,1,0.99,TP
1,1,0.86,TP
1,1,0.86,TP
1,0,0.92,FN
1,0,0.94,FN
1,0,0.97,FN
1,0,0.7566666666666667,FN
1,0,0.9266666666666667,FN
1,0,0.97,FN
1,0,0.97,FN
1,0,0.99,FN
1,0,0.89,FN
1,0,1.0,FN
1,0,0.87,FN
1,0,0.9666666666666667,FN
1,0,0.8083333333333335,FN
1,0,0.98,FN
1,0,0.99,FN
1,0,0.9666666666666667,FN
1,0,0.9666666666666667,FN
1,0,1.0,FN
1,0,0.8966666666666667,FN
1,0,0.85,FN
1,0,0.85,FN
1,0,0.96,FN
1,0,0.98,FN
1,0,0.92,FN
1,0,1.0,FN
1,0,0.82,FN
1,0,0.84,FN
1,0,0.92,FN
1,0,0.94,FN
1,0,0.92,FN
1,0,0.83,FN
1,0,0.97,FN
1,0,0.7116666666666666,FN
1,0,0.8183333333333335,FN
1,0,0.9,FN
1,0,0.98,FN
1,0,0.9166666666666667,FN
1,0,1.0,FN
1,0,0.97,FN
1,0,0.94,FN
1,0,0.6699963815968013,FN
1,0,0.6799963815968013,FN
1,0,0.6399963815968013,FN
1,0,0.6399963815968013,FN
1,0,0.83,FN
1,0,0.83,FN
1,0,0.7899915349887133,FN
1,0,0.7899915349887133,FN
1,0,0.66,FN
1,0,0.7899915349887133,FN
1,0,0.7899915349887133,FN
1,0,0.7899915349887133,FN
1,0,0.7899915349887133,FN
1,0,0.7899915349887133,FN
1,0,0.7899915349887133,FN
1,0,0.7899915349887133,FN
1,0,0.7899915349887133,FN
1,0,0.7899915349887133,FN
1,0,0.7899915349887133,FN
1,0,0.7899915349887133,FN
1,0,0.7899915349887133,FN
1,0,0.7899915349887133,FN
1,0,0.7899915349887133,FN
1,0,0.7899915349887133,FN
1,0,0.7899915349887133,FN
1,0,0.7899915349887133,FN
1,0,0.7899915349887133,FN
1,0,0.7899915349887133,FN
1,0,0.99,FN
1,0,1.0,FN
1,0,0.99,FN
1,0,0.9466666666666668,FN
1,0,0.98,FN
1,0,0.9116666666666666,FN
1,0,0.9183333333333334,FN
1,0,0.87,FN
1,0,0.99,FN
1,0,0.8366666666666667,FN
1,0,0.89,FN
1,0,1.0,FN
1,0,0.9666666666666667,FN
1,0,0.8666666666666667,FN
1,0,1.0,FN
1,0,0.9466666666666668,FN
1,0,0.7566666666666667,FN
1,0,0.93,FN
1,0,0.83,FN
1,0,0.96,FN
1,0,1.0,FN
1,0,1.0,FN
1,0,0.83,FN
1,0,0.73,FN
1,0,1.0,FN
1,0,0.84,FN
1,0,0.93,FN
1,0,0.93,FN
1,0,0.95,FN
1,0,0.5916666666666667,FN
1,1,0.5216666666666666,TP
1,0,0.92,FN
1,0,1.0,FN
1,0,0.8166666666666668,FN
1,0,1.0,FN
1,1,0.6,TP
1,0,1.0,FN
1,0,0.9666666666666667,FN
1,0,0.97,FN
1,0,0.97,FN
1,1,1.0,TP
1,1,1.0,TP
1,0,0.8366666666666667,FN
1,0,0.87,FN
1,0,0.9466666666666668,FN
1,0,0.9766666666666667,FN
1,0,1.0,FN
1,0,0.8366666666666667,FN
1,0,0.8,FN
1,0,0.89,FN
1,0,1.0,FN
1,0,0.96,FN
1,0,1.0,FN
1,1,0.99,TP
1,0,0.97,FN
1,0,0.9416666666666665,FN
1,0,0.92,FN
1,0,0.8,FN
1,0,0.87,FN
1,0,0.91,FN
1,0,0.8366666666666667,FN
1,0,0.87,FN
1,0,0.8366666666666667,FN
1,0,1.0,FN
1,0,0.8566666666666667,FN
1,0,0.7566666666666667,FN
1,0,0.9466666666666668,FN
1,0,0.77,FN
1,0,0.83,FN
1,0,0.8,FN
1,0,0.96,FN
1,0,0.93,FN
1,0,0.82,FN
1,0,0.74,FN
1,0,1.0,FN
1,0,0.83,FN
1,0,0.88,FN
1,0,0.99,FN
1,0,1.0,FN
1,1,0.6516666666666666,TP
1,0,0.6916666666666665,FN
1,0,0.89,FN
1,0,0.92,FN
1,0,0.9566666666666667,FN
1,0,0.94,FN
1,0,1.0,FN
1,0,0.97,FN
1,0,0.99,FN
1,0,0.97,FN
1,0,0.97,FN
1,0,0.9166666666666667,FN
1,0,0.8916666666666666,FN
1,0,0.89,FN
1,0,0.7683333333333334,FN
1,0,0.98,FN
1,0,1.0,FN
1,0,0.9666666666666667,FN
1,0,0.7066666666666667,FN
1,0,1.0,FN
1,0,0.7666666666666667,FN
1,0,0.9666666666666667,FN
1,0,1.0,FN
1,0,1.0,FN
1,0,0.86,FN
1,0,0.97,FN
1,0,0.96,FN
1,0,0.78,FN
1,0,0.94,FN
1,0,1.0,FN
1,0,0.81,FN
1,0,0.71,FN
1,0,0.99,FN
1,0,1.0,FN
1,0,0.95,FN
1,0,0.99,FN
1,0,0.97,FN
1,0,0.6316666666666667,FN
1,0,0.6783333333333335,FN
1,0,0.98,FN
1,1,0.7,TP
1,0,0.8166666666666668,FN
1,0,1.0,FN
1,0,0.94,FN
1,1,0.99,TP
1,1,0.99,TP
1,1,0.86,TP
1,1,0.86,TP
1,0,0.98,FN
1,0,0.9266666666666667,FN
1,0,1.0,FN
1,0,0.9666666666666667,FN
1,1,0.5033333333333333,TP
1,0,0.8366666666666667,FN
1,0,0.87,FN
1,0,0.9466666666666668,FN
1,0,1.0,FN
1,0,0.97,FN
1,0,0.82,FN
1,0,0.98,FN
1,0,0.97,FN
1,0,0.96,FN
1,0,0.7,FN
1,0,1.0,FN
1,0,0.983,FN
1,0,0.76,FN
1,0,0.98,FN
1,0,0.98,FN
1,0,0.7566666666666667,FN
1,0,0.88,FN
1,0,0.8783333333333334,FN
1,0,1.0,FN
1,0,0.8316666666666666,FN
1,0,0.98,FN
1,0,1.0,FN
1,0,0.96,FN
1,0,0.8066666666666668,FN
1,0,0.94,FN
1,0,0.97,FN
1,0,0.96,FN
1,0,0.9566666666666667,FN
1,0,0.87,FN
1,0,0.9466666666666668,FN
1,0,0.86,FN
1,0,0.82,FN
1,0,0.8183333333333335,FN
1,0,0.7766666666666667,FN
1,0,0.6699963815968013,FN
1,0,0.6799963815968013,FN
1,0,0.6399963815968013,FN
1,0,0.6399963815968013,FN
1,0,0.83,FN
1,0,0.83,FN
1,0,0.82,FN
1,0,0.82,FN
1,0,0.82,FN
1,0,0.69,FN
1,0,0.7799915349887133,FN
1,0,0.7799915349887133,FN
1,0,0.7799915349887133,FN
1,0,0.78,FN
1,0,0.7899915349887133,FN
1,0,0.7899915349887133,FN
1,0,0.7899915349887133,FN
1,0,0.7899915349887133,FN
1,0,0.7899915349887133,FN
1,0,0.7899915349887133,FN
1,0,0.7899915349887133,FN
1,0,0.7899915349887133,FN
1,0,0.7999915349887133,FN
1,0,0.7899915349887133,FN
1,0,0.7899915349887133,FN
1,0,0.7899915349887133,FN
1,0,0.7899915349887133,FN
1,0,0.7899915349887133,FN
1,0,0.7899915349887133,FN
1,0,0.7899915349887133,FN
1,0,0.7899915349887133,FN
1,0,0.7899915349887133,FN
1,0,0.7899915349887133,FN
1,0,0.7899915349887133,FN
1,0,0.7899915349887133,FN
1,0,0.7899915349887133,FN
1,0,0.7899915349887133,FN
1,0,0.7899915349887133,FN
1,0,0.7899915349887133,FN
1,0,0.7899915349887133,FN
1,0,0.7899915349887133,FN
1,0,0.7899915349887133,FN
1,0,1.0,FN
1,0,0.9666666666666667,FN
1,0,0.7666666666666667,FN
1,0,1.0,FN
1,0,1.0,FN
1,0,0.97,FN
1,0,1.0,FN
1,0,0.87,FN
1,0,1.0,FN
1,0,0.9016666666666666,FN
1,0,0.98,FN
1,0,0.95,FN
1,0,0.98,FN
1,0,1.0,FN
1,0,0.98,FN
1,0,0.99,FN
1,0,0.96,FN
1,0,1.0,FN
1,0,0.95,FN
1,0,0.9166666666666667,FN
1,0,0.97,FN
1,0,0.89,FN
1,0,0.6716666666666665,FN
1,0,0.7716666666666666,FN
1,0,1.0,FN
1,0,0.97,FN
1,0,0.94,FN
1,0,0.9366666666666668,FN
1,0,0.77,FN
1,0,0.99,FN
1,0,0.8266666666666667,FN
1,0,1.0,FN
1,0,0.8166666666666668,FN
1,0,0.9766666666666667,FN
1,0,0.99,FN
1,0,0.9283333333333335,FN
1,0,0.9466666666666668,FN
1,0,1.0,FN
1,0,1.0,FN
1,0,0.81,FN
1,0,0.85,FN
1,1,0.98,TP
1,0,1.0,FN
1,1,0.98,TP
1,0,0.88,FN
1,0,0.9566666666666667,FN
1,0,1.0,FN
1,1,0.98,TP
1,1,0.98,TP
1,1,0.98,TP
1,0,1.0,FN
1,0,0.6516666666666667,FN
1,0,0.99,FN
1,0,0.7283333333333334,FN
1,0,0.9666666666666667,FN
1,0,0.91,FN
1,0,1.0,FN
1,0,0.8766666666666667,FN
1,0,0.8466666666666667,FN
1,0,1.0,FN
1,0,0.7566666666666667,FN
1,0,0.7466666666666667,FN
1,0,0.77,FN
1,0,0.86,FN
1,0,0.92,FN
1,0,1.0,FN
1,0,0.77,FN
1,0,0.8,FN
1,0,0.89,FN
1,0,0.93,FN
1,0,0.99,FN
1,0,0.99,FN
1,0,1.0,FN
1,1,0.99,TP
1,0,0.8166666666666668,FN
1,0,0.9,FN
1,1,0.99,TP
1,0,0.89,FN
1,0,0.93,FN
1,0,0.79,FN
1,0,0.5666666666666668,FN
1,0,0.84,FN
1,0,0.6816666666666668,FN
1,0,0.98,FN
1,0,0.8183333333333335,FN
1,0,0.56,FN
1,0,0.96,FN
1,0,1.0,FN
1,0,0.94,FN
1,0,0.86,FN
1,0,0.6966666666666668,FN
1,0,0.88,FN
1,0,1.0,FN
1,0,0.9266666666666667,FN
1,0,0.79,FN
1,0,0.96,FN
1,0,0.6983333333333335,FN
1,0,0.9666666666666667,FN
1,0,1.0,FN
1,0,0.9266666666666667,FN
1,0,0.7466666666666667,FN
1,0,0.87,FN
1,0,0.91,FN
1,0,0.97,FN
1,0,0.87,FN
1,0,0.97,FN
1,0,0.81,FN
1,0,0.9116666666666666,FN
1,0,0.8,FN
1,0,1.0,FN
1,0,0.98,FN
1,0,0.89,FN
1,0,0.85,FN
1,1,0.99,TP
1,0,0.93,FN
1,1,0.99,TP
1,1,0.86,TP
1,1,0.86,TP
1,0,1.0,FN
1,0,0.98,FN
1,0,0.9666666666666667,FN
1,0,0.91,FN
1,0,0.91,FN
1,0,0.92,FN
1,0,0.8766666666666667,FN
1,0,0.8766666666666667,FN
1,0,1.0,FN
1,0,0.9466666666666668,FN
1,0,0.7566666666666667,FN
1,0,0.86,FN
1,0,0.99,FN
1,0,0.96,FN
1,0,1.0,FN
1,0,0.82,FN
1,0,0.98,FN
1,0,0.94,FN
1,0,0.92,FN
1,0,0.99,FN
1,0,1.0,FN
1,0,0.99,FN
1,0,0.9316666666666665,FN
1,0,0.6883333333333335,FN
1,0,0.98,FN
1,0,0.8,FN
1,0,1.0,FN
1,0,0.85,FN
1,0,0.98,FN
1,0,0.94,FN
1,0,0.9466666666666668,FN
1,0,0.97,FN
1,0,0.95,FN
1,0,0.6699963815968013,FN
1,0,0.6799963815968013,FN
1,0,0.6399963815968013,FN
1,0,0.6399963815968013,FN
1,0,0.82,FN
1,0,0.82,FN
1,0,0.83,FN
1,0,0.68,FN
1,0,0.7799915349887133,FN
1,0,0.7799915349887133,FN
1,0,0.7799915349887133,FN
1,0,0.7799915349887133,FN
1,0,0.7799915349887133,FN
1,0,0.7799915349887133,FN
1,0,0.7799915349887133,FN
1,0,0.7799915349887133,FN
1,0,0.7799915349887133,FN
1,0,0.7799915349887133,FN
1,0,0.7799915349887133,FN
1,0,0.7799915349887133,FN
1,0,0.7799915349887133,FN
1,0,0.7899915349887133,FN
1,0,0.7799915349887133,FN
1,0,0.7899915349887133,FN
1,0,0.7899915349887133,FN
1,0,0.7899915349887133,FN
1,0,0.7899915349887133,FN
1,0,0.7899915349887133,FN
1,0,0.7899915349887133,FN
1,0,0.7899915349887133,FN
1,0,0.7899915349887133,FN
1,0,0.7899915349887133,FN
1,0,0.7899915349887133,FN
1,0,0.7899915349887133,FN
1,0,0.7899915349887133,FN
1,0,0.7899915349887133,FN
1,0,0.7899915349887133,FN
1,0,0.7899915349887133,FN
1,0,0.7899915349887133,FN
1,0,0.7899915349887133,FN
1,0,0.7899915349887133,FN
1,0,0.7899915349887133,FN
1,0,0.9466666666666668,FN
1,0,0.87,FN
1,0,0.79,FN
1,0,0.7183333333333334,FN
1,0,0.97,FN
1,0,1.0,FN
1,0,0.6566666666666667,FN
1,0,0.9666666666666667,FN
1,0,0.8266666666666667,FN
1,0,0.87,FN
1,0,0.9666666666666667,FN
1,0,0.99,FN
1,0,1.0,FN
1,0,0.88,FN
1,0,0.83,FN
1,0,0.8816666666666666,FN
1,0,0.97,FN
1,0,0.74,FN
1,0,0.94,FN
1,0,0.8,FN
1,0,0.89,FN
1,0,0.78,FN
1,0,0.93,FN
1,0,0.99,FN
1,0,0.94,FN
1,0,0.97,FN
1,0,0.6383333333333333,FN
1,0,0.5016666666666667,FN
1,0,0.83,FN
1,0,1.0,FN
1,0,0.88,FN
1,0,0.94,FN
1,0,0.99,FN
1,0,0.9566666666666667,FN
1,0,0.75,FN
1,0,1.0,FN
1,0,0.96,FN
1,0,0.9766666666666667,FN
1,0,0.94,FN
1,0,0.99,FN
1,0,0.9283333333333335,FN
1,0,0.8566666666666667,FN
1,0,0.9666666666666667,FN
1,0,1.0,FN
1,0,0.86,FN
1,0,0.7966666666666667,FN
1,1,0.96,TP
1,1,0.99,TP
1,1,1.0,TP
1,1,1.0,TP
1,0,0.91,FN
1,0,0.71,FN
1,1,1.0,TP
1,0,0.93,FN
1,1,1.0,TP
1,1,1.0,TP
1,0,1.0,FN
1,1,0.98,TP
1,0,1.0,FN
1,1,0.98,TP
1,1,0.98,TP
1,0,0.86,FN
1,0,0.7366666666666667,FN
1,0,0.86,FN
1,1,0.98,TP
1,0,0.99,FN
1,0,0.84,FN
1,0,0.83,FN
1,0,0.5766666666666667,FN
1,0,0.98,FN
1,1,0.8083333333333335,TP
1,0,0.88,FN
1,0,0.6583333333333334,FN
1,0,0.98,FN
1,0,1.0,FN
1,0,0.94,FN
1,0,0.9266666666666667,FN
1,0,0.84,FN
1,0,0.8666666666666667,FN
1,0,0.95,FN
1,0,0.8166666666666668,FN
1,0,0.89,FN
1,0,0.7566666666666667,FN
1,1,0.99,TP
1,0,0.79,FN
1,0,0.9466666666666668,FN
1,0,1.0,FN
1,0,1.0,FN
1,0,0.81,FN
1,0,1.0,FN
1,0,1.0,FN
1,0,0.98,FN
1,0,0.99,FN
1,0,0.99,FN
1,1,0.99,TP
1,0,0.87,FN
1,1,0.99,TP
1,0,0.88,FN
1,0,0.95,FN
1,0,0.88,FN
1,0,0.85,FN
1,0,0.5916666666666667,FN
1,0,0.94,FN
1,0,0.75,FN
1,0,0.87,FN
1,0,0.92,FN
1,0,0.99,FN
1,0,0.8866666666666667,FN
1,0,1.0,FN
1,0,0.68,FN
1,0,0.7566666666666667,FN
1,0,0.84,FN
1,0,0.89,FN
1,0,0.7216666666666666,FN
1,0,0.8316666666666666,FN
1,0,0.79,FN
1,0,1.0,FN
1,0,0.94,FN
1,0,0.8166666666666668,FN
1,1,0.99,TP
1,1,0.99,TP
1,1,0.86,TP
1,1,0.86,TP
1,0,0.9766666666666667,FN
1,0,0.8366666666666667,FN
1,0,0.8,FN
1,0,0.93,FN
1,0,0.82,FN
1,0,0.74,FN
1,0,0.89,FN
1,0,0.93,FN
1,0,0.99,FN
1,0,0.84,FN
1,0,0.84,FN
1,0,0.5916666666666667,FN
1,0,0.5383333333333333,FN
1,0,0.69,FN
1,0,0.92,FN
1,0,0.7566666666666667,FN
1,0,0.94,FN
1,0,0.8,FN
1,0,0.9,FN
1,0,0.86,FN
1,0,1.0,FN
1,0,0.9066666666666667,FN
1,0,0.98,FN
1,1,0.5683333333333332,TP
1,0,0.9183333333333334,FN
1,0,1.0,FN
1,0,0.98,FN
1,0,0.7666666666666667,FN
1,1,0.5033333333333333,TP
1,0,1.0,FN
1,0,0.9666666666666667,FN
1,0,0.9366666666666668,FN
1,0,0.9,FN
1,0,0.97,FN
1,0,0.81,FN
1,0,0.78,FN
1,0,0.89,FN
1,0,0.97,FN
1,0,0.97,FN
1,0,1.0,FN
1,0,1.0,FN
1,0,0.84,FN
1,0,0.79,FN
1,0,0.9599222798983278,FN
1,0,0.983,FN
1,0,0.8220571428571429,FN
1,1,1.0,TP
1,0,0.983,FN
1,0,0.9889222545084989,FN
1,0,0.8303170450871434,FN
1,0,0.9979707342731227,FN
1,0,0.98999972081856,FN
1,0,0.9898765432098764,FN
1,0,0.7996874047481524,FN
1,0,0.9987639617587262,FN
1,0,0.9498765432098765,FN
1,0,0.9598765432098765,FN
1,0,0.9999229701579887,FN
1,0,0.99,FN
1,0,0.9985122878919366,FN
1,0,0.9798765432098765,FN
1,0,0.9788703385790413,FN
1,0,0.9798765432098765,FN
1,0,0.9598765432098765,FN
1,0,0.9987641814665147,FN
1,0,0.9798765432098765,FN
1,0,0.9598765432098765,FN
1,0,0.9987641814665147,FN
1,0,0.9798765432098765,FN
1,0,0.9498765432098765,FN
1,0,0.9987641814665147,FN
1,0,0.9798765432098765,FN
1,0,0.9498765432098765,FN
1,0,0.9987639617587262,FN
1,0,0.9798765432098765,FN
1,0,0.9598765432098765,FN
1,0,0.9985122878919366,FN
1,0,0.983,FN
1,0,0.9798765432098765,FN
1,0,0.9987641814665147,FN
1,0,0.9798765432098765,FN
1,0,0.9598765432098765,FN
1,0,0.9987639617587262,FN
1,0,0.9498765432098765,FN
1,0,0.9987641814665147,FN
1,0,0.9798765432098765,FN
1,0,0.9498765432098765,FN
1,0,0.9987639617587262,FN
1,0,0.9798765432098765,FN
1,0,0.9498765432098765,FN
1,0,0.9987639617587262,FN
1,0,0.9798765432098765,FN
1,0,0.9498765432098765,FN
1,0,0.9987641814665147,FN
1,0,0.9798765432098765,FN
1,0,0.9888703385790413,FN
1,0,0.9987639617587262,FN
1,0,0.9798765432098765,FN
1,0,0.9987639617587262,FN
1,0,0.9598765432098765,FN
1,0,0.9987639617587262,FN
1,0,0.9498765432098765,FN
1,0,0.9798765432098765,FN
1,0,0.9987639617587262,FN
1,0,0.9598765432098765,FN
1,0,0.9798765432098765,FN
1,1,1.0,TP
1,0,0.9987639617587262,FN
1,0,0.9498765432098765,FN
1,0,0.9798765432098765,FN
1,0,0.9987639617587262,FN
1,0,0.9598765432098765,FN
1,0,0.9987639617587262,FN
1,0,0.9498765432098765,FN
1,0,0.9798765432098765,FN
1,0,0.9987639617587262,FN
1,0,0.9598765432098765,FN
1,0,0.9798765432098765,FN
1,0,0.9987639617587262,FN
1,0,0.9498765432098765,FN
1,0,0.9798765432098765,FN
1,0,0.9987639617587262,FN
1,0,0.9598765432098765,FN
1,0,0.9798765432098765,FN
1,0,0.9795578557437775,FN
1,0,0.9795578557437775,FN
1,0,0.9987639617587262,FN
1,0,0.9498765432098765,FN
1,0,0.9798765432098765,FN
1,0,0.9795578557437775,FN
1,0,0.9795578557437775,FN
1,0,0.9795578557437775,FN
1,0,0.9987639617587262,FN
1,0,0.9795578557437775,FN
1,0,0.9795578557437775,FN
1,0,0.9598765432098765,FN
1,0,0.9798765432098765,FN
1,0,0.9987639617587262,FN
1,0,0.9987639617587262,FN
1,0,0.9598765432098765,FN
1,0,0.9798765432098765,FN
1,0,0.9987639617587262,FN
1,0,0.9498765432098765,FN
1,0,0.9798765432098765,FN
1,0,0.9987639617587262,FN
1,0,0.9598765432098765,FN
1,0,0.9798765432098765,FN
1,0,0.9987639617587262,FN
1,0,0.9498765432098765,FN
1,0,0.9798765432098765,FN
1,0,0.9987639617587262,FN
1,0,0.9598765432098765,FN
1,0,0.9798765432098765,FN
1,0,0.9987639617587262,FN
1,0,0.9498765432098765,FN
1,0,0.9987639617587262,FN
1,0,0.9598765432098765,FN
1,0,0.9798765432098765,FN
1,0,0.9987639617587262,FN
1,0,0.9498765432098765,FN
1,0,0.9798765432098765,FN
1,0,0.9795578557437775,FN
1,0,0.9700604280967469,FN
1,0,0.9987639617587262,FN
1,0,0.9795578557437775,FN
1,0,0.9733937614300803,FN
1,0,0.9598765432098765,FN
1,0,0.9798765432098765,FN
1,0,0.9695615481258778,FN
1,0,0.9795578557437775,FN
1,0,0.9795578557437775,FN
1,0,0.9987639617587262,FN
1,0,0.9498765432098765,FN
1,0,0.9798765432098765,FN
1,0,0.9987639617587262,FN
1,0,0.9598765432098765,FN
1,0,0.9798765432098765,FN
1,0,0.9987639617587262,FN
1,0,0.9498765432098765,FN
1,0,0.9798765432098765,FN
1,0,0.9987639617587262,FN
1,0,0.9598765432098765,FN
1,0,0.9798765432098765,FN
1,0,0.9987639617587262,FN
1,0,0.9498765432098765,FN
1,0,0.9987639617587262,FN
1,0,0.9598765432098765,FN
1,0,0.9798765432098765,FN
1,0,0.9987639617587262,FN
1,0,0.9498765432098765,FN
1,0,0.9798765432098765,FN
1,0,0.9987639617587262,FN
1,0,0.9598765432098765,FN
1,0,0.9987639617587262,FN
1,0,0.9498765432098765,FN
1,0,0.9987639617587262,FN
1,0,0.9798765432098765,FN
1,0,0.9987639617587262,FN
1,0,0.9498765432098765,FN
1,0,0.9798765432098765,FN
1,0,0.9987639617587262,FN
1,0,0.9598765432098765,FN
1,0,0.9798765432098765,FN
1,0,0.9987639617587262,FN
1,0,0.9498765432098765,FN
1,0,0.9798765432098765,FN
1,0,0.9987639617587262,FN
1,0,0.9798765432098765,FN
1,0,0.9987639617587262,FN
1,0,0.9798765432098765,FN
1,0,0.94,FN
1,0,0.94,FN
1,0,0.93,FN
1,0,0.94,FN
1,0,0.92,FN
1,0,0.9399819738621001,FN
1,0,0.9399819738621001,FN
1,0,0.9299819738621001,FN
1,0,0.9299819738621001,FN
1,0,0.9399819738621001,FN
1,0,0.9299819738621001,FN
1,0,0.91,FN
1,0,0.91,FN
1,0,0.9,FN
1,0,0.91,FN
1,0,0.91,FN
1,0,0.9399819738621001,FN
1,0,0.9399819738621001,FN
1,0,0.9,FN
1,0,0.88,FN
1,0,0.9,FN
1,0,0.9299819738621001,FN
1,0,0.9,FN
1,0,0.9,FN
1,0,0.88,FN
1,0,0.89,FN
1,0,0.88,FN
1,0,0.89,FN
1,0,0.89,FN
1,0,0.89,FN
1,0,0.89,FN
1,0,0.89,FN
1,0,0.89,FN
1,0,0.89,FN
1,0,0.89,FN
1,0,0.89,FN
1,0,0.89,FN
1,0,0.89,FN
1,0,0.9299819738621001,FN
1,0,0.89,FN
1,0,0.89,FN
1,0,0.89,FN
1,0,0.89,FN
1,0,0.89,FN
1,0,0.89,FN
1,0,0.89,FN
1,0,0.89,FN
1,0,0.89,FN
1,0,0.89,FN
1,0,0.89,FN
1,0,0.87,FN
1,0,0.87,FN
1,0,0.86,FN
1,0,0.87,FN
1,0,0.87,FN
1,0,0.87,FN
1,0,0.87,FN
1,0,0.87,FN
1,0,0.87,FN
1,0,0.85,FN
1,0,0.9099819738621001,FN
1,0,0.9099819738621001,FN
1,0,0.9099819738621001,FN
1,0,0.9099819738621001,FN
1,0,0.9099819738621001,FN
1,0,0.9099819738621001,FN
1,0,0.86,FN
1,0,0.86,FN
1,0,0.9099819738621001,FN
1,0,0.86,FN
1,0,0.86,FN
1,0,0.9099819738621001,FN
1,0,0.86,FN
1,0,0.86,FN
1,0,0.86,FN
1,0,0.86,FN
1,0,0.86,FN
1,0,0.86,FN
1,0,0.9099819738621001,FN
1,0,0.86,FN
1,0,0.86,FN
1,0,0.86,FN
1,0,0.9099819738621001,FN
1,0,0.86,FN
1,0,0.86,FN
1,0,0.9099819738621001,FN
1,0,0.86,FN
1,0,0.86,FN
1,0,0.9099819738621001,FN
1,0,0.9099819738621001,FN
1,0,0.87,FN
1,0,0.9199819738621001,FN
1,0,0.87,FN
1,0,0.87,FN
1,0,0.87,FN
1,0,0.87,FN
1,0,0.9099819738621001,FN
1,0,0.87,FN
1,0,0.87,FN
1,0,0.9199819738621001,FN
1,0,0.9199819738621001,FN
1,0,0.9,FN
1,0,0.9199819738621001,FN
1,0,0.9199819738621001,FN
1,0,0.9,FN
1,0,0.9199819738621001,FN
1,0,0.9199819738621001,FN
1,0,0.88,FN
1,0,0.9199819738621001,FN
1,0,0.89,FN
1,0,0.9199819738621001,FN
1,0,0.89,FN
1,0,0.89,FN
1,0,0.9199819738621001,FN
1,0,0.9199819738621001,FN
1,0,0.89,FN
1,0,0.9199819738621001,FN
1,0,0.89,FN
1,0,0.9199819738621001,FN
1,0,0.9199819738621001,FN
1,0,0.9199819738621001,FN
1,0,0.9099819738621001,FN
1,0,0.88,FN
1,0,0.88,FN
1,0,0.88,FN
1,0,0.89,FN
1,0,0.89,FN
1,0,0.89,FN
1,0,0.89,FN
1,0,0.89,FN
1,0,0.89,FN
1,0,0.9099819738621001,FN
1,0,0.89,FN
1,0,0.89,FN
1,0,0.9099819738621001,FN
1,0,0.89,FN
1,0,0.89,FN
1,0,0.89,FN
1,0,0.9099819738621001,FN
1,0,0.9099819738621001,FN
1,0,0.9099819738621001,FN
1,0,0.89,FN
1,0,0.89,FN
1,0,0.89,FN
1,0,0.89,FN
1,0,0.8999819738621001,FN
1,0,0.89,FN
1,0,0.8999819738621001,FN
1,0,0.9,FN
1,0,0.89,FN
1,0,0.9,FN
1,0,0.9,FN
1,0,0.9,FN
1,0,0.9,FN
1,0,0.9,FN
1,0,0.9,FN
1,0,0.9,FN
1,0,0.9,FN
1,0,0.89,FN
1,0,0.9,FN
1,0,0.9,FN
1,0,0.9,FN
1,0,0.9299819738621001,FN
1,0,0.9,FN
1,0,0.9,FN
1,0,0.9,FN
1,0,0.9,FN
1,0,0.9,FN
1,0,0.9,FN
1,0,0.9,FN
1,0,0.9,FN
1,0,0.9,FN
1,0,0.9,FN
1,0,0.89,FN
1,0,0.89,FN
1,0,0.89,FN
1,0,0.89,FN
1,0,0.88,FN
1,0,0.89,FN
1,0,0.89,FN
1,0,0.89,FN
1,0,0.89,FN
1,0,0.89,FN
1,0,0.89,FN
1,0,0.89,FN
1,0,0.89,FN
1,0,0.89,FN
1,0,0.88,FN
1,0,0.89,FN
1,0,0.89,FN
1,0,0.89,FN
1,0,0.89,FN
1,0,0.89,FN
1,0,0.89,FN
1,0,0.89,FN
1,0,0.89,FN
1,0,0.89,FN
1,0,0.89,FN
1,0,0.89,FN
1,0,0.89,FN
1,0,0.89,FN
1,0,0.89,FN
1,0,0.9099819738621001,FN
1,0,0.89,FN
1,0,0.89,FN
1,0,0.89,FN
1,0,0.89,FN
1,0,0.89,FN
1,0,0.89,FN
1,0,0.89,FN
1,0,0.89,FN
1,0,0.89,FN
1,0,0.89,FN
1,0,0.89,FN
1,0,0.89,FN
1,0,0.89,FN
1,0,0.89,FN
1,0,0.89,FN
1,0,0.89,FN
1,0,0.89,FN
1,0,0.88,FN
1,0,0.89,FN
1,0,0.89,FN
1,0,0.89,FN
1,0,0.89,FN
1,0,0.89,FN
1,0,0.89,FN
1,0,0.89,FN
1,0,0.89,FN
1,0,0.89,FN
1,0,0.89,FN
1,0,0.9099819738621001,FN
1,0,0.89,FN
1,0,0.89,FN
1,0,0.89,FN
1,0,0.89,FN
1,0,0.89,FN
1,0,0.89,FN
1,0,0.89,FN
1,0,0.89,FN
1,0,0.89,FN
1,0,0.89,FN
1,0,0.89,FN
1,0,0.89,FN
1,0,0.89,FN
1,0,0.89,FN
1,0,0.89,FN
1,0,0.9099819738621001,FN
1,0,0.89,FN
1,0,0.89,FN
1,0,0.89,FN
1,0,0.88,FN
1,0,0.88,FN
1,0,0.88,FN
1,0,0.88,FN
1,0,0.88,FN
1,0,0.88,FN
1,0,0.88,FN
1,0,0.88,FN
1,0,0.88,FN
1,0,0.88,FN
1,0,0.88,FN
1,0,0.88,FN
1,0,0.88,FN
1,0,0.88,FN
1,0,0.88,FN
1,0,0.9099819738621001,FN
1,0,0.88,FN
1,0,0.88,FN
1,0,0.88,FN
1,0,0.88,FN
1,0,0.88,FN
1,0,0.88,FN
1,0,0.88,FN
1,0,0.8,FN
1,0,0.8,FN
1,0,0.83,FN
1,0,0.8,FN
1,0,0.92,FN
1,0,0.94,FN
1,0,0.8699918633034989,FN
1,0,0.8399915349887134,FN
1,0,0.8499915349887134,FN
1,0,0.8499915349887134,FN
1,0,0.8499915349887134,FN
1,0,0.8499915349887134,FN
1,0,0.8399915349887134,FN
1,0,0.8499915349887134,FN
1,0,0.8399915349887134,FN
1,0,0.8399915349887134,FN
1,0,0.8499915349887134,FN
1,0,0.8399915349887134,FN
1,0,0.8499915349887134,FN
1,0,0.8399915349887134,FN
1,0,0.8399915349887134,FN
1,0,0.8499915349887134,FN
1,0,0.8499915349887134,FN
1,0,0.8499915349887134,FN
1,0,0.8399915349887134,FN
1,0,0.8499915349887134,FN
1,0,0.8499915349887134,FN
1,0,0.8499915349887134,FN
1,0,0.8399915349887134,FN
1,0,0.8399915349887134,FN
1,0,0.8499915349887134,FN
1,0,0.8399915349887134,FN
1,0,0.8399915349887134,FN
1,0,0.8499915349887134,FN
1,0,0.8499915349887134,FN
1,0,0.8499915349887134,FN
1,0,0.8499915349887134,FN
1,0,0.8499915349887134,FN
1,0,0.8499915349887134,FN
1,0,0.8499915349887134,FN
1,0,0.8499915349887134,FN
1,0,0.8499915349887134,FN
1,0,0.8399915349887134,FN
1,0,0.8499915349887134,FN
1,0,0.8399915349887134,FN
1,0,0.8399915349887134,FN
1,0,0.8499915349887134,FN
1,0,0.8499915349887134,FN
1,0,0.8499915349887134,FN
1,0,0.8399915349887134,FN
1,0,0.8499915349887134,FN
1,0,0.8399915349887134,FN
1,0,0.8399915349887134,FN
1,0,0.8399915349887134,FN
1,0,0.8399915349887134,FN
1,0,0.8499915349887134,FN
1,0,0.8499915349887134,FN
1,0,0.8499915349887134,FN
1,0,0.8399915349887134,FN
1,0,0.8499915349887134,FN
1,0,0.8499915349887134,FN
1,0,0.8499915349887134,FN
1,0,0.8499915349887134,FN
1,0,0.8399915349887134,FN
1,0,0.8499915349887134,FN
1,0,0.8499915349887134,FN
1,0,0.8399915349887134,FN
1,0,0.8499915349887134,FN
1,0,0.8499915349887134,FN
1,0,0.8499915349887134,FN
1,0,0.8499915349887134,FN
1,0,0.8399915349887134,FN
1,0,0.8499915349887134,FN
1,0,0.8499915349887134,FN
1,0,0.8499915349887134,FN
1,0,0.8399915349887134,FN
1,0,0.8399915349887134,FN
1,0,0.8499915349887134,FN
1,0,0.8399915349887134,FN
1,0,0.8399915349887134,FN
1,0,0.8499915349887134,FN
1,0,0.8499915349887134,FN
1,0,0.8499915349887134,FN
1,0,0.8499915349887134,FN
1,0,0.8499915349887134,FN
1,0,0.8499915349887134,FN
1,0,0.8399915349887134,FN
1,0,0.8399915349887134,FN
1,0,0.8499915349887134,FN
1,0,0.8399915349887134,FN
1,0,0.8399915349887134,FN
1,0,0.8499915349887134,FN
1,0,0.8499915349887134,FN
1,0,0.8499915349887134,FN
1,0,0.8499915349887134,FN
1,0,0.8499915349887134,FN
1,0,0.8499915349887134,FN
1,0,0.8499915349887134,FN
1,0,0.8499915349887134,FN
1,0,0.8499915349887134,FN
1,0,0.8499915349887134,FN
1,0,0.8499915349887134,FN
1,0,0.8399915349887134,FN
1,0,0.8399915349887134,FN
1,0,0.8499915349887134,FN
1,0,0.8499915349887134,FN
1,0,0.8499915349887134,FN
1,0,0.8499915349887134,FN
1,0,0.8399915349887134,FN
1,0,0.8399915349887134,FN
1,0,0.8499915349887134,FN
1,0,0.8499915349887134,FN
1,0,0.8499915349887134,FN
1,0,0.8499915349887134,FN
1,0,0.8499915349887134,FN
1,0,0.8499915349887134,FN
1,0,0.8499915349887134,FN
1,0,0.8499915349887134,FN
1,0,0.8499915349887134,FN
1,0,0.8499915349887134,FN
1,0,0.8499915349887134,FN
1,0,0.8499915349887134,FN
1,0,0.8499915349887134,FN
1,0,0.8499915349887134,FN
1,0,0.8399915349887134,FN
1,0,0.8399915349887134,FN
1,0,0.8499915349887134,FN
1,0,0.8499915349887134,FN
1,0,0.8499915349887134,FN
1,0,0.8499915349887134,FN
1,0,0.8499915349887134,FN
1,0,0.8499915349887134,FN
1,0,0.8399915349887134,FN
1,0,0.8499915349887134,FN
1,0,0.8499915349887134,FN
1,0,0.8499915349887134,FN
1,0,0.8499915349887134,FN
1,0,0.8499915349887134,FN
1,0,0.8499915349887134,FN
1,0,0.8499915349887134,FN
1,0,0.8499915349887134,FN
1,0,0.8399915349887134,FN
1,0,0.8399915349887134,FN
1,0,0.8399915349887134,FN
1,0,0.8499915349887134,FN
1,0,0.8499915349887134,FN
1,0,0.8399915349887134,FN
1,0,0.8499915349887134,FN
1,0,0.8499915349887134,FN
1,0,0.8399915349887134,FN
1,0,0.8399915349887134,FN
1,0,0.8499915349887134,FN
1,0,0.8499915349887134,FN
1,0,0.8499915349887134,FN
1,0,0.8499915349887134,FN
1,0,0.8499915349887134,FN
1,0,0.8499915349887134,FN
1,0,0.8399915349887134,FN
1,0,0.8499915349887134,FN
1,0,0.8499915349887134,FN
1,0,0.8399915349887134,FN
1,0,0.8499915349887134,FN
1,0,0.8499915349887134,FN
1,0,0.8399915349887134,FN
1,0,0.8499915349887134,FN
1,0,0.8399915349887134,FN
1,0,0.8499915349887134,FN
1,0,0.8499915349887134,FN
1,0,0.8499915349887134,FN
1,0,0.8499915349887134,FN
1,0,0.8499915349887134,FN
1,0,0.8399915349887134,FN
1,0,0.8499915349887134,FN
1,0,0.8399915349887134,FN
1,0,0.8499915349887134,FN
1,0,0.8499915349887134,FN
1,0,0.8499915349887134,FN
1,0,0.8499915349887134,FN
1,0,0.8499915349887134,FN
1,0,0.8499915349887134,FN
1,0,0.8399915349887134,FN
1,0,0.8399915349887134,FN
1,0,0.8499915349887134,FN
1,0,0.8399915349887134,FN
1,0,0.8399915349887134,FN
1,0,0.8499915349887134,FN
1,0,0.8399915349887134,FN
1,0,0.8499915349887134,FN
1,0,0.8399915349887134,FN
1,0,0.8399915349887134,FN
1,0,0.8499915349887134,FN
1,0,0.8499915349887134,FN
1,0,0.8399915349887134,FN
1,0,0.8499915349887134,FN
1,0,0.8399915349887134,FN
1,0,0.8499915349887134,FN
1,0,0.7499963815968013,FN
1,0,0.7499963815968013,FN
1,0,0.7199963815968013,FN
1,0,0.7199963815968013,FN
1,0,0.8499915349887134,FN
1,0,0.8399915349887134,FN
1,0,0.8399915349887134,FN
1,0,0.8499915349887134,FN
1,0,0.8499915349887134,FN
1,0,0.8499915349887134,FN
1,0,0.8499915349887134,FN
1,0,0.8499915349887134,FN
1,0,0.8499915349887134,FN
1,0,0.8499915349887134,FN
1,0,0.8499915349887134,FN
1,0,0.8399915349887134,FN
1,0,0.8399915349887134,FN
1,0,0.8499915349887134,FN
1,0,0.8499915349887134,FN
1,0,0.8399915349887134,FN
1,0,0.8499915349887134,FN
1,0,0.8499915349887134,FN
1,0,0.8499915349887134,FN
1,0,0.8499915349887134,FN
1,0,0.8499915349887134,FN
1,0,0.8499915349887134,FN
1,0,0.8499915349887134,FN
1,0,0.8499915349887134,FN
1,0,0.8499915349887134,FN
1,0,0.8399915349887134,FN
1,0,0.8499915349887134,FN
1,0,0.8399915349887134,FN
1,0,0.8499915349887134,FN
1,0,0.8499915349887134,FN
1,0,0.8499915349887134,FN
1,0,0.8499915349887134,FN
1,0,0.8499915349887134,FN
1,0,0.8399915349887134,FN
1,0,0.8499915349887134,FN
1,0,0.8499915349887134,FN
1,0,0.8499915349887134,FN
1,0,0.8499915349887134,FN
1,0,0.8499915349887134,FN
1,0,0.8399915349887134,FN
1,0,0.8499915349887134,FN
1,0,0.8499915349887134,FN
1,0,0.8499915349887134,FN
1,0,0.8499915349887134,FN
1,0,0.8399915349887134,FN
1,0,0.8399915349887134,FN
1,0,0.8399915349887134,FN
1,0,0.8499915349887134,FN
1,0,0.8399915349887134,FN
1,0,0.8499915349887134,FN
1,0,0.8499915349887134,FN
1,0,0.8499915349887134,FN
1,0,0.8499915349887134,FN
1,0,0.8499915349887134,FN
1,0,0.8499915349887134,FN
1,0,0.8499915349887134,FN
1,0,0.8399915349887134,FN
1,0,0.8499915349887134,FN
1,0,0.8499915349887134,FN
1,0,0.8499915349887134,FN
1,0,0.8499915349887134,FN
1,0,0.8499915349887134,FN
1,0,0.8399915349887134,FN
1,0,0.8499915349887134,FN
1,0,0.8499915349887134,FN
1,0,0.8499915349887134,FN
1,0,0.8499915349887134,FN
1,0,0.8399915349887134,FN
1,0,0.8499915349887134,FN
1,0,0.8499915349887134,FN
1,0,0.8399915349887134,FN
1,0,0.8499915349887134,FN
1,0,0.8499915349887134,FN
1,0,0.8499915349887134,FN
1,0,0.8499915349887134,FN
1,0,0.8499915349887134,FN
1,0,0.8499915349887134,FN
1,0,0.8499915349887134,FN
1,0,0.8499915349887134,FN
1,0,0.8499915349887134,FN
1,0,0.8499915349887134,FN
1,0,0.8499915349887134,FN
1,0,0.8499915349887134,FN
1,0,0.8499915349887134,FN
1,0,0.8499915349887134,FN
1,0,0.8499915349887134,FN
1,0,0.8399915349887134,FN
1,0,0.8499915349887134,FN
1,1,0.99,TP
1,1,0.83,TP
1,1,0.99,TP
1,1,0.97,TP
1,0,0.95,FN
1,0,0.98,FN
1,0,1.0,FN
1,0,0.7566666666666667,FN
1,0,0.7283333333333334,FN
1,0,1.0,FN
1,0,1.0,FN
1,0,0.7866666666666667,FN
1,0,0.82,FN
1,0,0.9766666666666667,FN
1,0,0.91,FN
1,0,0.85,FN
1,0,1.0,FN
1,0,0.9566666666666667,FN
1,0,1.0,FN
1,0,1.0,FN
1,0,0.8,FN
1,0,0.97,FN
1,0,0.97,FN
1,0,0.96,FN
1,0,0.78,FN
1,0,0.84,FN
1,1,0.95,TP
1,0,0.98,FN
1,0,0.91,FN
1,0,0.96,FN
1,0,0.6666666666666667,FN
1,0,0.84,FN
1,0,1.0,FN
1,0,0.93,FN
1,1,0.84,TP
1,0,0.9666666666666667,FN
1,0,1.0,FN
1,0,0.98,FN
1,0,0.9,FN
1,0,0.9666666666666667,FN
1,0,0.94,FN
1,0,0.97,FN
1,0,0.7116666666666666,FN
1,0,1.0,FN
1,0,0.98,FN
1,0,0.99,FN
1,0,0.95,FN
1,0,0.87,FN
1,0,0.9466666666666668,FN
1,0,0.9283333333333335,FN
1,0,0.99,FN
1,0,0.95,FN
1,0,0.9666666666666667,FN
1,0,0.86,FN
1,0,0.9,FN
1,0,1.0,FN
1,0,0.7066666666666667,FN
1,0,1.0,FN
1,0,0.9066666666666667,FN
1,0,0.98,FN
1,0,0.97,FN
1,0,0.9666666666666667,FN
1,0,0.98,FN
1,0,0.97,FN
1,0,0.98,FN
1,0,0.97,FN
1,0,1.0,FN
1,0,0.8,FN
1,0,0.95,FN
1,0,0.88,FN
1,0,0.98,FN
1,0,0.95,FN
1,0,0.97,FN
1,0,0.99,FN
1,0,0.6883333333333335,FN
1,0,0.8616666666666666,FN
1,0,0.65,FN
1,0,0.98,FN
1,0,0.7166666666666667,FN
1,0,0.94,FN
1,0,1.0,FN
1,0,0.97,FN
1,0,0.98,FN
1,0,1.0,FN
1,0,0.98,FN
1,0,0.9366666666666668,FN
1,0,0.98,FN
1,0,0.9116666666666666,FN
1,0,0.7383333333333334,FN
1,0,0.98,FN
1,0,1.0,FN
1,0,0.9666666666666667,FN
1,0,0.83,FN
1,0,0.7766666666666667,FN
1,0,1.0,FN
1,0,0.91,FN
1,0,0.8266666666666667,FN
1,0,0.8366666666666667,FN
1,0,0.7183333333333334,FN
1,1,0.99,TP
1,0,0.7499963815968013,FN
1,0,0.7499963815968013,FN
1,0,0.7199963815968013,FN
1,0,0.7199963815968013,FN
1,0,0.8766666666666667,FN
1,0,0.89,FN
1,0,0.84,FN
1,0,0.9116666666666666,FN
1,0,1.0,FN
1,0,0.98,FN
1,0,1.0,FN
1,0,0.98,FN
1,0,0.81,FN
1,0,0.94,FN
1,0,0.7166666666666667,FN
1,0,1.0,FN
1,0,0.96,FN
1,0,0.9766666666666667,FN
1,0,0.96,FN
1,0,0.9283333333333335,FN
1,0,0.99,FN
1,0,1.0,FN
1,0,0.97,FN
1,0,0.9666666666666667,FN
1,0,0.5466666666666666,FN
1,0,1.0,FN
1,1,0.83,TP
1,0,0.9666666666666667,FN
1,0,0.81,FN
1,1,0.97,TP
1,0,0.98,FN
1,0,0.97,FN
1,0,0.97,FN
1,0,0.82,FN
1,0,1.0,FN
1,0,0.73,FN
1,0,0.97,FN
1,0,1.0,FN
1,0,0.99,FN
1,0,0.71,FN
1,0,0.85,FN
1,0,0.91,FN
1,0,0.98,FN
1,0,1.0,FN
1,0,0.98,FN
1,0,0.74,FN
1,0,0.83,FN
1,0,0.91,FN
1,0,0.99,FN
1,0,0.7366666666666667,FN
1,0,0.6216666666666667,FN
1,0,0.89,FN
1,1,0.95,TP
1,1,0.6016666666666667,TP
1,0,0.71,FN
1,0,0.7366666666666667,FN
1,0,0.93,FN
1,0,0.63,FN
1,0,0.7366666666666667,FN
1,0,1.0,FN
1,0,0.7966666666666667,FN
1,1,0.84,TP
1,0,0.95,FN
1,0,0.98,FN
1,0,0.81,FN
1,0,0.7116666666666666,FN
1,0,1.0,FN
1,0,0.9566666666666667,FN
1,0,0.99,FN
1,0,0.94,FN
1,0,0.99,FN
1,0,0.9366666666666668,FN
1,0,0.97,FN
1,0,0.97,FN
1,0,0.88,FN
1,0,0.9166666666666667,FN
1,0,0.8816666666666666,FN
1,0,0.7383333333333334,FN
1,0,0.99,FN
1,0,0.8,FN
1,0,0.9666666666666667,FN
1,0,0.91,FN
1,0,0.87,FN
1,0,0.8366666666666667,FN
1,0,0.99,FN
1,0,1.0,FN
1,0,0.96,FN
1,0,0.9766666666666667,FN
1,0,0.99,FN
1,0,0.9283333333333335,FN
1,0,0.9366666666666668,FN
1,0,0.91,FN
1,0,0.9066666666666667,FN
1,0,1.0,FN
1,0,0.6766666666666667,FN
1,0,0.9366666666666668,FN
1,0,0.8466666666666667,FN
1,0,1.0,FN
1,0,0.97,FN
1,0,0.81,FN
1,0,0.9616666666666666,FN
1,0,0.98,FN
1,0,0.97,FN
1,0,0.94,FN
1,0,0.62,FN
1,0,1.0,FN
1,0,0.99,FN
1,0,0.84,FN
1,0,0.88,FN
1,0,0.99,FN
1,0,0.89,FN
1,0,1.0,FN
1,0,0.6816666666666668,FN
1,0,0.93,FN
1,1,0.5416666666666667,TP
1,0,0.7666666666666667,FN
1,1,0.54,TP
1,0,0.94,FN
1,0,0.92,FN
1,0,0.8,FN
1,0,0.97,FN
1,0,0.9,FN
1,0,1.0,FN
1,0,0.9566666666666667,FN
1,0,1.0,FN
1,1,0.97,TP
1,0,0.83,FN
1,0,0.87,FN
1,0,0.98,FN
1,0,0.9316666666666665,FN
1,0,0.93,FN
1,0,0.81,FN
1,0,0.98,FN
1,0,0.97,FN
1,0,1.0,FN
1,0,0.98,FN
1,0,0.98,FN
1,0,1.0,FN
1,0,0.8416666666666666,FN
1,0,0.8166666666666668,FN
1,0,0.92,FN
1,0,0.93,FN
1,0,0.91,FN
1,0,1.0,FN
1,0,0.89,FN
1,0,0.8166666666666668,FN
1,0,0.7116666666666666,FN
1,0,1.0,FN
1,0,0.8,FN
1,1,0.95,TP
1,0,0.7766666666666667,FN
1,0,0.94,FN
1,0,0.9666666666666667,FN
1,0,0.99,FN
1,0,0.9766666666666667,FN
1,0,1.0,FN
1,0,0.7783333333333334,FN
1,0,0.97,FN
1,0,0.82,FN
1,0,1.0,FN
1,0,0.96,FN
1,0,0.6966666666666668,FN
1,0,0.9666666666666667,FN
1,0,0.88,FN
1,0,0.9366666666666668,FN
1,0,1.0,FN
1,0,0.9466666666666668,FN
1,0,0.7566666666666667,FN
1,0,0.7666666666666667,FN
1,0,0.98,FN
1,0,0.96,FN
1,0,1.0,FN
1,0,0.98,FN
1,0,0.96,FN
1,0,0.82,FN
1,0,0.98,FN
1,0,0.95,FN
1,0,0.96,FN
1,0,0.98,FN
1,0,0.99,FN
1,0,1.0,FN
1,0,0.9416666666666665,FN
1,0,0.88,FN
1,0,1.0,FN
1,0,0.74,FN
1,0,0.79,FN
1,0,0.88,FN
1,0,0.93,FN
1,0,0.9266666666666667,FN
1,0,0.66,FN
1,0,1.0,FN
1,0,0.7499963815968013,FN
1,0,0.7459963815968013,FN
1,0,0.7159963815968012,FN
1,0,0.7199963815968013,FN
1,0,0.97,FN
1,0,0.97,FN
1,0,0.89,FN
1,0,0.8216666666666665,FN
1,0,0.983,FN
1,0,1.0,FN
1,0,0.7183333333333334,FN
1,0,0.95,FN
1,0,0.9566666666666667,FN
1,0,0.93,FN
1,0,0.64,FN
1,0,0.99,FN
1,0,0.8266666666666667,FN
1,0,1.0,FN
1,0,0.9766666666666667,FN
1,0,0.99,FN
1,0,0.95,FN
1,0,0.9283333333333335,FN
1,0,0.8966666666666667,FN
1,0,1.0,FN
1,0,0.9666666666666667,FN
1,0,0.7866666666666667,FN
1,0,0.96,FN
1,0,0.98,FN
1,0,0.97,FN
1,0,0.89,FN
1,0,0.87,FN
1,0,0.81,FN
1,0,0.9016666666666666,FN
1,0,0.88,FN
1,0,0.98,FN
1,0,0.98,FN
1,0,0.98,FN
1,0,1.0,FN
1,0,0.97,FN
1,1,0.95,TP
1,0,1.0,FN
1,0,0.79,FN
1,0,0.7866666666666667,FN
1,1,0.5283333333333333,TP
1,0,0.98,FN
1,0,0.8883333333333334,FN
1,0,0.82,FN
1,0,1.0,FN
1,0,0.96,FN
1,0,0.98,FN
1,0,0.94,FN
1,0,0.87,FN
1,0,0.7366666666666667,FN
1,0,0.97,FN
1,0,0.95,FN
1,0,0.9466666666666668,FN
1,0,0.87,FN
1,0,0.99,FN
1,0,0.9283333333333335,FN
1,0,0.97,FN
1,0,0.87,FN
1,0,0.8366666666666667,FN
1,0,0.6366666666666667,FN
1,0,1.0,FN
1,0,0.7966666666666667,FN
1,0,0.97,FN
1,0,0.9,FN
1,0,0.98,FN
1,0,0.88,FN
1,0,0.9016666666666666,FN
1,0,0.9,FN
1,0,0.97,FN
1,0,0.97,FN
1,0,1.0,FN
1,0,0.8,FN
1,0,0.99,FN
1,0,0.98,FN
1,0,1.0,FN
1,0,0.99,FN
1,0,0.9066666666666667,FN
1,0,0.97,FN
1,0,0.9316666666666665,FN
1,0,0.98,FN
1,0,0.7183333333333334,FN
1,0,0.91,FN
1,0,1.0,FN
1,0,0.9166666666666667,FN
1,0,0.87,FN
1,0,0.9666666666666667,FN
1,0,1.0,FN
1,0,1.0,FN
1,0,0.97,FN
1,0,0.99,FN
1,0,0.98,FN
1,0,0.7016666666666667,FN
1,0,0.9183333333333334,FN
1,0,1.0,FN
1,0,0.95,FN
1,0,0.9666666666666667,FN
1,0,0.91,FN
1,0,1.0,FN
1,0,0.9666666666666667,FN
1,1,0.83,TP
1,0,0.6166666666666667,FN
1,1,0.97,TP
1,0,0.7083333333333335,FN
1,0,0.9566666666666667,FN
1,0,0.86,FN
1,0,0.83,FN
1,0,0.94,FN
1,0,1.0,FN
1,1,0.96,TP
1,0,0.99,FN
1,0,1.0,FN
1,0,0.79,FN
1,0,0.82,FN
1,0,0.91,FN
1,0,0.9366666666666668,FN
1,0,0.98,FN
1,0,0.93,FN
1,0,1.0,FN
1,0,1.0,FN
1,0,0.8666666666666667,FN
1,0,0.78,FN
1,0,0.9466666666666668,FN
1,0,0.89,FN
1,0,0.97,FN
1,0,0.82,FN
1,1,0.95,TP
1,0,1.0,FN
1,0,0.8,FN
1,0,0.9566666666666667,FN
1,0,0.94,FN
1,1,0.84,TP
1,0,0.81,FN
1,0,0.9666666666666667,FN
1,0,1.0,FN
1,0,0.9766666666666667,FN
1,0,0.96,FN
1,0,0.6983333333333335,FN
1,0,0.81,FN
1,0,0.98,FN
1,0,0.91,FN
1,0,0.9666666666666667,FN
1,0,0.94,FN
1,0,0.61,FN
1,0,0.9566666666666667,FN
1,0,0.83,FN
1,0,0.97,FN
1,0,0.9466666666666668,FN
1,0,0.87,FN
1,0,0.82,FN
1,0,0.7783333333333334,FN
1,0,0.97,FN
1,0,1.0,FN
1,0,0.7266666666666667,FN
1,0,0.9666666666666667,FN
1,0,0.9466666666666668,FN
1,0,1.0,FN
1,0,0.9666666666666667,FN
1,0,0.88,FN
1,0,1.0,FN
1,0,0.9016666666666666,FN
1,0,0.87,FN
1,0,0.89,FN
1,0,0.95,FN
1,0,0.98,FN
1,0,0.98,FN
1,0,0.77,FN
1,0,1.0,FN
1,0,0.96,FN
1,0,1.0,FN
1,0,0.95,FN
1,0,0.9166666666666667,FN
1,0,0.97,FN
1,0,0.89,FN
1,0,0.9116666666666666,FN
1,0,0.97,FN
1,0,1.0,FN
1,0,0.93,FN
1,0,0.9466666666666668,FN
1,0,0.94,FN
1,0,0.95,FN
1,0,0.9666666666666667,FN
1,0,0.99,FN
1,0,0.9766666666666667,FN
1,0,1.0,FN
1,0,0.99,FN
1,0,0.8466666666666667,FN
1,0,0.7683333333333334,FN
1,0,0.84,FN
1,0,0.9466666666666668,FN
1,0,0.6566666666666667,FN
1,0,0.7499963815968013,FN
1,0,0.7499963815968013,FN
1,0,0.7199963815968013,FN
1,0,0.7199963815968013,FN
1,0,0.7766666666666667,FN
1,0,1.0,FN
1,0,0.9366666666666668,FN
1,0,0.9666666666666667,FN
1,0,1.0,FN
1,0,0.97,FN
1,0,0.81,FN
1,0,0.98,FN
1,0,0.96,FN
1,1,0.99,TP
1,0,1.0,FN
1,0,1.0,FN
1,0,0.82,FN
1,1,0.97,TP
1,0,0.88,FN
1,0,0.96,FN
1,0,0.99,FN
1,0,0.99,FN
1,0,0.9416666666666665,FN
1,0,1.0,FN
1,0,0.7383333333333334,FN
1,0,1.0,FN
1,1,0.96,TP
1,0,0.9466666666666668,FN
1,0,1.0,FN
1,0,0.94,FN
1,0,0.97,FN
1,0,0.96,FN
1,0,0.97,FN
1,0,0.97,FN
1,0,0.9266666666666667,FN
1,0,0.89,FN
1,0,0.99,FN
1,0,0.9283333333333335,FN
1,0,1.0,FN
1,0,0.97,FN
1,0,0.9666666666666667,FN
1,0,0.6466666666666667,FN
1,0,0.9166666666666667,FN
1,1,0.95,TP
1,0,0.9666666666666667,FN
1,0,1.0,FN
1,0,0.86,FN
1,0,1.0,FN
1,0,0.9516666666666665,FN
1,0,0.97,FN
1,0,0.98,FN
1,0,0.89,FN
1,0,0.72,FN
1,0,0.93,FN
1,0,0.77,FN
1,0,0.93,FN
1,0,0.84,FN
1,0,0.95,FN
1,0,0.8566666666666667,FN
1,0,0.97,FN
1,1,0.5883333333333333,TP
1,0,0.7116666666666666,FN
1,0,0.88,FN
1,0,0.97,FN
1,0,1.0,FN
1,0,0.94,FN
1,0,0.9166666666666667,FN
1,0,0.96,FN
1,0,0.9666666666666667,FN
1,0,1.0,FN
1,0,1.0,FN
1,0,0.9766666666666667,FN
1,0,0.9366666666666668,FN
1,0,0.99,FN
1,0,1.0,FN
1,0,0.9283333333333335,FN
1,0,0.9466666666666668,FN
1,0,1.0,FN
1,0,0.81,FN
1,0,1.0,FN
1,0,1.0,FN
1,0,0.97,FN
1,0,0.82,FN
1,0,0.87,FN
1,0,0.89,FN
1,0,0.75,FN
1,0,0.9416666666666665,FN
1,0,0.91,FN
1,0,0.8566666666666667,FN
1,0,0.92,FN
1,0,1.0,FN
1,0,0.57,FN
1,0,0.97,FN
1,0,1.0,FN
1,0,0.99,FN
1,0,0.97,FN
1,0,0.8466666666666667,FN
1,0,0.98,FN
1,0,0.8516666666666666,FN
1,0,0.9283333333333335,FN
1,0,0.98,FN
1,0,0.91,FN
1,0,0.9666666666666667,FN
1,0,0.91,FN
1,0,1.0,FN
1,0,0.9666666666666667,FN
1,1,0.83,TP
1,0,0.8166666666666668,FN
1,1,0.97,TP
1,0,0.7066666666666667,FN
1,0,1.0,FN
1,0,0.9666666666666667,FN
1,0,1.0,FN
1,0,0.7966666666666667,FN
1,0,1.0,FN
1,1,0.96,TP
1,0,0.88,FN
1,0,0.95,FN
1,0,0.81,FN
1,0,0.93,FN
1,0,1.0,FN
1,0,0.98,FN
1,0,0.9066666666666667,FN
1,0,0.93,FN
1,0,1.0,FN
1,0,0.9266666666666667,FN
1,0,1.0,FN
1,0,0.97,FN
1,0,0.97,FN
1,0,0.97,FN
1,1,0.95,TP
1,0,0.89,FN
1,0,0.7683333333333334,FN
1,0,1.0,FN
1,0,0.94,FN
1,0,0.97,FN
1,0,0.9366666666666668,FN
1,0,0.97,FN
1,0,0.9566666666666667,FN
1,1,0.84,TP
1,0,0.93,FN
1,0,0.9766666666666667,FN
1,0,0.96,FN
1,0,0.99,FN
1,0,0.9283333333333335,FN
1,0,0.8966666666666667,FN
1,0,1.0,FN
1,0,0.7366666666666667,FN
1,0,0.9666666666666667,FN
1,0,0.86,FN
1,0,0.88,FN
1,0,0.85,FN
1,0,0.97,FN
1,0,0.97,FN
1,0,0.81,FN
1,0,0.9316666666666665,FN
1,0,0.96,FN
1,0,1.0,FN
1,0,0.86,FN
1,0,0.74,FN
1,0,0.72,FN
1,0,0.88,FN
1,0,0.5566666666666668,FN
1,0,0.93,FN
1,0,0.69,FN
1,0,0.9666666666666667,FN
1,0,0.98,FN
1,0,0.9116666666666666,FN
1,0,1.0,FN
1,0,0.9616666666666666,FN
1,0,1.0,FN
1,0,0.97,FN
1,0,0.7566666666666667,FN
1,0,1.0,FN
1,0,0.91,FN
1,0,0.95,FN
1,0,0.9666666666666667,FN
1,0,0.9466666666666668,FN
1,0,1.0,FN
1,0,0.5966666666666667,FN
1,0,0.99,FN
1,0,0.9566666666666667,FN
1,0,0.9083333333333334,FN
1,0,1.0,FN
1,0,1.0,FN
1,0,0.82,FN
1,0,0.95,FN
1,0,0.88,FN
1,0,1.0,FN
1,0,0.84,FN
1,0,0.96,FN
1,0,0.98,FN
1,0,0.9416666666666665,FN
1,0,1.0,FN
1,0,0.8616666666666666,FN
1,0,0.92,FN
1,0,0.9466666666666668,FN
1,0,1.0,FN
1,0,0.8,FN
1,0,0.84,FN
1,0,0.92,FN
1,0,0.97,FN
1,0,0.84,FN
1,0,0.89,FN
1,0,0.86,FN
1,0,0.9116666666666666,FN
1,0,1.0,FN
1,0,0.8883333333333334,FN
1,0,0.94,FN
1,0,0.9666666666666667,FN
1,0,0.91,FN
1,0,0.9066666666666667,FN
1,0,0.9666666666666667,FN
1,1,0.97,TP
1,0,1.0,FN
1,0,0.9066666666666667,FN
1,0,0.8366666666666667,FN
1,0,0.98,FN
1,0,0.98,FN
1,1,0.96,TP
1,0,0.94,FN
1,0,1.0,FN
1,0,0.7,FN
1,0,0.77,FN
1,0,0.84,FN
1,0,1.0,FN
1,0,0.99,FN
1,0,0.8166666666666668,FN
1,0,0.97,FN
1,0,0.5716666666666668,FN
1,0,0.98,FN
1,0,0.8683333333333334,FN
1,0,1.0,FN
1,0,0.98,FN
1,0,0.7166666666666667,FN
1,0,0.94,FN
1,0,0.9985122878919366,FN
1,0,0.9889222545084989,FN
1,0,0.99999972081856,FN
1,0,0.9898765432098764,FN
1,0,0.9988991010182501,FN
1,0,0.9498765432098765,FN
1,0,0.9889222545084989,FN
1,0,0.9598765432098765,FN
1,0,0.99999972081856,FN
1,0,0.9898765432098764,FN
1,0,0.9988993207260387,FN
1,0,0.9498765432098765,FN
1,0,0.9798765432098765,FN
1,0,0.9598765432098765,FN
1,0,0.9798765432098765,FN
1,0,0.9988991010182501,FN
1,0,0.983,FN
1,0,0.9498765432098765,FN
1,0,0.9798765432098765,FN
1,0,0.9798765432098765,FN
1,0,0.9988993207260387,FN
1,0,0.9598765432098765,FN
1,0,0.9798765432098765,FN
1,0,0.9988991010182501,FN
1,0,0.9498765432098765,FN
1,0,0.9988991010182501,FN
1,0,0.9798765432098765,FN
1,0,0.9498765432098765,FN
1,0,0.9988991010182501,FN
1,0,0.9798765432098765,FN
1,0,0.9498765432098765,FN
1,0,0.9988991010182501,FN
1,0,0.9798765432098765,FN
1,0,0.9889222545084989,FN
1,0,0.9498765432098765,FN
1,0,0.99999972081856,FN
1,0,0.9898765432098764,FN
1,0,0.9798765432098765,FN
1,0,0.9988991010182501,FN
1,0,0.9498765432098765,FN
1,0,0.9598765432098765,FN
1,0,0.9798765432098765,FN
1,0,0.9988991010182501,FN
1,0,0.9498765432098765,FN
1,0,0.9798765432098765,FN
1,0,0.9988991010182501,FN
1,0,0.9798765432098765,FN
1,0,0.9498765432098765,FN
1,0,0.9988991010182501,FN
1,0,0.9798765432098765,FN
1,0,0.9598765432098765,FN
1,0,0.9988991010182501,FN
1,0,0.9798765432098765,FN
1,0,0.9498765432098765,FN
1,0,0.9988991010182501,FN
1,0,0.9798765432098765,FN
1,0,0.9498765432098765,FN
1,0,0.9988993207260387,FN
1,0,0.9798765432098765,FN
1,0,0.9988991010182501,FN
1,0,0.9498765432098765,FN
1,0,0.9988991010182501,FN
1,0,0.9598765432098765,FN
1,0,0.9798765432098765,FN
1,0,0.9988991010182501,FN
1,0,0.9498765432098765,FN
1,0,0.9988991010182501,FN
1,0,0.9598765432098765,FN
1,0,0.9798765432098765,FN
1,0,0.9988991010182501,FN
1,0,0.9498765432098765,FN
1,0,0.9798765432098765,FN
1,0,0.9988991010182501,FN
1,0,0.9598765432098765,FN
1,0,0.9798765432098765,FN
1,0,0.9988991010182501,FN
1,0,0.9498765432098765,FN
1,0,0.9798765432098765,FN
1,0,0.9988991010182501,FN
1,0,0.9598765432098765,FN
1,0,0.9798765432098765,FN
1,0,0.9988991010182501,FN
1,0,0.9498765432098765,FN
1,0,0.9798765432098765,FN
1,0,0.9695578557437776,FN
1,0,0.9695578557437776,FN
1,0,0.9988991010182501,FN
1,0,0.9598765432098765,FN
1,0,0.9695578557437776,FN
1,0,0.9695578557437776,FN
1,0,0.9798765432098765,FN
1,0,0.9596109898944997,FN
1,0,0.9695578557437776,FN
1,0,0.9695578557437776,FN
1,0,0.9988991010182501,FN
1,0,0.9498765432098765,FN
1,0,0.9798765432098765,FN
1,0,0.9988991010182501,FN
1,0,0.9988991010182501,FN
1,0,0.9498765432098765,FN
1,0,0.9798765432098765,FN
1,0,0.9988991010182501,FN
1,0,0.9598765432098765,FN
1,0,0.9798765432098765,FN
1,0,0.9988991010182501,FN
1,0,0.9498765432098765,FN
1,0,0.9798765432098765,FN
1,0,0.9988991010182501,FN
1,0,0.9598765432098765,FN
1,0,0.9798765432098765,FN
1,0,0.9988991010182501,FN
1,0,0.9498765432098765,FN
1,0,0.9798765432098765,FN
1,0,0.9988991010182501,FN
1,0,0.9598765432098765,FN
1,0,0.9798765432098765,FN
1,0,0.9988991010182501,FN
1,0,0.9498765432098765,FN
1,0,0.9798765432098765,FN
1,0,0.9988991010182501,FN
1,0,0.9598765432098765,FN
1,0,0.9798765432098765,FN
1,0,0.9700604280967469,FN
1,0,0.9695578557437776,FN
1,0,0.9695578557437776,FN
1,0,0.9988991010182501,FN
1,0,0.9498765432098765,FN
1,0,0.9695578557437776,FN
1,0,0.9798765432098765,FN
1,0,0.9695578557437776,FN
1,0,0.9695578557437776,FN
1,0,0.9988991010182501,FN
1,0,0.9598765432098765,FN
1,0,0.9798765432098765,FN
1,0,0.9988991010182501,FN
1,0,0.9798765432098765,FN
1,0,0.9988991010182501,FN
1,0,0.9598765432098765,FN
1,0,0.9798765432098765,FN
1,0,0.9988991010182501,FN
1,0,0.9498765432098765,FN
1,0,0.9798765432098765,FN
1,0,0.9988991010182501,FN
1,0,0.9598765432098765,FN
1,0,0.9798765432098765,FN
1,0,0.9988991010182501,FN
1,0,0.9498765432098765,FN
1,0,0.9798765432098765,FN
1,0,0.9988991010182501,FN
1,0,0.9598765432098765,FN
1,0,0.9988991010182501,FN
1,0,0.9498765432098765,FN
1,0,0.96,FN
1,0,0.9988991010182501,FN
1,0,0.9598765432098765,FN
1,0,0.96,FN
1,0,0.9988991010182501,FN
1,0,0.9498765432098765,FN
1,0,0.96,FN
1,0,0.96,FN
1,0,0.948917222489757,FN
1,0,0.96,FN
1,0,0.7299938997821351,FN
1,0,0.93,FN
1,0,0.92,FN
1,0,0.93,FN
1,0,0.94,FN
1,0,0.9,FN
1,0,0.93,FN
1,0,0.9,FN
1,0,0.9,FN
1,0,0.93,FN
1,0,0.9,FN
1,0,0.9,FN
1,0,0.9,FN
1,0,0.93,FN
1,0,0.9,FN
1,0,0.93,FN
1,0,0.9,FN
1,0,0.9,FN
1,0,0.9,FN
1,0,0.9,FN
1,0,0.93,FN
1,0,0.9,FN
1,0,0.9,FN
1,0,0.93,FN
1,0,0.93,FN
1,0,0.9,FN
1,0,0.9,FN
1,0,0.93,FN
1,0,0.9,FN
1,0,0.9,FN
1,1,0.632605924198443,TP
1,0,0.5034166924185087,FN
1,0,0.7299918633034989,FN
1,0,0.8199915349887134,FN
1,0,0.8199915349887134,FN
1,0,0.8299915349887134,FN
1,0,0.8199915349887134,FN
1,0,0.8199915349887134,FN
1,0,0.8199915349887134,FN
1,0,0.8199915349887134,FN
1,0,0.8199915349887134,FN
1,0,0.8299915349887134,FN
1,0,0.8199915349887134,FN
1,0,0.8199915349887134,FN
1,0,0.8199915349887134,FN
1,0,0.8299915349887134,FN
1,0,0.8199915349887134,FN
1,0,0.8199915349887134,FN
1,0,0.8199915349887134,FN
1,0,0.8199915349887134,FN
1,0,0.8199915349887134,FN
1,0,0.8299915349887134,FN
1,0,0.8299915349887134,FN
1,0,0.8199915349887134,FN
1,0,0.8199915349887134,FN
1,0,0.82,FN
1,0,0.8199915349887134,FN
1,0,0.8299915349887134,FN
1,0,0.8299915349887134,FN
1,0,0.8299915349887134,FN
1,0,0.8199915349887134,FN
1,0,0.8199915349887134,FN
1,0,0.8299915349887134,FN
1,0,0.82,FN
1,0,0.8199915349887134,FN
1,0,0.8199915349887134,FN
1,0,0.8199915349887134,FN
1,0,0.8299915349887134,FN
1,0,0.8299915349887134,FN
1,0,0.8299915349887134,FN
1,0,0.8299915349887134,FN
1,0,0.8299915349887134,FN
1,0,0.8299915349887134,FN
1,0,0.8299915349887134,FN
1,0,0.8299915349887134,FN
1,0,0.8299915349887134,FN
1,0,0.8299915349887134,FN
1,0,0.8299915349887134,FN
1,0,0.8299915349887134,FN
1,0,0.8299915349887134,FN
1,0,0.8199915349887134,FN
1,0,0.8199915349887134,FN
1,0,0.8299915349887134,FN
1,0,0.8299915349887134,FN
1,0,0.8299915349887134,FN
1,0,0.8299915349887134,FN
1,0,0.8299915349887134,FN
1,0,0.8299915349887134,FN
1,0,0.8199915349887134,FN
1,0,0.8199915349887134,FN
1,0,0.8199915349887134,FN
1,0,0.8199915349887134,FN
1,0,0.8299915349887134,FN
1,0,0.8299915349887134,FN
1,0,0.8199915349887134,FN
1,0,0.8199915349887134,FN
1,0,0.8299915349887134,FN
1,0,0.8299915349887134,FN
1,0,0.8199915349887134,FN
1,0,0.8199915349887134,FN
1,0,0.8299915349887134,FN
1,0,0.8199915349887134,FN
1,0,0.8299915349887134,FN
1,0,0.8299915349887134,FN
1,0,0.8299915349887134,FN
1,0,0.8299915349887134,FN
1,0,0.8199915349887134,FN
1,0,0.8199915349887134,FN
1,0,0.8199915349887134,FN
1,0,0.8199915349887134,FN
1,0,0.8199915349887134,FN
1,0,0.8299915349887134,FN
1,0,0.8199915349887134,FN
1,0,0.8299915349887134,FN
1,0,0.8299915349887134,FN
1,0,0.8299915349887134,FN
1,0,0.8299915349887134,FN
1,0,0.8299915349887134,FN
1,0,0.8199915349887134,FN
1,0,0.8299915349887134,FN
1,0,0.8299915349887134,FN
1,0,0.8299915349887134,FN
1,0,0.8299915349887134,FN
1,0,0.8299915349887134,FN
1,0,0.8299915349887134,FN
1,0,0.8299915349887134,FN
1,0,0.8299915349887134,FN
1,0,0.8199915349887134,FN
1,0,0.8199915349887134,FN
1,0,0.8299915349887134,FN
1,0,0.8299915349887134,FN
1,0,0.83,FN
1,0,0.8299915349887134,FN
1,0,0.8299915349887134,FN
1,0,0.83,FN
1,0,0.8299915349887134,FN
1,0,0.8299915349887134,FN
1,0,0.8199915349887134,FN
1,0,0.8199915349887134,FN
1,0,0.8199915349887134,FN
1,0,0.8199915349887134,FN
1,0,0.8199915349887134,FN
1,0,0.8199915349887134,FN
1,0,0.8199915349887134,FN
1,0,0.8299915349887134,FN
1,0,0.8299915349887134,FN
1,0,0.8199915349887134,FN
1,0,0.8299915349887134,FN
1,0,0.8199915349887134,FN
1,0,0.8199915349887134,FN
1,0,0.8299915349887134,FN
1,0,0.8199915349887134,FN
1,0,0.8199915349887134,FN
1,0,0.8199915349887134,FN
1,0,0.8299915349887134,FN
1,0,0.8199915349887134,FN
1,0,0.8199915349887134,FN
1,0,0.8299915349887134,FN
1,0,0.8299915349887134,FN
1,0,0.8199915349887134,FN
1,0,0.8199915349887134,FN
1,0,0.8299915349887134,FN
1,0,0.8199915349887134,FN
1,0,0.8199915349887134,FN
1,0,0.8199915349887134,FN
1,0,0.8199915349887134,FN
1,0,0.8199915349887134,FN
1,0,0.8199915349887134,FN
1,0,0.8199915349887134,FN
1,0,0.8299915349887134,FN
1,0,0.8199915349887134,FN
1,0,0.8199915349887134,FN
1,0,0.7899915349887133,FN
1,0,0.6299963815968013,FN
1,0,0.6499963815968013,FN
1,0,0.66,FN
1,0,0.66,FN
1,0,0.6499963815968013,FN
1,1,0.8500036184031987,TP
1,1,0.8500036184031987,TP
1,1,0.9600036184031987,TP
1,0,0.98,FN
1,0,0.7216666666666666,FN
1,0,0.8416666666666666,FN
1,0,1.0,FN
1,0,0.97,FN
1,0,0.7766666666666667,FN
1,0,0.91,FN
1,0,0.84,FN
1,0,0.9666666666666667,FN
1,0,0.95,FN
1,0,1.0,FN
1,0,0.9466666666666668,FN
1,0,0.5866666666666667,FN
1,0,0.7483333333333334,FN
1,0,0.9566666666666667,FN
1,0,1.0,FN
1,0,0.9466666666666668,FN
1,0,0.7866666666666667,FN
1,0,0.84,FN
1,0,0.88,FN
1,0,0.94,FN
1,0,0.98,FN
1,0,1.0,FN
1,0,0.85,FN
1,0,0.6616666666666666,FN
1,0,0.82,FN
1,0,0.91,FN
1,0,0.77,FN
1,0,0.79,FN
1,0,0.85,FN
1,0,0.93,FN
1,0,0.97,FN
1,0,1.0,FN
1,0,0.78,FN
1,0,0.7666666666666667,FN
1,0,0.7916666666666665,FN
1,0,0.84,FN
1,0,0.88,FN
1,0,0.7016666666666665,FN
1,0,1.0,FN
1,0,0.81,FN
1,0,0.7566666666666667,FN
1,0,0.73,FN
1,0,0.94,FN
1,0,1.0,FN
1,0,0.7766666666666667,FN
1,0,0.81,FN
1,0,0.9466666666666668,FN
1,0,0.82,FN
1,0,0.7783333333333334,FN
1,0,0.96,FN
1,0,0.97,FN
1,0,1.0,FN
1,0,0.7666666666666667,FN
1,0,0.9666666666666667,FN
1,0,1.0,FN
1,0,0.9666666666666667,FN
1,0,0.9466666666666668,FN
1,0,1.0,FN
1,0,0.97,FN
1,0,0.7316666666666666,FN
1,0,0.81,FN
1,0,0.83,FN
1,0,0.97,FN
1,0,0.94,FN
1,0,1.0,FN
1,0,0.62,FN
1,0,0.95,FN
1,0,0.89,FN
1,0,0.88,FN
1,0,0.98,FN
1,0,0.99,FN
1,0,0.6116666666666667,FN
1,0,1.0,FN
1,1,0.7216666666666666,TP
1,0,0.91,FN
1,0,0.7566666666666667,FN
1,0,0.69,FN
1,0,0.93,FN
1,0,0.94,FN
1,0,0.79,FN
1,0,0.9,FN
1,0,0.97,FN
1,0,0.84,FN
1,0,0.9066666666666667,FN
1,0,0.89,FN
1,0,0.7283333333333334,FN
1,0,0.8816666666666666,FN
1,0,0.8299915349887134,FN
1,0,0.8299915349887134,FN
1,0,0.7899915349887133,FN
1,0,0.7899915349887133,FN
1,0,0.6199963815968013,FN
1,0,0.6299963815968013,FN
1,0,0.6499963815968013,FN
1,0,0.66,FN
1,0,0.66,FN
1,0,0.54,FN
1,0,0.6499963815968013,FN
1,0,0.98,FN
1,0,0.9666666666666667,FN
1,0,0.85,FN
1,0,0.86,FN
1,0,0.9666666666666667,FN
1,0,0.83,FN
1,0,0.9666666666666667,FN
1,0,0.88,FN
1,0,0.8866666666666667,FN
1,0,0.8366666666666667,FN
1,0,0.8,FN
1,0,0.96,FN
1,0,0.89,FN
1,0,0.8,FN
1,0,0.93,FN
1,0,0.73,FN
1,0,0.82,FN
1,0,0.88,FN
1,0,0.94,FN
1,0,0.8,FN
1,0,0.95,FN
1,0,0.97,FN
1,0,0.6516666666666666,FN
1,0,0.6516666666666666,FN
1,0,0.91,FN
1,0,0.92,FN
1,0,0.62,FN
1,0,0.8966666666666667,FN
1,0,1.0,FN
1,0,0.87,FN
1,0,0.7366666666666667,FN
1,0,1.0,FN
1,0,0.99,FN
1,0,0.98,FN
1,0,1.0,FN
1,0,0.7616666666666666,FN
1,0,0.7883333333333334,FN
1,0,1.0,FN
1,0,0.9666666666666667,FN
1,0,0.95,FN
1,0,0.91,FN
1,0,0.91,FN
1,0,0.7666666666666667,FN
1,0,0.94,FN
1,0,1.0,FN
1,0,0.9466666666666668,FN
1,0,0.7166666666666667,FN
1,0,0.8,FN
1,0,0.7083333333333335,FN
1,0,0.96,FN
1,0,0.82,FN
1,0,0.88,FN
1,0,0.83,FN
1,0,0.77,FN
1,0,0.91,FN
1,0,0.97,FN
1,0,0.84,FN
1,0,0.98,FN
1,0,0.9416666666666665,FN
1,0,0.96,FN
1,0,0.98,FN
1,0,0.76,FN
1,0,1.0,FN
1,0,0.6266666666666667,FN
1,0,0.88,FN
1,0,0.66,FN
1,0,0.92,FN
1,0,0.7066666666666667,FN
1,0,0.97,FN
1,0,0.97,FN
1,0,0.89,FN
1,0,0.82,FN
1,0,0.6183333333333334,FN
1,0,0.6916666666666665,FN
1,0,0.95,FN
1,0,1.0,FN
1,0,0.9666666666666667,FN
1,0,0.91,FN
1,0,1.0,FN
1,0,0.99,FN
1,0,0.9666666666666667,FN
1,0,0.9766666666666667,FN
1,0,1.0,FN
1,0,0.7866666666666667,FN
1,0,0.98,FN
1,0,0.9566666666666667,FN
1,0,0.7083333333333335,FN
1,0,1.0,FN
1,0,1.0,FN
1,0,0.81,FN
1,0,0.87,FN
1,0,0.94,FN
1,1,0.8500036184031987,TP
1,0,0.76,FN
1,0,0.88,FN
1,1,0.97,TP
1,0,0.79,FN
1,0,0.98,FN
1,0,1.0,FN
1,0,0.85,FN
1,1,0.98,TP
1,0,0.98,FN
1,0,0.98,FN
1,0,0.97,FN
1,0,0.9566666666666667,FN
1,0,0.91,FN
1,0,0.96,FN
1,0,0.9366666666666668,FN
1,1,0.96,TP
1,0,1.0,FN
1,1,0.5233333333333333,TP
1,0,0.9466666666666668,FN
1,0,0.99,FN
1,0,0.9283333333333335,FN
1,0,0.98,FN
1,0,0.81,FN
1,0,0.96,FN
1,0,1.0,FN
1,0,1.0,FN
1,0,0.96,FN
1,0,1.0,FN
1,0,0.73,FN
1,0,0.6516666666666666,FN
1,0,0.76,FN
1,0,1.0,FN
1,0,0.77,FN
1,0,0.9366666666666668,FN
1,0,0.67,FN
1,0,1.0,FN
1,0,0.87,FN
1,0,0.7166666666666667,FN
1,0,0.97,FN
1,0,0.83,FN
1,0,0.91,FN
1,0,0.9216666666666665,FN
1,0,0.89,FN
1,0,0.8083333333333335,FN
1,0,1.0,FN
1,0,0.97,FN
1,0,0.9566666666666667,FN
1,0,0.91,FN
1,0,0.84,FN
1,0,0.8366666666666667,FN
1,0,0.9,FN
1,0,0.99,FN
1,0,0.9166666666666667,FN
1,0,0.79,FN
1,0,0.8466666666666667,FN
1,0,0.6883333333333335,FN
1,0,0.84,FN
1,0,0.9566666666666667,FN
1,0,0.81,FN
1,0,0.94,FN
1,0,0.99,FN
1,0,0.97,FN
1,0,1.0,FN
1,0,0.96,FN
1,0,0.86,FN
1,0,0.9416666666666665,FN
1,0,0.69,FN
1,0,0.88,FN
1,0,1.0,FN
1,0,0.7466666666666667,FN
1,0,0.82,FN
1,0,0.62,FN
1,0,1.0,FN
1,0,0.7566666666666667,FN
1,0,0.92,FN
1,0,1.0,FN
1,0,0.82,FN
1,0,1.0,FN
1,0,0.98,FN
1,0,0.7016666666666667,FN
1,0,1.0,FN
1,0,0.7083333333333335,FN
1,0,0.6,FN
1,0,0.8266666666666667,FN
1,0,0.87,FN
1,0,0.91,FN
1,0,0.8366666666666667,FN
1,0,0.9166666666666667,FN
1,0,0.89,FN
1,0,0.8299915349887134,FN
1,0,0.7899915349887133,FN
1,0,0.7899915349887133,FN
1,0,0.8299915349887134,FN
1,0,0.6299963815968013,FN
1,0,0.6299963815968013,FN
1,0,0.54,FN
1,0,0.6499963815968013,FN
1,0,0.66,FN
1,0,0.54,FN
1,0,0.66,FN
1,0,0.6499963815968013,FN
1,0,0.8166666666666668,FN
1,0,0.7166666666666667,FN
1,0,0.8,FN
1,0,0.89,FN
1,0,0.96,FN
1,0,1.0,FN
1,0,1.0,FN
1,0,0.95,FN
1,0,0.82,FN
1,0,1.0,FN
1,0,0.93,FN
1,0,0.99,FN
1,0,1.0,FN
1,0,1.0,FN
1,0,0.6916666666666665,FN
1,0,0.8416666666666666,FN
1,0,0.71,FN
1,0,0.7366666666666667,FN
1,0,1.0,FN
1,0,0.92,FN
1,0,0.94,FN
1,0,0.97,FN
1,0,1.0,FN
1,0,0.98,FN
1,0,0.97,FN
1,0,0.9066666666666667,FN
1,0,0.7016666666666667,FN
1,0,0.89,FN
1,0,0.6483333333333334,FN
1,0,0.98,FN
1,0,1.0,FN
1,0,0.9666666666666667,FN
1,0,0.87,FN
1,0,0.88,FN
1,0,0.8166666666666668,FN
1,0,0.9366666666666668,FN
1,0,0.9,FN
1,0,0.9066666666666667,FN
1,0,0.8,FN
1,0,0.8466666666666667,FN
1,0,0.89,FN
1,0,0.98,FN
1,0,1.0,FN
1,0,0.94,FN
1,0,0.81,FN
1,0,0.77,FN
1,0,0.89,FN
1,0,0.93,FN
1,0,0.83,FN
1,0,0.89,FN
1,0,0.83,FN
1,0,0.8616666666666666,FN
1,0,0.7683333333333334,FN
1,0,0.98,FN
1,0,0.6,FN
1,0,0.8266666666666667,FN
1,0,1.0,FN
1,0,0.94,FN
1,0,0.9,FN
1,0,0.81,FN
1,0,0.97,FN
1,0,1.0,FN
1,0,0.8866666666666667,FN
1,0,0.96,FN
1,0,0.7183333333333334,FN
1,0,0.82,FN
1,0,1.0,FN
1,0,0.97,FN
1,0,0.9666666666666667,FN
1,0,0.6266666666666667,FN
1,0,0.9666666666666667,FN
1,0,1.0,FN
1,0,0.89,FN
1,0,0.9466666666666668,FN
1,0,0.89,FN
1,0,0.82,FN
1,0,0.89,FN
1,0,0.6016666666666667,FN
1,0,0.95,FN
1,0,0.98,FN
1,0,1.0,FN
1,0,0.98,FN
1,0,0.99,FN
1,0,0.98,FN
1,0,1.0,FN
1,0,0.93,FN
1,0,1.0,FN
1,0,0.9666666666666667,FN
1,1,0.7483333333333334,TP
1,0,0.7016666666666665,FN
1,0,0.97,FN
1,0,1.0,FN
1,0,0.96,FN
1,1,0.8500036184031987,TP
1,1,0.8500036184031987,TP
1,0,0.8166666666666668,FN
1,0,0.83,FN
1,0,0.9283333333333335,FN
1,0,0.82,FN
1,0,0.7266666666666667,FN
1,1,0.97,TP
1,0,0.8666666666666667,FN
1,0,0.81,FN
1,0,0.99,FN
1,1,0.98,TP
1,0,0.98,FN
1,0,0.85,FN
1,0,0.6916666666666665,FN
1,0,0.84,FN
1,0,0.91,FN
1,0,0.76,FN
1,0,0.8066666666666668,FN
1,0,0.93,FN
1,0,0.72,FN
1,0,0.7466666666666667,FN
1,0,0.92,FN
1,0,0.89,FN
1,0,0.9116666666666666,FN
1,0,0.6683333333333334,FN
1,0,0.6,FN
1,0,0.8266666666666667,FN
1,0,0.91,FN
1,0,0.87,FN
1,0,0.9766666666666667,FN
1,0,1.0,FN
1,0,0.9766666666666667,FN
1,0,0.8366666666666667,FN
1,0,0.9566666666666667,FN
1,0,0.9283333333333335,FN
1,0,0.86,FN
1,0,0.83,FN
1,0,0.93,FN
1,0,0.94,FN
1,0,0.92,FN
1,0,1.0,FN
1,0,0.83,FN
1,0,0.983,FN
1,0,0.87,FN
1,0,0.89,FN
1,0,0.67,FN
1,0,0.6916666666666665,FN
1,0,0.71,FN
1,0,0.91,FN
1,0,0.93,FN
1,0,0.7366666666666667,FN
1,0,0.9666666666666667,FN
1,0,0.88,FN
1,0,1.0,FN
1,0,1.0,FN
1,0,0.86,FN
1,0,0.8866666666666667,FN
1,0,0.98,FN
1,1,0.5283333333333333,TP
1,0,0.7683333333333334,FN
1,0,0.98,FN
1,0,0.9666666666666667,FN
1,0,1.0,FN
1,0,0.87,FN
1,0,0.8166666666666668,FN
1,0,0.9666666666666667,FN
1,0,0.9466666666666668,FN
1,0,0.89,FN
1,0,0.95,FN
1,0,0.77,FN
1,0,0.7666666666666667,FN
1,0,0.97,FN
1,0,0.83,FN
1,0,0.71,FN
1,0,0.93,FN
1,0,0.73,FN
1,0,0.65,FN
1,0,0.85,FN
1,0,0.94,FN
1,0,0.98,FN
1,0,0.8666666666666667,FN
1,1,0.6183333333333333,TP
1,0,0.98,FN
1,0,0.88,FN
1,0,0.6683333333333334,FN
1,0,0.98,FN
1,0,1.0,FN
1,0,0.9266666666666667,FN
1,0,0.8299915349887134,FN
1,0,0.8199915349887134,FN
1,0,0.8199915349887134,FN
1,0,0.6299963815968013,FN
1,0,0.6299963815968013,FN
1,0,0.54,FN
1,0,0.6499963815968013,FN
1,0,0.54,FN
1,0,0.66,FN
1,0,0.66,FN
1,0,0.6399963815968013,FN
1,0,0.94,FN
1,0,0.8166666666666668,FN
1,0,0.8,FN
1,0,0.95,FN
1,0,1.0,FN
1,0,0.9466666666666668,FN
1,0,0.99,FN
1,0,0.82,FN
1,0,0.7483333333333334,FN
1,0,0.9466666666666668,FN
1,0,0.7066666666666667,FN
1,0,0.86,FN
1,0,0.7966666666666667,FN
1,0,1.0,FN
1,0,0.85,FN
1,0,0.81,FN
1,0,0.98,FN
1,0,0.98,FN
1,0,0.79,FN
1,0,1.0,FN
1,0,0.9416666666666665,FN
1,0,0.96,FN
1,0,0.75,FN
1,0,0.5166666666666667,FN
1,0,0.88,FN
1,0,0.66,FN
1,0,0.9,FN
1,0,0.9666666666666667,FN
1,0,0.97,FN
1,0,0.84,FN
1,0,0.87,FN
1,0,0.6216666666666667,FN
1,0,0.89,FN
1,0,0.98,FN
1,0,0.7283333333333334,FN
1,0,0.88,FN
1,0,0.9666666666666667,FN
1,0,0.89,FN
1,0,0.96,FN
1,0,0.7666666666666667,FN
1,0,1.0,FN
1,0,0.9366666666666668,FN
1,0,0.8466666666666667,FN
1,0,0.9466666666666668,FN
1,0,0.77,FN
1,0,0.98,FN
1,0,0.97,FN
1,0,1.0,FN
1,0,0.81,FN
1,0,0.65,FN
1,0,0.73,FN
1,0,0.89,FN
1,0,0.88,FN
1,0,0.99,FN
1,0,0.97,FN
1,0,0.94,FN
1,0,0.6583333333333334,FN
1,0,0.5316666666666667,FN
1,0,1.0,FN
1,0,0.88,FN
1,0,0.92,FN
1,0,0.9,FN
1,0,0.94,FN
1,0,0.9,FN
1,0,0.7666666666666667,FN
1,0,0.8866666666666667,FN
1,0,1.0,FN
1,0,0.99,FN
1,0,0.86,FN
1,0,0.96,FN
1,0,0.9283333333333335,FN
1,0,0.92,FN
1,0,0.7966666666666667,FN
1,0,0.7966666666666667,FN
1,0,0.8666666666666667,FN
1,0,1.0,FN
1,0,0.98,FN
1,0,1.0,FN
1,0,0.96,FN
1,0,0.91,FN
1,0,0.77,FN
1,0,0.7916666666666665,FN
1,0,0.93,FN
1,0,0.95,FN
1,0,0.9266666666666667,FN
1,0,0.98,FN
1,0,1.0,FN
1,0,0.9566666666666667,FN
1,0,0.92,FN
1,0,0.97,FN
1,0,1.0,FN
1,0,1.0,FN
1,0,0.9116666666666666,FN
1,0,1.0,FN
1,0,0.98,FN
1,0,0.7983333333333335,FN
1,1,0.8500036184031987,TP
1,0,1.0,FN
1,1,0.8500036184031987,TP
1,0,0.9666666666666667,FN
1,0,1.0,FN
1,0,0.7666666666666667,FN
1,0,0.8566666666666667,FN
1,0,0.8,FN
1,0,0.89,FN
1,1,0.97,TP
1,0,0.96,FN
1,0,0.93,FN
1,0,0.93,FN
1,0,0.65,FN
1,1,0.98,TP
1,0,0.7066666666666667,FN
1,0,1.0,FN
1,1,0.5283333333333333,TP
1,0,0.98,FN
1,0,0.7983333333333335,FN
1,0,0.89,FN
1,0,1.0,FN
1,0,0.94,FN
1,0,0.8166666666666668,FN
1,0,0.8266666666666667,FN
1,0,0.75,FN
1,0,0.8166666666666668,FN
1,0,0.89,FN
1,0,0.82,FN
1,0,0.7783333333333334,FN
1,0,1.0,FN
1,0,1.0,FN
1,0,0.84,FN
1,0,0.81,FN
1,0,0.93,FN
1,0,0.97,FN
1,0,0.98,FN
1,0,0.79,FN
1,0,1.0,FN
1,0,0.9,FN
1,0,0.6566666666666667,FN
1,0,0.88,FN
1,0,0.88,FN
1,0,0.5,FN
1,0,0.76,FN
1,0,0.87,FN
1,0,0.84,FN
1,0,0.7466666666666667,FN
1,0,0.7716666666666666,FN
1,0,0.89,FN
1,0,0.9283333333333335,FN
1,0,0.87,FN
1,0,0.98,FN
1,0,0.5866666666666667,FN
1,0,0.8366666666666667,FN
1,0,1.0,FN
1,0,0.6366666666666667,FN
1,0,0.95,FN
1,0,0.9666666666666667,FN
1,0,1.0,FN
1,0,0.88,FN
1,0,0.83,FN
1,0,0.9216666666666665,FN
1,0,0.95,FN
1,0,0.89,FN
1,0,0.77,FN
1,0,0.93,FN
1,0,0.77,FN
1,0,0.7266666666666667,FN
1,0,0.94,FN
1,0,0.93,FN
1,0,0.86,FN
1,0,0.7166666666666667,FN
1,0,0.89,FN
1,0,0.7716666666666666,FN
1,0,0.9616666666666666,FN
1,0,1.0,FN
1,0,0.8966666666666667,FN
1,0,0.76,FN
1,0,0.87,FN
1,0,0.94,FN
1,0,0.8266666666666667,FN
1,0,0.99,FN
1,0,1.0,FN
1,0,0.9766666666666667,FN
1,0,0.8366666666666667,FN
1,0,0.99,FN
1,0,0.6299963815968013,FN
1,0,0.6299963815968013,FN
1,0,0.54,FN
1,0,0.536,FN
1,0,0.6499963815968013,FN
1,0,0.66,FN
1,0,0.66,FN
1,0,0.6499963815968013,FN
1,0,0.86,FN
1,0,0.96,FN
1,0,1.0,FN
1,0,1.0,FN
1,0,0.82,FN
1,0,0.74,FN
1,0,0.89,FN
1,0,0.83,FN
1,0,0.94,FN
1,0,0.85,FN
1,0,0.9316666666666665,FN
1,0,0.89,FN
1,0,0.6483333333333334,FN
1,0,1.0,FN
1,0,0.79,FN
1,0,0.5,FN
1,0,0.92,FN
1,0,0.94,FN
1,0,0.7666666666666667,FN
1,0,0.98,FN
1,0,1.0,FN
1,0,0.9166666666666667,FN
1,0,0.7,FN
1,0,0.81,FN
1,0,0.7783333333333334,FN
1,0,0.96,FN
1,0,0.87,FN
1,0,0.8966666666666667,FN
1,0,0.7466666666666667,FN
1,0,0.82,FN
1,0,0.81,FN
1,0,1.0,FN
1,0,0.78,FN
1,0,0.97,FN
1,0,0.97,FN
1,0,0.67,FN
1,0,0.6516666666666666,FN
1,0,0.81,FN
1,0,0.9,FN
1,0,0.72,FN
1,0,0.88,FN
1,0,0.5466666666666667,FN
1,0,0.57,FN
1,0,0.7766666666666667,FN
1,0,0.9,FN
1,0,1.0,FN
1,0,0.86,FN
1,0,0.8866666666666667,FN
1,0,0.98,FN
1,0,0.5916666666666667,FN
1,0,0.7183333333333334,FN
1,0,0.98,FN
1,0,1.0,FN
1,0,0.9666666666666667,FN
1,0,0.5766666666666667,FN
1,0,0.84,FN
1,0,0.9466666666666668,FN
1,0,0.7566666666666667,FN
1,0,0.89,FN
1,0,0.89,FN
1,0,0.81,FN
1,0,0.5916666666666667,FN
1,0,0.89,FN
1,0,0.88,FN
1,0,0.97,FN
1,0,0.98,FN
1,0,0.77,FN
1,0,0.9566666666666667,FN
1,0,0.94,FN
1,0,0.93,FN
1,1,0.61,TP
1,0,0.9666666666666667,FN
1,0,1.0,FN
1,0,0.98,FN
1,0,0.9116666666666666,FN
1,0,0.8983333333333334,FN
1,0,0.71,FN
1,0,0.99,FN
1,0,0.8366666666666667,FN
1,0,0.83,FN
1,0,0.91,FN
1,0,0.8366666666666667,FN
1,0,0.8366666666666667,FN
1,0,1.0,FN
1,0,0.9366666666666668,FN
1,0,0.7566666666666667,FN
1,0,0.89,FN
1,0,0.8,FN
1,0,0.97,FN
1,0,0.97,FN
1,0,0.9,FN
1,0,0.79,FN
1,0,0.76,FN
1,0,0.84,FN
1,0,0.88,FN
1,0,0.78,FN
1,0,0.95,FN
1,0,0.7266666666666667,FN
1,1,0.7983333333333335,TP
1,0,0.7116666666666666,FN
1,0,0.88,FN
1,0,1.0,FN
1,0,0.98,FN
1,0,0.78,FN
1,0,0.94,FN
1,0,0.68,FN
1,0,0.7666666666666667,FN
1,0,0.95,FN
1,0,1.0,FN
1,0,0.5866666666666667,FN
1,0,0.9466666666666668,FN
1,0,0.82,FN
1,0,0.6683333333333334,FN
1,0,0.9566666666666667,FN
1,0,1.0,FN
1,1,0.97,TP
1,0,0.82,FN
1,0,0.92,FN
1,1,0.98,TP
1,0,0.99,FN
1,0,1.0,FN
1,0,0.6216666666666667,FN
1,0,0.5083333333333333,FN
1,0,0.82,FN
1,0,0.86,FN
1,0,0.9566666666666667,FN
1,0,0.99,FN
1,0,0.98,FN
1,0,0.94,FN
1,0,0.89,FN
1,0,0.9466666666666668,FN
1,0,0.8866666666666667,FN
1,0,0.85,FN
1,0,0.79,FN
1,0,0.8983333333333334,FN
1,0,0.87,FN
1,0,0.88,FN
1,0,0.81,FN
1,0,0.95,FN
1,0,1.0,FN
1,0,0.99,FN
1,0,1.0,FN
1,0,0.95,FN
1,0,0.7116666666666666,FN
1,0,0.6516666666666666,FN
1,0,0.88,FN
1,1,0.5033333333333334,TP
1,0,0.83,FN
1,0,0.93,FN
1,0,0.7766666666666667,FN
1,0,0.66,FN
1,0,0.92,FN
1,0,0.6966666666666668,FN
1,0,0.89,FN
1,0,0.8683333333333334,FN
1,0,0.98,FN
1,0,1.0,FN
1,0,0.9666666666666667,FN
1,0,0.6766666666666667,FN
1,0,0.87,FN
1,0,0.8366666666666667,FN
1,0,0.9,FN
1,0,0.98,FN
1,0,0.9666666666666667,FN
1,0,0.86,FN
1,0,0.7816666666666666,FN
1,0,0.94,FN
1,0,0.86,FN
1,0,0.76,FN
1,0,0.89,FN
1,0,0.93,FN
1,0,0.7966666666666667,FN
1,0,0.99,FN
1,0,0.88,FN
1,0,0.66,FN
1,0,0.983,FN
1,0,0.983,FN
1,0,0.9987639617587262,FN
1,0,0.9889222545084989,FN
1,0,0.9998765432098764,FN
1,0,0.98999972081856,FN
1,0,0.9898765432098764,FN
1,0,0.9987639617587262,FN
1,0,0.9998765432098764,FN
1,0,0.9998765432098764,FN
1,0,0.9898765432098764,FN
1,0,0.9987641814665147,FN
1,0,0.9998765432098764,FN
1,0,0.9898765432098764,FN
1,0,0.9889222545084989,FN
1,0,0.9898765432098764,FN
1,0,0.98999972081856,FN
1,0,0.9898765432098764,FN
1,0,0.9987641814665147,FN
1,0,0.9998765432098764,FN
1,0,0.9898765432098764,FN
1,0,0.9998765432098764,FN
1,0,0.9987639617587262,FN
1,0,0.9998765432098764,FN
1,0,0.9898765432098764,FN
1,0,0.9987639617587262,FN
1,0,0.9898765432098764,FN
1,0,0.9998765432098764,FN
1,0,0.9987641814665147,FN
1,0,0.9898765432098764,FN
1,0,0.9998765432098764,FN
1,0,0.9985122878919366,FN
1,0,0.9898765432098764,FN
1,0,0.9788703385790413,FN
1,0,0.9898765432098764,FN
1,0,0.9998765432098764,FN
1,0,0.9987639617587262,FN
1,0,0.9998765432098764,FN
1,0,0.9987639617587262,FN
1,0,0.9898765432098764,FN
1,0,0.9998765432098764,FN
1,0,0.9787467549399181,FN
1,1,0.8370286639506352,TP
1,0,0.9987639617587262,FN
1,0,0.9383173744679075,FN
1,0,0.9979707342731227,FN
1,0,0.9998765432098764,FN
1,0,0.9907098765432099,FN
1,0,0.7396874047481523,FN
1,0,0.9987641814665147,FN
1,0,0.9898765432098764,FN
1,0,0.9998765432098764,FN
1,0,0.9987639617587262,FN
1,0,0.9898765432098764,FN
1,0,0.9998765432098764,FN
1,0,1.0,FN
1,0,0.9987641814665147,FN
1,0,0.9898765432098764,FN
1,0,0.9987639617587262,FN
1,0,0.9998765432098764,FN
1,0,0.9999152396223729,FN
1,0,0.9998765432098764,FN
1,0,0.967874169447457,FN
1,0,0.92,FN
1,0,0.92,FN
1,0,0.92,FN
1,0,0.92,FN
1,0,0.93,FN
1,0,0.93,FN
1,0,0.92,FN
1,0,0.93,FN
1,0,0.98,FN
1,0,0.98,FN
1,0,0.93,FN
1,0,0.93,FN
1,0,0.94,FN
1,0,0.93,FN
1,0,0.9,FN
1,0,0.93,FN
1,0,0.9,FN
1,0,0.93,FN
1,0,0.93,FN
1,0,0.9,FN
1,0,0.9,FN
1,0,0.93,FN
1,0,0.9,FN
1,0,0.98999972081856,FN
1,0,0.94,FN
0,0,1.0,TN
0,0,0.99999972081856,TN
0,0,0.9999958827075727,TN
0,0,1.0,TN
0,0,1.0,TN
0,0,0.9998469081576695,TN
0,0,1.0,TN
0,0,0.9999997802922114,TN
0,0,1.0,TN
0,0,0.9999980664185237,TN
0,0,0.9999996776689015,TN
0,0,1.0,TN
0,0,0.9999990441958738,TN
0,0,0.9994835616892067,TN
0,0,0.9999826166230619,TN
0,0,1.0,TN
0,0,1.0,TN
0,0,0.9990422140550117,TN
0,0,0.9999982955488583,TN
0,0,1.0,TN
0,0,1.0,TN
0,0,1.0,TN
0,0,1.0,TN
0,0,0.9999628364607491,TN
0,0,1.0,TN
0,0,0.9999132130562844,TN
0,0,1.0,TN
0,0,0.9999922694643842,TN
0,0,0.9999865610850373,TN
0,0,1.0,TN
0,0,1.0,TN
0,0,0.9899648214522767,TN
0,0,1.0,TN
0,0,1.0,TN
0,0,1.0,TN
0,0,0.9888440211200556,TN
0,0,1.0,TN
0,0,0.9990083754257814,TN
0,0,1.0,TN
0,0,1.0,TN
0,0,1.0,TN
0,0,0.9997153004143757,TN
0,0,1.0,TN
0,0,0.9999938997821352,TN
0,0,1.0,TN
0,0,0.9999963815968013,TN
0,0,1.0,TN
0,0,1.0,TN
0,0,1.0,TN
0,0,1.0,TN
0,0,0.9999793031946912,TN
0,0,1.0,TN
0,0,0.9999980163674184,TN
0,0,1.0,TN
0,0,0.998555720965494,TN
0,0,0.9999865610850373,TN
0,0,0.99999972081856,TN
0,0,1.0,TN
0,0,0.9999915349887134,TN
0,0,1.0,TN
0,0,0.99999972081856,TN
0,0,1.0,TN
0,0,0.9999996776689015,TN
0,0,0.9999961618890127,TN
0,0,0.9999980664185237,TN
0,0,0.9999990441958738,TN
0,0,1.0,TN
0,0,1.0,TN
0,0,1.0,TN
0,0,1.0,TN
0,0,1.0,TN
0,0,0.9999882530980208,TN
0,0,1.0,TN
0,0,0.9991100546745281,TN
0,0,1.0,TN
0,0,0.9999899059146473,TN
0,0,1.0,TN
0,0,1.0,TN
0,0,1.0,TN
0,0,1.0,TN
0,0,0.9826241730905909,TN
0,0,0.9999759949503775,TN
0,0,0.9999997802922114,TN
0,0,0.9999980664185237,TN
0,0,1.0,TN
0,0,1.0,TN
0,0,1.0,TN
0,0,0.9999993233773138,TN
0,0,0.9999865610850373,TN
0,0,0.9991896364708474,TN
0,0,0.9999963815968013,TN
0,0,1.0,TN
0,0,1.0,TN
0,0,1.0,TN
0,0,1.0,TN
0,0,1.0,TN
0,0,0.9999993233773138,TN
0,0,1.0,TN
0,0,1.0,TN
0,0,1.0,TN
0,0,0.9999321322296163,TN
0,0,0.9999886826537445,TN
0,0,1.0,TN
0,0,0.9999993233773138,TN
0,0,1.0,TN
0,0,1.0,TN
0,0,1.0,TN
0,0,0.9999788305494216,TN
0,0,1.0,TN
0,0,0.9999938997821352,TN
0,0,0.9997672591775122,TN
0,0,0.9999640347664206,TN
0,0,0.9967922095103678,TN
0,0,1.0,TN
0,0,0.9999782451051487,TN
0,0,1.0,TN
0,0,0.9899990441958738,TN
0,0,1.0,TN
0,0,0.9999865610850373,TN
0,0,0.9999995011107714,TN
0,0,1.0,TN
0,0,0.9999997802922114,TN
0,0,1.0,TN
0,0,1.0,TN
0,0,1.0,TN
0,0,1.0,TN
0,0,1.0,TN
0,0,1.0,TN
0,0,0.9999997802922114,TN
0,0,1.0,TN
0,0,1.0,TN
0,0,1.0,TN
0,0,1.0,TN
0,0,1.0,TN
0,0,0.9999986929901046,TN
0,0,1.0,TN
0,0,1.0,TN
0,0,0.9999921649310256,TN
0,0,1.0,TN
0,0,1.0,TN
0,0,0.9999963815968013,TN
0,0,1.0,TN
0,0,0.9999687905086234,TN
0,0,1.0,TN
0,0,1.0,TN
0,0,0.9999963815968013,TN
0,0,1.0,TN
0,0,1.0,TN
0,0,0.9999321322296163,TN
0,0,1.0,TN
0,0,0.9999996776689015,TN
0,0,1.0,TN
0,0,0.9999674373519738,TN
0,0,1.0,TN
0,0,1.0,TN
0,0,1.0,TN
0,0,1.0,TN
0,0,1.0,TN
0,0,0.999267895277436,TN
0,0,1.0,TN
0,0,0.9984230787351465,TN
0,0,1.0,TN
0,0,0.999268980379242,TN
0,0,1.0,TN
0,0,1.0,TN
0,0,0.9999963815968013,TN
0,0,1.0,TN
0,0,1.0,TN
0,0,0.9999952174305775,TN
0,0,1.0,TN
0,0,0.9999791411042945,TN
0,0,1.0,TN
0,0,0.9999704163404641,TN
0,0,0.9985034093867653,TN
0,0,1.0,TN
0,0,1.0,TN
0,0,1.0,TN
0,0,0.9676421969029311,TN
0,0,0.9741808116885633,TN
0,0,0.9999963815968013,TN
0,0,1.0,TN
0,0,1.0,TN
0,0,1.0,TN
0,0,1.0,TN
0,0,1.0,TN
0,0,1.0,TN
0,0,1.0,TN
0,0,0.9997625190921907,TN
0,0,0.9999933177413967,TN
0,0,1.0,TN
0,0,0.9999633726872851,TN
0,0,1.0,TN
0,0,1.0,TN
0,0,0.9849803196988896,TN
0,0,0.9999795766406521,TN
0,0,1.0,TN
0,0,1.0,TN
0,0,1.0,TN
0,0,1.0,TN
0,0,0.9999625468164794,TN
0,0,1.0,TN
0,0,0.9999980163674184,TN
0,0,0.9999963815968013,TN
0,0,1.0,TN
0,0,1.0,TN
0,0,0.9999997802922114,TN
0,0,0.999993620600695,TN
0,0,1.0,TN
0,0,1.0,TN
0,0,0.9705626506517362,TN
0,0,1.0,TN
0,0,1.0,TN
0,0,1.0,TN
0,0,0.9999826166230619,TN
0,0,1.0,TN
0,0,1.0,TN
0,0,1.0,TN
0,0,0.9999961024153613,TN
0,0,0.9999650390939755,TN
0,0,0.9999990441958738,TN
0,0,0.9999961024153613,TN
0,0,0.9999961024153613,TN
0,0,1.0,TN
0,0,0.9999227147669498,TN
0,0,0.9999801860498989,TN
0,0,0.9847919736739575,TN
0,0,1.0,TN
0,0,1.0,TN
0,0,0.9999773242630385,TN
0,0,1.0,TN
0,0,0.9999782325621362,TN
0,0,1.0,TN
0,0,0.9938367718235233,TN
0,0,0.9999982955488583,TN
0,0,1.0,TN
0,0,1.0,TN
0,0,0.9999858844623511,TN
0,0,0.9999981175047142,TN
0,0,1.0,TN
0,0,0.9998479494179882,TN
0,0,1.0,TN
0,0,0.9999355614219472,TN
0,0,0.9999800402806238,TN
0,0,1.0,TN
0,0,1.0,TN
0,0,1.0,TN
0,0,1.0,TN
0,0,1.0,TN
0,0,1.0,TN
0,0,0.9961469740008552,TN
0,0,1.0,TN
0,0,1.0,TN
0,0,1.0,TN
0,0,0.9999933698472026,TN
0,0,1.0,TN
0,0,1.0,TN
0,0,1.0,TN
0,0,0.9999986929901046,TN
0,0,0.9998414553933145,TN
0,0,1.0,TN
0,0,0.9999994579611129,TN
0,0,1.0,TN
0,0,0.9514964718100094,TN
0,0,1.0,TN
0,0,0.9999980664185237,TN
0,0,1.0,TN
0,0,1.0,TN
0,0,0.9999993233773138,TN
0,0,0.975256099212549,TN
0,0,1.0,TN
0,0,0.9982560406431484,TN
0,0,0.9999795094272129,TN
0,0,1.0,TN
0,0,0.9999865610850373,TN
0,0,0.9999933177413967,TN
0,0,0.9999986929901046,TN
0,0,0.99999972081856,TN
0,0,1.0,TN
0,0,1.0,TN
0,0,0.9999823969152735,TN
0,0,0.9999993233773138,TN
0,0,1.0,TN
0,0,0.9999895769290412,TN
0,0,0.9999545681378581,TN
0,0,0.9988641979376337,TN
0,0,0.9999633726872851,TN
0,0,0.9999986929901046,TN
0,0,1.0,TN
0,0,0.9851390137083789,TN
0,0,1.0,TN
0,0,0.9999995011107714,TN
0,0,0.9999951637753165,TN
0,0,0.9999986929901046,TN
0,0,0.9882957570307132,TN
0,0,0.9999963815968013,TN
0,0,1.0,TN
0,0,1.0,TN
0,0,1.0,TN
0,0,1.0,TN
0,0,0.9999704163404641,TN
0,0,1.0,TN
0,0,1.0,TN
0,0,0.9999874256949545,TN
0,0,1.0,TN
0,0,0.9998661032806385,TN
0,0,0.9999958827075727,TN
0,0,1.0,TN
0,0,1.0,TN
0,0,1.0,TN
0,0,0.9997650556473684,TN
0,0,1.0,TN
0,0,0.9999964428835973,TN
0,0,0.9969878361075544,TN
0,0,1.0,TN
0,0,0.9999997802922114,TN
0,0,1.0,TN
0,0,1.0,TN
0,0,1.0,TN
0,0,1.0,TN
0,0,0.999984373011919,TN
0,0,0.9999867242557221,TN
0,0,1.0,TN
0,0,0.999061998020844,TN
0,0,0.9999621011849443,TN
0,0,1.0,TN
0,0,1.0,TN
0,0,1.0,TN
0,0,1.0,TN
0,0,1.0,TN
0,0,0.9999890603051331,TN
0,0,1.0,TN
0,0,0.99999972081856,TN
0,0,1.0,TN
0,0,1.0,TN
0,0,1.0,TN
0,0,0.9999921649310256,TN
0,0,0.9999640347664206,TN
0,0,1.0,TN
0,0,1.0,TN
0,0,1.0,TN
0,0,1.0,TN
0,0,0.9997650556473684,TN
0,0,0.9989450968401304,TN
0,0,0.9999986929901046,TN
0,0,0.9999650311693739,TN
0,0,1.0,TN
0,0,1.0,TN
0,0,1.0,TN
0,0,1.0,TN
0,0,1.0,TN
0,0,0.99999972081856,TN
0,0,1.0,TN
0,0,1.0,TN
0,0,1.0,TN
0,0,0.9999997802922114,TN
0,0,1.0,TN
0,0,1.0,TN
0,0,1.0,TN
0,0,0.9999993233773138,TN
0,0,0.9999990441958738,TN
0,0,1.0,TN
0,0,0.9907934782608696,TN
0,0,0.9999711313872389,TN
0,0,1.0,TN
0,0,1.0,TN
0,0,0.99999972081856,TN
0,0,0.9999996776689015,TN
0,0,0.9999954257926751,TN
0,0,1.0,TN
0,0,1.0,TN
0,0,0.9999996776689015,TN
0,0,0.999947085607434,TN
0,0,0.9999865610850373,TN
0,0,0.9999990441958738,TN
0,0,1.0,TN
0,0,1.0,TN
0,0,0.9988050501378117,TN
0,0,0.9909357994229793,TN
0,0,1.0,TN
0,0,0.9999993233773138,TN
0,0,0.9996637898245835,TN
0,0,1.0,TN
0,0,1.0,TN
0,0,1.0,TN
0,0,0.9999989721715445,TN
0,0,0.9998467940734606,TN
0,0,0.9996339899441498,TN
0,0,1.0,TN
0,0,0.9988313139287288,TN
0,0,1.0,TN
0,0,0.9999980163674184,TN
0,0,1.0,TN
0,0,0.9800597577004042,TN
0,0,1.0,TN
0,0,1.0,TN
0,0,1.0,TN
0,0,0.9999059854317437,TN
0,0,1.0,TN
0,0,1.0,TN
0,0,1.0,TN
0,0,0.9999989798520785,TN
0,0,1.0,TN
0,0,1.0,TN
0,0,0.9996886062950643,TN
0,0,0.9979381094441524,TN
0,0,1.0,TN
0,0,0.9997627044035653,TN
0,0,1.0,TN
0,0,0.9999858844623511,TN
0,0,1.0,TN
0,0,0.999994197282656,TN
0,0,0.9977073097896694,TN
0,0,1.0,TN
0,0,1.0,TN
0,0,1.0,TN
0,0,0.9999954257926751,TN
0,0,0.9999963815968013,TN
0,0,0.9955888487117674,TN
0,0,1.0,TN
0,0,0.9999886826537445,TN
0,0,0.9999997802922114,TN
0,0,0.9816278368545746,TN
0,0,0.9999279787483465,TN
0,0,0.9999627213420317,TN
0,0,0.9992738167010458,TN
0,0,0.9896026510924678,TN
0,0,1.0,TN
0,0,1.0,TN
0,0,1.0,TN
0,0,0.9999997802922114,TN
0,0,0.9999640347664206,TN
0,0,1.0,TN
0,0,1.0,TN
0,0,1.0,TN
0,0,1.0,TN
0,0,1.0,TN
0,0,1.0,TN
0,0,0.9999980163674184,TN
0,0,1.0,TN
0,0,0.9999997802922114,TN
0,0,1.0,TN
0,0,0.9999997802922114,TN
0,0,1.0,TN
0,0,0.999947085607434,TN
0,0,0.9989882181994156,TN
0,0,1.0,TN
0,0,0.9999943979642196,TN
0,0,0.99999972081856,TN
0,0,1.0,TN
0,0,1.0,TN
0,0,0.9999961024153613,TN
0,0,1.0,TN
0,0,1.0,TN
0,0,1.0,TN
0,0,1.0,TN
0,0,0.9991237525240052,TN
0,0,1.0,TN
0,0,0.9999458240231709,TN
0,0,1.0,TN
0,0,1.0,TN
0,0,1.0,TN
0,0,0.99999972081856,TN
0,0,0.99999972081856,TN
0,0,1.0,TN
0,0,1.0,TN
0,0,0.99999972081856,TN
0,0,1.0,TN
0,0,0.9999996776689015,TN
0,0,0.9999994579611129,TN
0,0,0.99908710885997,TN
0,0,0.9999963815968013,TN
0,0,1.0,TN
0,0,0.9997627044035653,TN
0,0,0.9987573964497041,TN
0,0,1.0,TN
0,0,0.9999997802922114,TN
0,0,1.0,TN
0,0,1.0,TN
0,0,1.0,TN
0,0,0.9999986929901046,TN
0,0,0.9999997802922114,TN
0,0,1.0,TN
0,0,1.0,TN
0,0,1.0,TN
0,0,0.999994651090012,TN
0,0,1.0,TN
0,0,0.9998711958580628,TN
0,0,1.0,TN
0,0,0.9999980163674184,TN
0,0,0.9999980163674184,TN
0,0,0.9999994579611129,TN
0,0,1.0,TN
0,0,0.9999886826537445,TN
0,0,1.0,TN
0,0,1.0,TN
0,0,0.9989625579219827,TN
0,0,0.9999989721715445,TN
0,0,0.99999972081856,TN
0,0,0.9999148277197059,TN
0,0,1.0,TN
0,0,0.9860132873959444,TN
0,0,0.9973537576053433,TN
0,0,1.0,TN
0,0,0.9999990441958738,TN
0,0,1.0,TN
0,0,1.0,TN
0,0,1.0,TN
0,0,1.0,TN
0,0,1.0,TN
0,0,0.9999654681935987,TN
0,0,0.9981864306308025,TN
0,0,1.0,TN
0,0,0.9899740364590673,TN
0,0,1.0,TN
0,0,0.9999997802922114,TN
0,0,1.0,TN
0,0,1.0,TN
0,0,0.9918873763189751,TN
0,0,0.9999919902829444,TN
0,0,1.0,TN
0,0,0.9990291956141526,TN
0,0,0.9999921649310256,TN
0,0,1.0,TN
0,0,1.0,TN
0,0,1.0,TN
0,0,0.9998470137812493,TN
0,0,1.0,TN
0,0,1.0,TN
0,0,1.0,TN
0,0,1.0,TN
0,0,0.9999704163404641,TN
0,0,1.0,TN
0,0,0.9999982955488583,TN
0,0,0.99,TN
0,0,1.0,TN
0,0,0.9999986929901046,TN
0,0,1.0,TN
0,0,0.9999989721715445,TN
0,0,1.0,TN
0,0,1.0,TN
0,0,1.0,TN
0,0,0.9999829426818385,TN
0,0,1.0,TN
0,0,0.9,TN
0,0,1.0,TN
0,0,1.0,TN
0,0,1.0,TN
0,0,1.0,TN
0,0,0.9991904406751217,TN
0,0,1.0,TN
0,0,0.9999993233773138,TN
0,0,1.0,TN
0,0,1.0,TN
0,0,1.0,TN
0,0,1.0,TN
0,0,0.9999997802922114,TN
0,0,1.0,TN
0,0,0.9999980163674184,TN
0,0,1.0,TN
0,0,1.0,TN
0,0,0.9999960592657028,TN
0,0,0.999317199162485,TN
0,0,1.0,TN
0,0,0.9999938997821352,TN
0,0,1.0,TN
0,0,0.9999421129221194,TN
0,0,1.0,TN
0,0,1.0,TN
0,0,0.9999994579611129,TN
0,0,1.0,TN
0,0,1.0,TN
0,0,1.0,TN
0,0,1.0,TN
0,0,1.0,TN
0,0,1.0,TN
0,0,0.99,TN
0,0,1.0,TN
0,0,0.9999961024153613,TN
0,0,1.0,TN
0,0,0.9999986929901046,TN
0,0,0.9999321322296163,TN
0,0,0.9985434865928968,TN
0,0,0.9999982955488583,TN
0,0,1.0,TN
0,0,1.0,TN
0,0,0.9999933177413967,TN
0,0,0.95,TN
0,0,0.9999990441958738,TN
0,0,1.0,TN
0,0,0.9999986929901046,TN
0,0,0.9999781539267354,TN
0,0,0.9999964428835973,TN
0,0,0.9999982955488583,TN
0,0,0.9999788305494216,TN
0,0,1.0,TN
0,0,1.0,TN
0,0,0.9999980163674184,TN
0,0,1.0,TN
0,0,0.9999989721715445,TN
0,0,0.9999963815968013,TN
0,0,0.9999905825373335,TN
0,0,1.0,TN
0,0,1.0,TN
0,0,0.9979404982938014,TN
0,0,1.0,TN
0,0,1.0,TN
0,0,0.9999946771456597,TN
0,0,1.0,TN
0,0,0.9999997802922114,TN
0,0,1.0,TN
0,0,0.9997991284216261,TN
0,0,1.0,TN
0,0,0.9820054950328637,TN
0,0,1.0,TN
0,0,0.9999993984874616,TN
0,0,1.0,TN
0,0,0.9999788619228545,TN
0,0,0.9994199683371707,TN
0,0,1.0,TN
0,0,0.9999997802922114,TN
0,0,1.0,TN
0,0,0.9677920096370134,TN
0,0,0.9999963815968013,TN
0,0,1.0,TN
0,0,0.9999826166230619,TN
0,0,1.0,TN
0,0,0.9999918460388529,TN
0,0,0.9992360940782805,TN
0,0,1.0,TN
0,0,1.0,TN
0,0,0.9998968048019711,TN
0,0,1.0,TN
0,0,1.0,TN
0,0,1.0,TN
0,0,1.0,TN
0,0,0.9999993233773138,TN
0,0,1.0,TN
0,0,0.9999793031946912,TN
0,0,0.9999991787796729,TN
0,0,1.0,TN
0,0,1.0,TN
0,0,1.0,TN
0,0,1.0,TN
0,0,1.0,TN
0,0,0.9998760635188084,TN
0,0,1.0,TN
0,0,1.0,TN
0,0,1.0,TN
0,0,1.0,TN
0,0,0.9999793031946912,TN
0,0,1.0,TN
0,0,0.9998414553933145,TN
0,0,1.0,TN
0,0,1.0,TN
0,0,1.0,TN
0,0,0.9999954257926751,TN
0,0,1.0,TN
0,0,0.9999980664185237,TN
0,0,1.0,TN
0,0,1.0,TN
0,0,1.0,TN
0,0,1.0,TN
0,0,0.9999321322296163,TN
0,0,1.0,TN
0,0,0.9999279787483465,TN
0,0,1.0,TN
0,0,0.9999993233773138,TN
0,0,0.9599365228669379,TN
0,0,1.0,TN
0,0,0.998723095795727,TN
0,0,1.0,TN
0,0,0.9999899059146473,TN
0,0,0.9999865610850373,TN
0,0,0.9999919902829444,TN
0,0,1.0,TN
0,0,1.0,TN
0,0,0.9990092473476027,TN
0,0,0.9999990441958738,TN
0,0,1.0,TN
0,0,1.0,TN
0,0,1.0,TN
0,0,0.9872579122793376,TN
0,0,0.9999980163674184,TN
0,0,1.0,TN
0,0,1.0,TN
0,0,1.0,TN
0,0,0.9999723443945663,TN
0,0,1.0,TN
0,0,1.0,TN
0,0,0.9999919902829444,TN
0,0,0.9999788305494216,TN
0,0,1.0,TN
0,0,1.0,TN
0,0,1.0,TN
0,0,0.9999865610850373,TN
0,0,1.0,TN
0,0,0.9999963815968013,TN
0,0,1.0,TN
0,0,0.9944146455921619,TN
0,0,1.0,TN
0,0,0.9999963815968013,TN
0,0,1.0,TN
0,0,0.9999805276871586,TN
0,0,0.9999890603051331,TN
0,0,1.0,TN
0,0,0.9999826166230619,TN
0,0,1.0,TN
0,0,1.0,TN
0,0,1.0,TN
0,0,1.0,TN
0,0,1.0,TN
0,0,1.0,TN
0,0,0.9999993984874616,TN
0,0,0.99999972081856,TN
0,0,0.9999997802922114,TN
0,0,1.0,TN
0,0,0.9999704163404641,TN
0,0,0.9999982955488583,TN
0,0,0.9998711958580628,TN
0,0,0.9999958847736626,TN
0,0,1.0,TN
0,0,1.0,TN
0,0,1.0,TN
0,0,0.9999997802922114,TN
0,0,0.9999886826537445,TN
0,0,1.0,TN
0,0,1.0,TN
0,0,0.999993620600695,TN
0,0,1.0,TN
0,0,1.0,TN
0,0,1.0,TN
0,0,1.0,TN
0,0,0.9999781539267354,TN
0,0,1.0,TN
0,0,0.9999997802922114,TN
0,0,1.0,TN
0,0,0.9999788619228545,TN
0,0,1.0,TN
0,0,0.9999921649310256,TN
0,0,1.0,TN
0,0,1.0,TN
0,0,0.9999858844623511,TN
0,0,0.9999640347664206,TN
0,0,1.0,TN
0,0,1.0,TN
0,0,0.9996661020085833,TN
0,0,1.0,TN
0,0,1.0,TN
0,0,1.0,TN
0,0,1.0,TN
0,0,0.9997991284216261,TN
0,0,0.9999961024153613,TN
0,0,0.9999963815968013,TN
0,0,1.0,TN
0,0,1.0,TN
0,0,1.0,TN
0,0,1.0,TN
0,0,0.9999993233773138,TN
0,0,0.9999823967319001,TN
0,0,1.0,TN
0,0,1.0,TN
0,0,0.9999030906423323,TN
0,0,0.99999972081856,TN
0,0,0.9999982955488583,TN
0,0,1.0,TN
0,0,0.9999997802922114,TN
0,0,0.999983147558899,TN
0,0,1.0,TN
0,0,1.0,TN
0,0,1.0,TN
0,0,1.0,TN
0,0,0.9997162467961321,TN
0,0,1.0,TN
0,0,1.0,TN
0,0,0.99999972081856,TN
0,0,1.0,TN
0,0,0.999984373011919,TN
0,0,1.0,TN
0,0,1.0,TN
0,0,1.0,TN
0,0,1.0,TN
0,0,1.0,TN
0,0,1.0,TN
0,0,1.0,TN
0,0,0.9999865610850373,TN
0,0,1.0,TN
0,0,1.0,TN
0,0,1.0,TN
0,0,0.9999677504795064,TN
0,0,0.9923153785056364,TN
0,0,1.0,TN
0,0,0.9999621011849443,TN
0,0,0.9916515452908442,TN
0,0,1.0,TN
0,0,1.0,TN
0,0,0.9990083754257814,TN
0,0,0.9999788619228545,TN
0,0,1.0,TN
0,0,0.9999989721715445,TN
0,0,0.999298419474351,TN
0,0,1.0,TN
0,0,0.9999865610850373,TN
0,0,1.0,TN
0,0,0.9437200219989879,TN
0,0,1.0,TN
0,0,0.988611953609507,TN
0,0,1.0,TN
0,0,1.0,TN
0,0,1.0,TN
0,0,1.0,TN
0,0,0.9999737671084832,TN
0,0,0.9999980163674184,TN
0,0,0.9974008852107769,TN
0,0,1.0,TN
0,0,1.0,TN
0,0,1.0,TN
0,0,0.99999972081856,TN
0,0,0.99999972081856,TN
0,0,1.0,TN
0,0,0.9999961024153613,TN
0,0,0.99999972081856,TN
0,0,1.0,TN
0,0,1.0,TN
0,0,1.0,TN
0,0,0.9989909143439291,TN
0,0,0.9998774022599412,TN
0,0,1.0,TN
0,0,1.0,TN
0,0,1.0,TN
0,0,0.9999886826537445,TN
0,0,0.9793617711054504,TN
0,0,0.9994433220192878,TN
0,0,0.9999781539267354,TN
0,0,0.9999858844623511,TN
0,0,0.9997087116985284,TN
0,0,1.0,TN
0,0,1.0,TN
0,0,1.0,TN
0,0,1.0,TN
0,0,0.9999943979642196,TN
0,0,1.0,TN
0,0,0.9999982955488583,TN
0,0,0.999957347937204,TN
0,0,0.9999935206599698,TN
0,0,1.0,TN
0,0,1.0,TN
0,0,0.9999996776689015,TN
0,0,0.99999972081856,TN
0,0,0.9999781539267354,TN
0,0,0.9999938997821352,TN
0,0,1.0,TN
0,0,0.9999989721715445,TN
0,0,0.9999919902829444,TN
0,0,0.9987709202426052,TN
0,0,1.0,TN
0,0,1.0,TN
0,0,0.9899082307174989,TN
0,0,0.999866758300627,TN
0,0,1.0,TN
0,0,1.0,TN
0,0,0.9999886826537445,TN
0,0,0.9999961024153613,TN
0,0,0.9999982955488583,TN
0,0,1.0,TN
0,0,1.0,TN
0,0,1.0,TN
0,0,0.9999786422150659,TN
0,0,1.0,TN
0,0,0.9999963815968013,TN
0,0,0.9999890603051331,TN
0,0,1.0,TN
0,0,0.99999972081856,TN
0,0,1.0,TN
0,0,0.9999765338521367,TN
0,0,0.9999936800743464,TN
0,0,0.9994835616892067,TN
0,0,1.0,TN
0,0,1.0,TN
0,0,1.0,TN
0,0,0.9997650556473684,TN
0,0,0.9999865610850373,TN
0,0,1.0,TN
0,0,0.9999961308641323,TN
0,0,0.9999996776689015,TN
0,0,0.9999858844623511,TN
0,0,1.0,TN
0,0,1.0,TN
0,0,0.9999986929901046,TN
0,0,1.0,TN
0,0,0.9999980163674184,TN
0,0,1.0,TN
0,0,1.0,TN
0,0,1.0,TN
0,0,0.9999793031946912,TN
0,0,0.9999980163674184,TN
0,0,0.999298419474351,TN
0,0,1.0,TN
0,0,1.0,TN
0,0,1.0,TN
0,0,0.9999997802922114,TN
0,0,0.9999826166230619,TN
0,0,1.0,TN
0,0,0.9999890603051331,TN
0,0,0.9999640347664206,TN
0,0,1.0,TN
0,0,1.0,TN
0,0,0.998723095795727,TN
0,0,0.9999625468164794,TN
0,0,0.9812384022453862,TN
0,0,1.0,TN
0,0,0.99999972081856,TN
0,0,0.9999886826537445,TN
0,0,0.9999919902829444,TN
0,0,1.0,TN
0,0,0.9997971170041302,TN
0,0,1.0,TN
0,0,1.0,TN
0,0,0.994854089320759,TN
0,0,1.0,TN
0,0,1.0,TN
0,0,1.0,TN
0,0,1.0,TN
0,0,0.9999858844623511,TN
0,0,1.0,TN
0,0,1.0,TN
0,0,1.0,TN
0,0,1.0,TN
0,0,1.0,TN
0,0,1.0,TN
0,0,1.0,TN
0,0,0.9999993233773138,TN
0,0,0.9999958847736626,TN
0,0,1.0,TN
0,0,0.9999827298965723,TN
0,0,1.0,TN
0,0,1.0,TN
0,0,0.9999890603051331,TN
0,0,0.9999321322296163,TN
0,0,0.999994197282656,TN
0,0,1.0,TN
0,0,0.99999972081856,TN
0,0,1.0,TN
0,0,1.0,TN
0,0,1.0,TN
0,0,1.0,TN
0,0,1.0,TN
0,0,0.9999858844623511,TN
0,0,0.9999957800842628,TN
0,0,1.0,TN
0,0,1.0,TN
0,0,0.9999865610850373,TN
0,0,0.9999760890935744,TN
0,0,1.0,TN
0,0,1.0,TN
0,0,1.0,TN
0,0,1.0,TN
0,0,1.0,TN
0,0,1.0,TN
0,0,1.0,TN
0,0,0.999967399449804,TN
0,0,1.0,TN
0,0,0.9999993233773138,TN
0,0,1.0,TN
0,0,1.0,TN
0,0,1.0,TN
0,0,1.0,TN
0,0,0.9986366029171855,TN
0,0,0.9999961618890127,TN
0,0,1.0,TN
0,0,1.0,TN
0,0,1.0,TN
0,0,0.998555720965494,TN
0,0,1.0,TN
0,0,0.9998279862671289,TN
0,0,0.9999963815968013,TN
0,0,0.9999997802922114,TN
0,0,1.0,TN
0,0,0.9999918460388529,TN
0,0,0.999849087839212,TN
0,0,1.0,TN
0,0,0.9999795328912948,TN
0,0,1.0,TN
0,0,1.0,TN
0,0,1.0,TN
0,0,1.0,TN
0,0,1.0,TN
0,0,1.0,TN
0,0,1.0,TN
0,0,0.9999957049741152,TN
0,0,1.0,TN
0,0,1.0,TN
0,0,0.9999865610850373,TN
0,0,1.0,TN
0,0,1.0,TN
0,0,1.0,TN
0,0,1.0,TN
0,0,1.0,TN
0,0,0.999994651090012,TN
0,0,0.9978270024420044,TN
0,0,1.0,TN
0,0,1.0,TN
0,0,1.0,TN
0,0,1.0,TN
0,0,0.9990837526474904,TN
0,0,0.9999362510619566,TN
0,0,1.0,TN
0,0,1.0,TN
0,0,1.0,TN
0,0,0.9999899059146473,TN
0,0,1.0,TN
0,0,0.9999723443945663,TN
0,0,0.9999938997821352,TN
0,0,0.9999993233773138,TN
0,0,0.9994394871530048,TN
0,0,0.9999826166230619,TN
0,0,1.0,TN
0,0,0.9982560406431484,TN
0,0,0.9999640347664206,TN
0,0,0.9999901588523571,TN
0,0,0.999892763092634,TN
0,0,0.9999865610850373,TN
0,0,1.0,TN
0,0,1.0,TN
0,0,0.9863532881716555,TN
0,0,1.0,TN
0,0,0.9997900353016211,TN
0,0,0.9989909143439291,TN
0,0,0.9999996776689015,TN
0,0,1.0,TN
0,0,1.0,TN
0,0,0.9999986929901046,TN
0,0,1.0,TN
0,0,0.9999919902829444,TN
0,0,0.9999886826537445,TN
0,0,1.0,TN
0,0,1.0,TN
0,0,1.0,TN
0,0,0.9999943979642196,TN
0,0,0.9999993233773138,TN
0,0,0.99999972081856,TN
0,0,1.0,TN
0,0,1.0,TN
0,0,0.9999980163674184,TN
0,0,0.9999865610850373,TN
0,0,0.9999640347664206,TN
0,0,0.9999995011107714,TN
0,0,1.0,TN
0,0,1.0,TN
0,0,1.0,TN
0,0,1.0,TN
0,0,1.0,TN
0,0,0.9999862387539388,TN
0,0,1.0,TN
0,0,0.9957368409486539,TN
0,0,1.0,TN
0,0,0.9834220467118518,TN
0,0,0.9999993233773138,TN
0,0,1.0,TN
0,0,1.0,TN
0,0,1.0,TN
0,0,1.0,TN
0,0,0.9999993233773138,TN
0,0,0.9999791411042945,TN
0,0,1.0,TN
0,0,1.0,TN
0,0,1.0,TN
0,0,0.9999963815968013,TN
0,0,1.0,TN
0,0,1.0,TN
0,0,0.9999933177413967,TN
0,0,1.0,TN
0,0,1.0,TN
0,0,0.9999793031946912,TN
0,0,0.9999996776689015,TN
0,0,0.9999997802922114,TN
0,0,1.0,TN
0,0,0.9999963815968013,TN
0,0,0.9999957800842628,TN
0,0,0.9998989288819149,TN
0,0,1.0,TN
0,0,0.9999945730236743,TN
0,0,1.0,TN
0,0,1.0,TN
0,0,1.0,TN
0,0,1.0,TN
0,0,1.0,TN
0,0,1.0,TN
0,0,1.0,TN
0,0,0.99999972081856,TN
0,0,1.0,TN
0,0,1.0,TN
0,0,0.9999980664185237,TN
0,0,0.9999633726872851,TN
0,0,1.0,TN
0,0,0.9999943533158857,TN
0,0,1.0,TN
0,0,1.0,TN
0,0,0.9999788619228545,TN
0,0,1.0,TN
0,0,1.0,TN
0,0,1.0,TN
0,0,0.9999319219066982,TN
0,0,1.0,TN
0,0,0.9999916679518459,TN
0,0,1.0,TN
0,0,0.9999899059146473,TN
0,0,0.9999963815968013,TN
0,0,1.0,TN
0,0,1.0,TN
0,0,0.999949879775857,TN
0,0,1.0,TN
0,0,1.0,TN
0,0,1.0,TN
0,0,1.0,TN
0,0,0.9999928719536797,TN
0,0,1.0,TN
0,0,1.0,TN
0,0,0.9999946756469842,TN
0,0,1.0,TN
0,0,1.0,TN
0,0,1.0,TN
0,0,1.0,TN
0,0,1.0,TN
0,0,0.9989882181994156,TN
0,0,1.0,TN
0,0,1.0,TN
0,0,0.99999972081856,TN
0,0,1.0,TN
0,0,1.0,TN
0,0,1.0,TN
0,0,0.9999963815968013,TN
0,0,0.9999801860498989,TN
0,0,1.0,TN
0,0,0.9999886826537445,TN
0,0,0.9891109981884832,TN
0,0,0.9951662629583441,TN
0,0,1.0,TN
0,0,1.0,TN
0,0,1.0,TN
0,0,0.9999733226928257,TN
0,0,0.9999980163674184,TN
0,0,1.0,TN
0,0,1.0,TN
0,0,1.0,TN
0,0,0.9818578826631637,TN
0,0,1.0,TN
0,0,1.0,TN
0,0,0.9927298583019067,TN
0,0,1.0,TN
0,0,1.0,TN
0,0,1.0,TN
0,0,1.0,TN
0,0,1.0,TN
0,0,0.9999993233773138,TN
0,0,1.0,TN
0,0,0.9999826166230619,TN
0,0,1.0,TN
0,0,1.0,TN
0,0,0.9999958847736626,TN
0,0,1.0,TN
0,0,1.0,TN
0,0,1.0,TN
0,0,1.0,TN
0,0,1.0,TN
0,0,0.9999958847736626,TN
0,0,1.0,TN
0,0,0.9999963815968013,TN
0,0,1.0,TN
0,0,0.9999767535599253,TN
0,0,0.9999997802922114,TN
0,0,0.9998157477480143,TN
0,0,1.0,TN
0,0,1.0,TN
0,0,1.0,TN
0,0,1.0,TN
0,0,0.9985434865928968,TN
0,0,0.9997991284216261,TN
0,0,1.0,TN
0,0,1.0,TN
0,0,1.0,TN
0,0,0.9694576628467668,TN
0,0,0.9999982955488583,TN
0,0,0.9999997802922114,TN
0,0,0.9999982955488583,TN
0,0,0.9999961024153613,TN
0,0,0.9999938997821352,TN
0,0,1.0,TN
0,0,1.0,TN
0,0,0.9999919902829444,TN
0,0,1.0,TN
0,0,1.0,TN
0,0,1.0,TN
0,0,0.9853478827808125,TN
0,0,1.0,TN
0,0,0.9981047192091972,TN
0,0,1.0,TN
0,0,0.9999918962722854,TN
0,0,1.0,TN
0,0,0.9998709761502742,TN
0,0,0.9999660688317984,TN
0,0,0.99999972081856,TN
0,0,0.99999972081856,TN
0,0,0.9988459703936371,TN
0,0,1.0,TN
0,0,0.9989909143439291,TN
0,0,1.0,TN
0,0,1.0,TN
0,0,1.0,TN
0,0,0.9999865610850373,TN
0,0,1.0,TN
0,0,0.9999963815968013,TN
0,0,1.0,TN
0,0,1.0,TN
0,0,1.0,TN
0,0,0.9986709052355356,TN
0,0,1.0,TN
0,0,0.99999972081856,TN
0,0,0.9853651820380479,TN
0,0,0.9999786422150659,TN
0,0,0.9994953748772913,TN
0,0,0.9999640347664206,TN
0,0,1.0,TN
0,0,1.0,TN
0,0,1.0,TN
0,0,1.0,TN
0,0,1.0,TN
0,0,1.0,TN
0,0,0.99999972081856,TN
0,0,1.0,TN
0,0,1.0,TN
0,0,1.0,TN
0,0,0.9999748860874463,TN
0,0,0.9991100546745281,TN
0,0,1.0,TN
0,0,1.0,TN
0,0,1.0,TN
0,0,1.0,TN
0,0,0.9997627044035653,TN
0,0,0.9999867242557221,TN
0,0,1.0,TN
0,0,1.0,TN
0,0,0.9999823969152735,TN
0,0,1.0,TN
0,0,0.9997680471388193,TN
0,0,1.0,TN
0,0,1.0,TN
0,0,1.0,TN
0,0,1.0,TN
0,0,1.0,TN
0,0,0.99999972081856,TN
0,0,1.0,TN
0,0,1.0,TN
0,0,1.0,TN
0,0,1.0,TN
0,0,1.0,TN
0,0,0.9978877476205601,TN
0,0,1.0,TN
0,0,0.9999820463513638,TN
0,0,0.9979386530835438,TN
0,0,1.0,TN
0,0,0.9999686574971741,TN
0,0,1.0,TN
0,0,1.0,TN
0,0,0.9999905825373335,TN
0,0,1.0,TN
0,0,1.0,TN
0,0,1.0,TN
0,0,1.0,TN
0,0,0.9999886826537445,TN
0,0,1.0,TN
0,0,1.0,TN
0,0,0.9999781539267354,TN
0,0,0.9999754955920879,TN
0,0,0.99999972081856,TN
0,0,1.0,TN
0,0,0.9978929567634505,TN
0,0,1.0,TN
0,0,0.9986150777945239,TN
0,0,0.9999805276871586,TN
0,0,0.9999986929901046,TN
0,0,1.0,TN
0,0,1.0,TN
0,0,1.0,TN
0,0,0.9999993233773138,TN
0,0,0.9999865610850373,TN
0,0,1.0,TN
0,0,1.0,TN
0,0,1.0,TN
0,0,0.9999963815968013,TN
0,0,1.0,TN
0,0,1.0,TN
0,0,0.9999933177413967,TN
0,0,1.0,TN
0,0,1.0,TN
0,0,0.9999793031946912,TN
0,0,1.0,TN
0,0,1.0,TN
0,0,1.0,TN
0,0,1.0,TN
0,0,1.0,TN
0,0,1.0,TN
0,0,1.0,TN
0,0,0.9999997802922114,TN
0,0,0.9999684377893854,TN
0,0,0.9999997802922114,TN
0,0,0.9707352359155688,TN
0,0,0.9989625579219827,TN
0,0,1.0,TN
0,0,0.9999899059146473,TN
0,0,1.0,TN
0,0,0.9999961024153613,TN
0,0,1.0,TN
0,0,0.9999990441958738,TN
0,0,1.0,TN
0,0,1.0,TN
0,0,0.99999972081856,TN
0,0,1.0,TN
0,0,1.0,TN
0,0,1.0,TN
0,0,1.0,TN
0,0,1.0,TN
0,0,1.0,TN
0,0,1.0,TN
0,0,1.0,TN
0,0,1.0,TN
0,0,1.0,TN
0,0,1.0,TN
0,0,1.0,TN
0,0,0.9999961308641323,TN
0,0,0.9985182988107301,TN
0,0,0.9999938997821352,TN
0,0,0.9877777777777778,TN
0,0,1.0,TN
0,0,1.0,TN
0,0,0.9990623177799536,TN
0,0,0.9993756867822696,TN
0,0,0.99999972081856,TN
0,0,1.0,TN
0,0,0.9999993984874616,TN
0,0,0.9999995011107714,TN
0,0,1.0,TN
0,0,0.9999990441958738,TN
0,0,0.9999886826537445,TN
0,0,1.0,TN
0,0,0.9999997802922114,TN
0,0,0.9999935774510367,TN
0,0,1.0,TN
0,0,1.0,TN
0,0,1.0,TN
0,0,1.0,TN
0,0,1.0,TN
0,0,0.9995096868789269,TN
0,0,1.0,TN
0,0,1.0,TN
0,0,0.9630118591497902,TN
0,0,1.0,TN
0,0,0.9999557583988863,TN
0,0,1.0,TN
0,0,1.0,TN
0,0,1.0,TN
0,0,0.9999886826537445,TN
0,0,1.0,TN
0,0,0.9990056719485783,TN
0,0,0.9818784722488141,TN
0,0,1.0,TN
0,0,0.9998706538191757,TN
0,0,0.9999980163674184,TN
0,0,0.9999996776689015,TN
0,0,1.0,TN
0,0,0.9999980163674184,TN
0,0,1.0,TN
0,0,1.0,TN
0,0,0.9999788619228545,TN
0,0,1.0,TN
0,0,1.0,TN
0,0,1.0,TN
0,0,1.0,TN
0,0,0.9999993233773138,TN
0,0,0.9999943533158857,TN
0,0,0.9999929131117858,TN
0,0,1.0,TN
0,0,0.9985149987061448,TN
0,0,0.9999963815968013,TN
0,0,0.9997991284216261,TN
0,0,1.0,TN
0,0,1.0,TN
0,0,0.99999972081856,TN
0,0,1.0,TN
0,0,0.99999972081856,TN
0,0,0.9990083754257814,TN
0,0,0.9968645377851714,TN
0,0,1.0,TN
0,0,1.0,TN
0,0,0.9999557583988863,TN
0,0,0.9999874256949545,TN
0,0,0.9999963815968013,TN
0,0,0.9994953748772913,TN
0,0,0.9999990441958738,TN
0,0,0.9997162801685043,TN
0,0,1.0,TN
0,0,1.0,TN
0,0,1.0,TN
0,0,1.0,TN
0,0,0.99999972081856,TN
0,0,1.0,TN
0,0,0.9999781539267354,TN
0,0,1.0,TN
0,0,1.0,TN
0,0,1.0,TN
0,0,0.9999994579611129,TN
0,0,1.0,TN
0,0,0.9999993233773138,TN
0,0,1.0,TN
0,0,1.0,TN
0,0,0.9999622005050475,TN
0,0,1.0,TN
0,0,0.9999814612356147,TN
0,0,1.0,TN
0,0,1.0,TN
0,0,1.0,TN
0,0,1.0,TN
0,0,0.9999980664185237,TN
0,0,1.0,TN
0,0,0.9999886826537445,TN
0,0,1.0,TN
0,0,1.0,TN
0,0,1.0,TN
0,0,1.0,TN
0,0,0.9999406309211436,TN
0,0,1.0,TN
0,0,0.9978779272274856,TN
0,0,1.0,TN
0,0,1.0,TN
0,0,1.0,TN
0,0,1.0,TN
0,0,0.9999865610850373,TN
0,0,1.0,TN
0,0,0.9999963257111288,TN
0,0,1.0,TN
0,0,0.9999980163674184,TN
0,0,1.0,TN
0,0,0.9999943921296526,TN
0,0,1.0,TN
0,0,0.9999640347664206,TN
0,0,0.9991056584901594,TN
0,0,1.0,TN
0,0,0.99999972081856,TN
0,0,0.9999788305494216,TN
0,0,1.0,TN
0,0,1.0,TN
0,0,1.0,TN
0,0,0.9999963815968013,TN
0,0,1.0,TN
0,0,1.0,TN
0,0,1.0,TN
0,0,0.9999375647762295,TN
0,0,1.0,TN
0,0,0.9999788305494216,TN
0,0,1.0,TN
0,0,0.9998168308678931,TN
0,0,0.9999994579611129,TN
0,0,0.9999986929901046,TN
0,0,0.9999993984874616,TN
0,0,1.0,TN
0,0,0.9966086790788039,TN
0,0,1.0,TN
0,0,1.0,TN
0,0,0.9999938997821352,TN
0,0,1.0,TN
0,0,1.0,TN
0,0,1.0,TN
0,0,0.999947085607434,TN
0,0,1.0,TN
0,0,0.999966360587778,TN
0,0,1.0,TN
0,0,1.0,TN
0,0,1.0,TN
0,0,1.0,TN
0,0,1.0,TN
0,0,1.0,TN
0,0,1.0,TN
0,0,1.0,TN
0,0,0.9999793031946912,TN
0,0,0.9999993233773138,TN
0,0,1.0,TN
0,0,1.0,TN
0,0,1.0,TN
0,0,0.9999982955488583,TN
0,0,1.0,TN
0,0,1.0,TN
0,0,1.0,TN
0,0,1.0,TN
0,0,1.0,TN
0,0,1.0,TN
0,1,0.9327828715385267,FP
0,0,1.0,TN
0,0,0.9999997802922114,TN
0,0,1.0,TN
0,0,0.9999921649310256,TN
0,0,1.0,TN
0,0,0.9999957800842628,TN
0,0,1.0,TN
0,0,0.99999972081856,TN
0,0,1.0,TN
0,0,0.9999920466626753,TN
0,0,1.0,TN
0,0,0.9998706969688342,TN
0,0,1.0,TN
0,0,1.0,TN
0,0,0.9999997802922114,TN
0,0,1.0,TN
0,0,0.99999972081856,TN
0,0,1.0,TN
0,0,1.0,TN
0,0,0.9999986929901046,TN
0,0,1.0,TN
0,0,0.998577263039612,TN
0,0,1.0,TN
0,0,1.0,TN
0,0,0.9995764865204884,TN
0,0,0.9999890603051331,TN
0,0,0.9999986929901046,TN
0,0,1.0,TN
0,0,0.9999788619228545,TN
0,0,1.0,TN
0,0,1.0,TN
0,0,1.0,TN
0,0,1.0,TN
0,0,1.0,TN
0,0,1.0,TN
0,0,0.9999938997821352,TN
0,0,1.0,TN
0,0,1.0,TN
0,0,1.0,TN
0,0,0.99999972081856,TN
0,0,1.0,TN
0,0,0.9999812972394139,TN
0,0,1.0,TN
0,0,0.9997991284216261,TN
0,0,0.9999921649310256,TN
0,0,1.0,TN
0,0,0.9999957800842628,TN
0,0,1.0,TN
0,0,0.9999677504795064,TN
0,0,0.9999982955488583,TN
0,0,1.0,TN
0,0,0.99,TN
0,0,1.0,TN
0,0,1.0,TN
0,0,1.0,TN
0,0,0.9994715441862901,TN
0,0,0.9564923035369867,TN
0,0,1.0,TN
0,0,1.0,TN
0,0,1.0,TN
0,0,1.0,TN
0,0,0.9667410718923445,TN
0,0,0.9999989721715445,TN
0,0,1.0,TN
0,0,0.9999916679518459,TN
0,0,1.0,TN
0,0,0.9999961618890127,TN
0,0,1.0,TN
0,0,1.0,TN
0,0,1.0,TN
0,0,0.9999660688317984,TN
0,0,0.9997609126099799,TN
0,0,1.0,TN
0,0,0.9999938176308386,TN
0,0,1.0,TN
0,0,1.0,TN
0,0,1.0,TN
0,0,0.9999890603051331,TN
0,0,1.0,TN
0,0,0.9996775303640111,TN
0,0,1.0,TN
0,0,0.9999919902829444,TN
0,0,0.9999544378150687,TN
0,0,1.0,TN
0,0,1.0,TN
0,0,0.7464093322257801,TN
0,0,1.0,TN
0,0,0.9999993233773138,TN
0,0,1.0,TN
0,0,0.99999972081856,TN
0,0,1.0,TN
0,0,1.0,TN
0,0,0.9999961024153613,TN
0,0,0.9999980163674184,TN
0,0,0.9999990441958738,TN
0,0,0.9999667979372654,TN
0,0,1.0,TN
0,0,1.0,TN
0,0,0.9999826166230619,TN
0,0,1.0,TN
0,0,1.0,TN
0,0,1.0,TN
0,0,0.9999773242630385,TN
0,0,0.9999965315149845,TN
0,0,1.0,TN
0,0,1.0,TN
0,0,1.0,TN
0,0,0.9999633726872851,TN
0,0,0.9999986929901046,TN
0,0,1.0,TN
0,0,0.9999990441958738,TN
0,0,0.9998659366305964,TN
0,0,1.0,TN
0,0,1.0,TN
0,0,1.0,TN
0,0,0.9999961618890127,TN
0,0,1.0,TN
0,0,0.9999185356944732,TN
0,0,1.0,TN
0,0,1.0,TN
0,0,1.0,TN
0,0,1.0,TN
0,0,0.9999961024153613,TN
0,0,0.9999704163404641,TN
0,0,0.9999963815968013,TN
0,0,1.0,TN
0,0,1.0,TN
0,0,1.0,TN
0,0,0.9996718480138169,TN
0,0,1.0,TN
0,0,1.0,TN
0,0,0.9999993233773138,TN
0,0,1.0,TN
0,0,0.9999921649310256,TN
0,0,1.0,TN
0,0,1.0,TN
0,0,0.9995508969291457,TN
0,0,0.9999996776689015,TN
0,0,0.9999995011107714,TN
0,0,1.0,TN
0,0,1.0,TN
0,0,1.0,TN
0,0,0.9999333554905192,TN
0,0,0.9999791411042945,TN
0,0,1.0,TN
0,0,1.0,TN
0,0,0.9999996776689015,TN
0,0,0.9836624938870219,TN
0,0,1.0,TN
0,0,0.9999726903981645,TN
0,0,0.9995165050908537,TN
0,0,0.9770830604231442,TN
0,0,0.9999921649310256,TN
0,0,1.0,TN
0,0,0.9999989721715445,TN
0,0,0.9999990441958738,TN
0,0,1.0,TN
0,0,1.0,TN
0,0,1.0,TN
0,0,1.0,TN
0,0,0.99999972081856,TN
0,0,1.0,TN
0,0,1.0,TN
0,0,1.0,TN
0,0,1.0,TN
0,0,0.9998711958580628,TN
0,0,1.0,TN
0,0,0.9999886826537445,TN
0,0,1.0,TN
0,0,1.0,TN
0,0,1.0,TN
0,0,1.0,TN
0,0,1.0,TN
0,0,1.0,TN
0,0,1.0,TN
0,0,0.9994669069824781,TN
0,0,1.0,TN
0,0,0.9999788305494216,TN
0,0,0.9989027365385457,TN
0,0,1.0,TN
0,0,0.9999963815968013,TN
0,0,1.0,TN
0,0,1.0,TN
0,0,1.0,TN
0,0,1.0,TN
0,0,1.0,TN
0,0,0.9999723443945663,TN
0,0,1.0,TN
0,0,1.0,TN
0,0,1.0,TN
0,0,0.9999993233773138,TN
0,0,1.0,TN
0,0,0.9999608024088001,TN
0,0,1.0,TN
0,0,0.9999963815968013,TN
0,0,0.9999986929901046,TN
0,0,0.99999972081856,TN
0,0,0.9999890603051331,TN
0,0,0.9999963815968013,TN
0,0,1.0,TN
0,0,1.0,TN
0,0,1.0,TN
0,0,0.9999640347664206,TN
0,0,1.0,TN
0,0,0.9999954257926751,TN
0,0,0.9999986929901046,TN
0,0,0.9999865610850373,TN
0,0,0.9999990441958738,TN
0,0,1.0,TN
0,0,1.0,TN
0,0,0.999994651090012,TN
0,0,1.0,TN
0,0,0.9999826166230619,TN
0,0,1.0,TN
0,0,1.0,TN
0,0,1.0,TN
0,0,1.0,TN
0,0,0.9999963815968013,TN
0,0,0.9999827298965723,TN
0,0,1.0,TN
0,0,0.9998703746377358,TN
0,0,1.0,TN
0,0,1.0,TN
0,0,1.0,TN
0,0,0.99999972081856,TN
0,0,1.0,TN
0,0,0.9999993233773138,TN
0,0,1.0,TN
0,0,1.0,TN
0,0,1.0,TN
0,0,0.9999989721715445,TN
0,0,0.9999886826537445,TN
0,0,0.9999682644147618,TN
0,0,0.99999972081856,TN
0,0,0.9984942854252585,TN
0,0,1.0,TN
0,0,1.0,TN
0,0,1.0,TN
0,0,1.0,TN
0,0,1.0,TN
0,0,1.0,TN
0,0,1.0,TN
0,0,0.9999933177413967,TN
0,0,0.9982560406431484,TN
0,0,1.0,TN
0,0,1.0,TN
0,0,1.0,TN
0,0,0.9985663239262014,TN
0,0,0.9999996776689015,TN
0,0,1.0,TN
0,0,1.0,TN
0,0,1.0,TN
0,0,1.0,TN
0,0,1.0,TN
0,0,1.0,TN
0,0,0.9999880495486473,TN
0,0,0.9999938997821352,TN
0,0,1.0,TN
0,0,1.0,TN
0,0,0.9984929492323893,TN
0,0,0.9999883718797458,TN
0,0,1.0,TN
0,0,0.9999686574971741,TN
0,0,0.9999986929901046,TN
0,0,1.0,TN
0,0,1.0,TN
0,0,0.998723095795727,TN
0,0,1.0,TN
0,0,1.0,TN
0,0,0.9982341952821026,TN
0,0,1.0,TN
0,0,1.0,TN
0,0,1.0,TN
0,0,1.0,TN
0,0,1.0,TN
0,0,1.0,TN
0,0,1.0,TN
0,0,0.9999993233773138,TN
0,0,0.9999982955488583,TN
0,0,1.0,TN
0,0,0.9999980163674184,TN
0,0,1.0,TN
0,0,0.999475656318707,TN
0,0,1.0,TN
0,0,1.0,TN
0,0,1.0,TN
0,0,0.9999227147669498,TN
0,0,1.0,TN
0,0,0.9999963815968013,TN
0,0,0.9999997802922114,TN
0,0,0.9999879165855147,TN
0,0,1.0,TN
0,0,0.9999933177413967,TN
0,0,1.0,TN
0,0,1.0,TN
0,0,1.0,TN
0,0,0.9999640347664206,TN
0,1,0.6325869036726963,FP
0,0,1.0,TN
0,0,1.0,TN
0,0,1.0,TN
0,0,0.9998680368621148,TN
0,0,1.0,TN
0,0,0.9999997802922114,TN
0,0,0.9999922694643842,TN
0,0,0.9999915349887134,TN
0,0,1.0,TN
0,0,1.0,TN
0,0,1.0,TN
0,0,0.9997900353016211,TN
0,0,1.0,TN
0,0,1.0,TN
0,0,0.9999793031946912,TN
0,0,0.9999795094272129,TN
0,0,1.0,TN
0,0,1.0,TN
0,0,0.9999074843422924,TN
0,0,0.9999709721610195,TN
0,0,1.0,TN
0,0,0.9999704163404641,TN
0,0,1.0,TN
0,0,1.0,TN
0,0,0.9899865610850372,TN
0,0,0.9999872399628285,TN
0,0,0.9999993233773138,TN
0,0,0.9999942292895614,TN
0,0,1.0,TN
0,0,1.0,TN
0,0,0.9999961024153613,TN
0,0,0.9971809096853878,TN
0,0,1.0,TN
0,0,1.0,TN
0,0,0.9999960592657028,TN
0,0,0.9999804608671724,TN
0,0,1.0,TN
0,0,1.0,TN
0,0,1.0,TN
0,0,1.0,TN
0,0,0.9999989721715445,TN
0,0,1.0,TN
0,0,1.0,TN
0,0,1.0,TN
0,0,0.9999938997821352,TN
0,0,0.9998251426440754,TN
0,0,1.0,TN
0,0,1.0,TN
0,0,1.0,TN
0,0,0.9999886826537445,TN
0,0,1.0,TN
0,0,0.9999961618890127,TN
0,0,0.9998418913799669,TN
0,0,1.0,TN
0,0,1.0,TN
0,0,0.9999961618890127,TN
0,0,0.9999986929901046,TN
0,0,0.9999993984874616,TN
0,0,0.9989450968401304,TN
0,0,0.9999704163404641,TN
0,0,1.0,TN
0,0,0.999979265191078,TN
0,0,0.9999963815968013,TN
0,0,1.0,TN
0,0,1.0,TN
0,0,1.0,TN
0,0,1.0,TN
0,0,0.9984344682567865,TN
0,0,0.9999990441958738,TN
0,0,0.9999921649310256,TN
0,0,0.9999865610850373,TN
0,0,1.0,TN
0,0,1.0,TN
0,0,1.0,TN
0,0,1.0,TN
0,0,1.0,TN
0,0,1.0,TN
0,0,1.0,TN
0,0,1.0,TN
0,0,1.0,TN
0,0,1.0,TN
0,0,0.9999943921296526,TN
0,0,1.0,TN
0,0,1.0,TN
0,0,0.9999938997821352,TN
0,0,0.9999627213420317,TN
0,0,1.0,TN
0,0,0.9999993233773138,TN
0,0,1.0,TN
0,0,1.0,TN
0,0,0.9999986929901046,TN
0,0,1.0,TN
0,0,0.9999993233773138,TN
0,0,0.9996033320969296,TN
0,0,1.0,TN
0,0,0.9993142321819087,TN
0,0,1.0,TN
0,0,0.9999823967319001,TN
0,0,0.9999996776689015,TN
0,0,1.0,TN
0,0,0.9999990441958738,TN
0,0,1.0,TN
0,0,1.0,TN
0,0,1.0,TN
0,0,1.0,TN
0,0,0.9989625579219827,TN
0,0,1.0,TN
0,0,0.9999922663704639,TN
0,0,0.9999649176351377,TN
0,0,0.9901463084912011,TN
0,0,0.9999788305494216,TN
0,0,1.0,TN
0,0,0.9999791411042945,TN
0,0,0.9999961024153613,TN
0,0,1.0,TN
0,0,1.0,TN
0,0,1.0,TN
0,0,0.99999972081856,TN
0,0,1.0,TN
0,0,0.9999185356944732,TN
0,0,0.9987633922497787,TN
0,0,1.0,TN
0,0,0.999987696877726,TN
0,0,1.0,TN
0,0,0.999985741444867,TN
0,0,0.9999963815968013,TN
0,0,0.999774159374579,TN
0,0,0.9999997802922114,TN
0,0,1.0,TN
0,0,1.0,TN
0,0,0.9999958847736626,TN
0,0,0.9999879165855147,TN
0,0,1.0,TN
0,0,0.999993620600695,TN
0,0,1.0,TN
0,0,1.0,TN
0,0,0.9999991787796729,TN
0,0,1.0,TN
0,0,0.9996078802835754,TN
0,0,1.0,TN
0,0,1.0,TN
0,0,0.9997440361753972,TN
0,0,0.9984230787351465,TN
0,0,1.0,TN
0,0,1.0,TN
0,0,0.9999995011107714,TN
0,0,1.0,TN
0,0,1.0,TN
0,0,1.0,TN
0,0,1.0,TN
0,0,0.99999972081856,TN
0,0,1.0,TN
0,0,1.0,TN
0,0,1.0,TN
0,0,1.0,TN
0,0,1.0,TN
0,0,0.9999986929901046,TN
0,0,1.0,TN
0,0,1.0,TN
0,0,0.9999990441958738,TN
0,0,1.0,TN
0,0,0.9999921649310256,TN
0,0,1.0,TN
0,0,1.0,TN
0,0,1.0,TN
0,0,0.9999986929901046,TN
0,0,0.99999972081856,TN
0,0,0.9998705943455244,TN
0,0,1.0,TN
0,0,0.9999793031946912,TN
0,0,0.999993692178301,TN
0,0,0.9999954227356759,TN
0,0,1.0,TN
0,0,0.9999791411042945,TN
0,0,0.9999980163674184,TN
0,0,0.998720183794827,TN
0,0,1.0,TN
0,0,0.9999995011107714,TN
0,0,1.0,TN
0,0,1.0,TN
0,0,0.9999670771187055,TN
0,0,0.9998360655737705,TN
0,0,0.9999933177413967,TN
0,0,0.9999963815968013,TN
0,0,1.0,TN
0,0,0.9999990441958738,TN
0,0,0.99999972081856,TN
0,0,1.0,TN
0,0,0.9999628364607491,TN
0,0,1.0,TN
0,0,0.9999982955488583,TN
0,0,1.0,TN
0,0,1.0,TN
0,0,0.9977162091691539,TN
0,0,1.0,TN
0,0,1.0,TN
0,0,0.9999993233773138,TN
0,0,1.0,TN
0,0,1.0,TN
0,0,0.9999990441958738,TN
0,0,0.9999886826537445,TN
0,0,0.9996922374063775,TN
0,0,0.9996909476470905,TN
0,0,0.9999958395579143,TN
0,0,0.9994251751513691,TN
0,0,1.0,TN
0,0,1.0,TN
0,0,0.9999865610850373,TN
0,0,1.0,TN
0,0,0.9999872399628285,TN
0,0,1.0,TN
0,0,0.9999990441958738,TN
0,0,1.0,TN
0,0,1.0,TN
0,0,1.0,TN
0,0,1.0,TN
0,0,1.0,TN
0,0,0.9999959563283461,TN
0,0,0.9989909143439291,TN
0,0,1.0,TN
0,0,1.0,TN
0,0,0.9999963815968013,TN
0,0,1.0,TN
0,0,0.9999886826537445,TN
0,0,0.999975212146223,TN
0,0,1.0,TN
0,0,1.0,TN
0,0,1.0,TN
0,0,1.0,TN
0,0,0.9999640347664206,TN
0,0,1.0,TN
0,0,1.0,TN
0,0,1.0,TN
0,0,0.9999991787796729,TN
0,0,0.9989513897941769,TN
0,0,1.0,TN
0,0,1.0,TN
0,0,1.0,TN
0,0,1.0,TN
0,0,1.0,TN
0,0,1.0,TN
0,0,1.0,TN
0,0,0.9994273817752547,TN
0,0,0.9997259644883881,TN
0,0,0.9999994579611129,TN
0,0,1.0,TN
0,0,0.9999997802922114,TN
0,0,1.0,TN
0,0,1.0,TN
0,0,1.0,TN
0,0,0.9999627213420317,TN
0,0,0.9998711958580628,TN
0,0,0.9999872399628285,TN
0,0,0.9999879165855147,TN
0,0,1.0,TN
0,0,1.0,TN
0,0,0.9978778278017864,TN
0,0,0.9999980163674184,TN
0,0,0.9563194402484773,TN
0,0,0.9999989721715445,TN
0,0,1.0,TN
0,0,0.9999279632248305,TN
0,0,0.9999963815968013,TN
0,0,1.0,TN
0,0,0.9929428493285506,TN
0,0,1.0,TN
0,0,1.0,TN
0,0,1.0,TN
0,0,1.0,TN
0,0,0.9999958827075727,TN
0,0,1.0,TN
0,0,0.9999919902829444,TN
0,0,1.0,TN
0,0,1.0,TN
0,0,0.9929143814337373,TN
0,0,0.9999993984874616,TN
0,0,0.9921730241633897,TN
0,0,0.9999986929901046,TN
0,0,1.0,TN
0,0,0.9990291956141526,TN
0,0,1.0,TN
0,0,0.9999986929901046,TN
0,0,0.9999994579611129,TN
0,0,0.9999982955488583,TN
0,0,1.0,TN
0,0,0.9999997802922114,TN
0,0,0.9999957800842628,TN
0,0,0.9999733226928257,TN
0,0,0.9999993984874616,TN
0,0,1.0,TN
0,0,1.0,TN
0,0,1.0,TN
0,0,0.9989162650426145,TN
0,0,1.0,TN
0,0,0.9997627044035653,TN
0,0,1.0,TN
0,0,1.0,TN
0,0,1.0,TN
0,0,0.9999954257926751,TN
0,0,0.9990083754257814,TN
0,0,1.0,TN
0,0,1.0,TN
0,0,1.0,TN
0,0,1.0,TN
0,0,1.0,TN
0,0,1.0,TN
0,0,0.9999982955488583,TN
0,0,0.9998251426440754,TN
0,0,1.0,TN
0,0,0.9999930785618081,TN
0,0,0.9999858844623511,TN
0,0,1.0,TN
0,0,0.9999996776689015,TN
0,0,0.9999943921296526,TN
0,0,1.0,TN
0,0,1.0,TN
0,0,0.9999958847736626,TN
0,0,1.0,TN
0,0,1.0,TN
0,0,0.9999990441958738,TN
0,0,0.9999890603051331,TN
0,0,1.0,TN
0,0,0.9999993233773138,TN
0,0,0.9999997802922114,TN
0,0,0.999993620600695,TN
0,0,0.9988753213346362,TN
0,0,0.9995127582284014,TN
0,0,0.9999886826537445,TN
0,0,0.9999640347664206,TN
0,0,0.9999995011107714,TN
0,0,0.9999823969152735,TN
0,0,1.0,TN
0,0,1.0,TN
0,0,0.9997968972963415,TN
0,0,0.9999828767123288,TN
0,0,1.0,TN
0,0,1.0,TN
0,0,1.0,TN
0,0,1.0,TN
0,0,1.0,TN
0,0,1.0,TN
0,0,0.9979404982938014,TN
0,0,0.9999995011107714,TN
0,0,0.9731073190067567,TN
0,0,1.0,TN
0,0,1.0,TN
0,0,0.99999972081856,TN
0,0,1.0,TN
0,0,1.0,TN
0,0,0.999979265191078,TN
0,0,0.9999963815968013,TN
0,0,0.9999791411042945,TN
0,0,1.0,TN
0,0,1.0,TN
0,0,0.9997627044035653,TN
0,0,0.99999972081856,TN
0,0,1.0,TN
0,0,1.0,TN
0,0,1.0,TN
0,0,0.9999996776689015,TN
0,0,1.0,TN
0,0,1.0,TN
0,0,0.9999990441958738,TN
0,0,1.0,TN
0,0,0.9999584345462483,TN
0,0,1.0,TN
0,0,0.9999995011107714,TN
0,0,1.0,TN
0,0,0.9999940968122786,TN
0,0,1.0,TN
0,0,0.9999990441958738,TN
0,0,1.0,TN
0,0,1.0,TN
0,0,0.9997614884670738,TN
0,0,0.9999980163674184,TN
0,0,1.0,TN
0,0,1.0,TN
0,0,1.0,TN
0,0,1.0,TN
0,0,0.9992738167010458,TN
0,0,1.0,TN
0,0,0.99999972081856,TN
0,0,0.9989162650426145,TN
0,0,1.0,TN
0,0,0.9999870166947669,TN
0,0,1.0,TN
0,0,1.0,TN
0,0,1.0,TN
0,0,1.0,TN
0,0,0.9999788305494216,TN
0,0,1.0,TN
0,0,1.0,TN
0,0,1.0,TN
0,0,0.999979265191078,TN
0,0,0.9999993233773138,TN
0,0,0.9999773242630385,TN
0,0,1.0,TN
0,0,0.9990380525425305,TN
0,0,1.0,TN
0,0,1.0,TN
0,0,1.0,TN
0,0,1.0,TN
0,0,1.0,TN
0,0,0.9999890603051331,TN
0,0,0.999791695078448,TN
0,0,0.9999723443945663,TN
0,0,1.0,TN
0,0,1.0,TN
0,0,0.9999899059146473,TN
0,0,1.0,TN
0,0,0.99999972081856,TN
0,0,1.0,TN
0,0,0.99999972081856,TN
0,0,1.0,TN
0,0,0.9999986929901046,TN
0,0,0.9999865610850373,TN
0,0,0.9999279632248305,TN
0,0,1.0,TN
0,0,0.9999980163674184,TN
0,0,1.0,TN
0,0,1.0,TN
0,0,1.0,TN
0,0,1.0,TN
0,0,0.9999991787796729,TN
0,0,0.9999928661867743,TN
0,0,0.9999964428835973,TN
0,0,0.9990083754257814,TN
0,0,1.0,TN
0,0,1.0,TN
0,0,0.9999963815968013,TN
0,0,1.0,TN
0,0,1.0,TN
0,0,1.0,TN
0,0,1.0,TN
0,0,1.0,TN
0,0,1.0,TN
0,0,0.9990083754257814,TN
0,0,1.0,TN
0,0,0.9999963815968013,TN
0,0,1.0,TN
0,0,1.0,TN
0,0,0.9985764943453996,TN
0,0,0.9999858844623511,TN
0,0,1.0,TN
0,0,1.0,TN
0,0,1.0,TN
0,0,1.0,TN
0,0,1.0,TN
0,0,0.9999788619228545,TN
0,0,0.9999886826537445,TN
0,0,0.9899193370731172,TN
0,0,0.9999993233773138,TN
0,0,0.9999640347664206,TN
0,0,1.0,TN
0,0,1.0,TN
0,0,1.0,TN
0,0,0.9999829426818385,TN
0,0,1.0,TN
0,0,1.0,TN
0,0,1.0,TN
0,0,0.9999718461050365,TN
0,0,0.99999972081856,TN
0,0,1.0,TN
0,0,1.0,TN
0,0,1.0,TN
0,0,1.0,TN
0,0,1.0,TN
0,0,1.0,TN
0,0,0.9999858900650794,TN
0,0,0.997226256902592,TN
0,0,0.9990083754257814,TN
0,0,1.0,TN
0,0,1.0,TN
0,0,0.9835237713941132,TN
0,0,1.0,TN
0,0,0.9999733226928257,TN
0,0,1.0,TN
0,0,1.0,TN
0,0,1.0,TN
0,0,1.0,TN
0,0,1.0,TN
0,0,0.9999545907459836,TN
0,0,1.0,TN
0,0,0.9999995011107714,TN
0,0,0.9995468280188575,TN
0,0,1.0,TN
0,0,0.9994905052758074,TN
0,0,0.9999958827075727,TN
0,0,1.0,TN
0,0,0.99999972081856,TN
0,0,0.9999788305494216,TN
0,0,1.0,TN
0,0,1.0,TN
0,0,1.0,TN
0,0,0.9999333554905192,TN
0,0,1.0,TN
0,0,1.0,TN
0,0,1.0,TN
0,0,0.9999781539267354,TN
0,0,0.9999191374663073,TN
0,0,0.9999963815968013,TN
0,0,0.9999990441958738,TN
0,0,1.0,TN
0,0,0.9997650556473684,TN
0,0,0.9999823969152735,TN
0,0,1.0,TN
0,0,1.0,TN
0,0,1.0,TN
0,0,1.0,TN
0,0,1.0,TN
0,0,1.0,TN
0,0,0.9999982955488583,TN
0,0,0.9999865610850373,TN
0,0,1.0,TN
0,0,1.0,TN
0,0,1.0,TN
0,0,1.0,TN
0,0,0.9999865610850373,TN
0,0,1.0,TN
0,0,0.9999759949503775,TN
0,0,1.0,TN
0,0,0.99999972081856,TN
0,0,0.9998512387752894,TN
0,0,0.9999943533158857,TN
0,0,1.0,TN
0,0,0.9998924632352941,TN
0,0,1.0,TN
0,0,1.0,TN
0,0,0.9997327055112045,TN
0,0,1.0,TN
0,0,1.0,TN
0,0,1.0,TN
0,0,1.0,TN
0,0,0.9999996776689015,TN
0,0,0.9682845374663251,TN
0,0,1.0,TN
0,0,1.0,TN
0,0,1.0,TN
0,0,1.0,TN
0,0,1.0,TN
0,0,1.0,TN
0,0,0.9999805276871586,TN
0,0,1.0,TN
0,0,0.9975327738299435,TN
0,0,0.999994197282656,TN
0,0,0.99015601673328,TN
0,0,1.0,TN
0,0,0.9999793031946912,TN
0,0,0.9824455872389183,TN
0,0,0.9999993233773138,TN
0,0,1.0,TN
0,0,0.9999805276871586,TN
0,0,1.0,TN
0,0,0.9997680051043042,TN
0,0,0.9999997802922114,TN
0,0,0.99999972081856,TN
0,0,0.999979265191078,TN
0,0,1.0,TN
0,0,1.0,TN
0,0,0.999994651090012,TN
0,0,0.9999059854317437,TN
0,0,0.9999615378361946,TN
0,0,0.999976516405197,TN
0,0,0.99,TN
0,0,1.0,TN
0,0,1.0,TN
0,0,0.9999943921296526,TN
0,0,0.9999986929901046,TN
0,0,0.9978498271711923,TN
0,0,0.9999986929901046,TN
0,0,0.9999733226928257,TN
0,0,1.0,TN
0,0,0.9557338591635818,TN
0,0,1.0,TN
0,0,1.0,TN
0,0,1.0,TN
0,0,1.0,TN
0,0,0.9986473909535372,TN
0,0,0.9997398842053471,TN
0,0,1.0,TN
0,0,1.0,TN
0,0,1.0,TN
0,0,0.9999800751135552,TN
0,0,0.9999963815968013,TN
0,0,0.9999918962722854,TN
0,0,0.9999986929901046,TN
0,0,1.0,TN
0,0,1.0,TN
0,0,1.0,TN
0,0,0.9735147608146153,TN
0,0,1.0,TN
0,0,1.0,TN
0,0,0.9999986929901046,TN
0,0,1.0,TN
0,0,0.9996641071210591,TN
0,0,0.9999938997821352,TN
0,0,1.0,TN
0,0,1.0,TN
0,0,0.999993620600695,TN
0,0,1.0,TN
0,0,0.9999702009260045,TN
0,0,1.0,TN
0,0,0.9999805276871586,TN
0,0,0.9999964428835973,TN
0,0,0.9998989883555663,TN
0,0,1.0,TN
0,0,0.9999986929901046,TN
0,0,0.9999886510611856,TN
0,0,1.0,TN
0,0,1.0,TN
0,0,1.0,TN
0,0,1.0,TN
0,0,1.0,TN
0,0,0.9999982955488583,TN
0,0,0.9999886826537445,TN
0,0,0.9999886826537445,TN
0,0,0.9999990441958738,TN
0,0,1.0,TN
0,0,0.9999921649310256,TN
0,0,1.0,TN
0,0,0.9399933177413966,TN
0,0,0.9999997802922114,TN
0,0,1.0,TN
0,0,1.0,TN
0,0,1.0,TN
0,0,1.0,TN
0,0,1.0,TN
0,0,0.9999788619228545,TN
0,0,1.0,TN
0,0,0.9999173772260483,TN
0,0,1.0,TN
0,0,1.0,TN
0,0,1.0,TN
0,0,1.0,TN
0,0,0.99999972081856,TN
0,0,0.9986747275663381,TN
0,0,1.0,TN
0,0,1.0,TN
0,0,0.9999882962476794,TN
0,0,0.9999996776689015,TN
0,0,1.0,TN
0,0,1.0,TN
0,0,1.0,TN
0,0,1.0,TN
0,0,0.9992519618669179,TN
0,0,0.9989909143439291,TN
0,0,0.9999289349982564,TN
0,0,1.0,TN
0,0,1.0,TN
0,0,1.0,TN
0,0,1.0,TN
0,0,0.9999986929901046,TN
0,0,1.0,TN
0,0,0.9936404756362535,TN
0,0,0.9999982955488583,TN
0,0,1.0,TN
0,0,0.9999824458587,TN
0,0,0.99838480119479,TN
0,0,1.0,TN
0,0,0.9999963815968013,TN
0,0,1.0,TN
0,0,1.0,TN
0,0,0.9999995011107714,TN
0,0,1.0,TN
0,0,1.0,TN
0,0,1.0,TN
0,0,1.0,TN
0,0,1.0,TN
0,0,0.9999986929901046,TN
0,0,1.0,TN
0,0,1.0,TN
0,0,1.0,TN
0,0,1.0,TN
0,0,1.0,TN
0,0,0.9997425992843197,TN
0,0,1.0,TN
0,0,0.9998157477480143,TN
0,0,0.9999640347664206,TN
0,0,1.0,TN
0,0,0.9999918962722854,TN
0,0,1.0,TN
0,0,1.0,TN
0,0,0.999393487241045,TN
0,0,1.0,TN
0,0,1.0,TN
0,0,0.9998924632352941,TN
0,0,0.9980047138404358,TN
0,0,1.0,TN
0,0,0.9999982955488583,TN
0,0,0.9999963815968013,TN
0,0,1.0,TN
0,0,0.9999084798791718,TN
0,0,0.9999980163674184,TN
0,0,0.9843522325299358,TN
0,0,1.0,TN
0,0,0.9999995011107714,TN
0,0,0.9999952174305775,TN
0,0,1.0,TN
0,0,1.0,TN
0,0,1.0,TN
0,0,0.9999963815968013,TN
0,0,0.9999982955488583,TN
0,0,1.0,TN
0,0,0.9999059854317437,TN
0,0,1.0,TN
0,0,0.9999991787796729,TN
0,0,1.0,TN
0,0,0.9999829426818385,TN
0,0,0.9999633726872851,TN
0,0,1.0,TN
0,0,1.0,TN
0,0,0.999993620600695,TN
0,0,0.9999812972394139,TN
0,0,1.0,TN
0,0,0.9999948953547728,TN
0,0,0.9999640347664206,TN
0,0,1.0,TN
0,0,1.0,TN
0,0,1.0,TN
0,0,0.9999886826537445,TN
0,0,0.999475935500147,TN
0,0,1.0,TN
0,0,1.0,TN
0,0,0.9999997802922114,TN
0,0,0.998577263039612,TN
0,0,0.99999972081856,TN
0,0,1.0,TN
0,0,0.9986085331532877,TN
0,0,0.982836046942571,TN
0,0,0.9999919902829444,TN
0,0,1.0,TN
0,0,1.0,TN
0,0,0.9999355614219472,TN
0,0,0.9989882181994156,TN
0,0,1.0,TN
0,0,1.0,TN
0,0,0.9999074843422924,TN
0,0,1.0,TN
0,0,0.9999545681378581,TN
0,0,1.0,TN
0,0,0.9999905825373335,TN
0,0,0.9999704163404641,TN
0,0,0.9795473653096907,TN
0,0,0.9999927670247706,TN
0,0,0.9999134327640731,TN
0,0,0.9984499680335712,TN
0,0,1.0,TN
0,0,0.9999823969152735,TN
0,0,1.0,TN
0,0,0.9999997802922114,TN
0,0,1.0,TN
0,0,1.0,TN
0,0,0.9999980664185237,TN
0,0,0.9999982955488583,TN
0,0,1.0,TN
0,0,0.9999733226928257,TN
0,0,1.0,TN
0,0,1.0,TN
0,0,0.9999958847736626,TN
0,0,0.9999963815968013,TN
0,0,1.0,TN
0,0,0.9999865610850373,TN
0,0,1.0,TN
0,0,0.9999640347664206,TN
0,0,0.9999982955488583,TN
0,0,1.0,TN
0,0,0.9982149185175547,TN
0,0,0.9978064383297383,TN
0,0,0.9999980163674184,TN
0,0,1.0,TN
0,0,0.99999972081856,TN
0,0,0.9999989721715445,TN
0,0,1.0,TN
0,0,1.0,TN
0,0,0.9999921649310256,TN
0,0,1.0,TN
0,0,1.0,TN
0,0,0.9998711958580628,TN
0,0,0.9999993984874616,TN
0,0,1.0,TN
0,0,0.9999990441958738,TN
0,0,1.0,TN
0,0,1.0,TN
0,0,1.0,TN
0,0,1.0,TN
0,0,1.0,TN
0,0,0.9975799058303256,TN
0,0,0.9999995011107714,TN
0,0,0.9999989721715445,TN
0,0,0.9999989721715445,TN
0,0,0.9981288494163704,TN
0,0,1.0,TN
0,0,1.0,TN
0,0,1.0,TN
0,0,1.0,TN
0,0,0.9999991787796729,TN
0,0,1.0,TN
0,0,0.9998680368621148,TN
0,0,0.9999986929901046,TN
0,0,1.0,TN
0,0,1.0,TN
0,0,0.9999961618890127,TN
0,0,0.9999886826537445,TN
0,0,1.0,TN
0,0,0.9989027365385457,TN
0,0,0.9999865610850373,TN
0,0,1.0,TN
0,0,0.99999972081856,TN
0,0,1.0,TN
0,0,0.9998469081576695,TN
0,0,1.0,TN
0,0,0.9950977084222962,TN
0,0,0.9999640347664206,TN
0,0,0.9999961618890127,TN
0,0,1.0,TN
0,0,1.0,TN
0,0,0.9804684164009106,TN
0,0,0.9986202399582682,TN
0,0,1.0,TN
0,0,1.0,TN
0,0,1.0,TN
0,0,1.0,TN
0,0,0.9999886826537445,TN
0,0,0.9999993233773138,TN
0,0,0.9999980163674184,TN
0,0,1.0,TN
0,0,0.9999982955488583,TN
0,0,1.0,TN
0,0,0.9999919902829444,TN
0,0,1.0,TN
0,0,1.0,TN
0,0,1.0,TN
0,0,0.9999712676842476,TN
0,0,1.0,TN
0,0,1.0,TN
0,0,0.9935640916696559,TN
0,0,1.0,TN
0,0,0.9996637898245835,TN
0,0,1.0,TN
0,0,0.9999938997821352,TN
0,0,1.0,TN
0,0,1.0,TN
0,0,1.0,TN
0,0,0.9999321322296163,TN
0,0,0.9999993233773138,TN
0,0,1.0,TN
0,0,0.9999995011107714,TN
0,0,1.0,TN
0,0,0.99,TN
0,0,1.0,TN
0,0,0.9999990441958738,TN
0,0,1.0,TN
0,0,1.0,TN
0,0,0.9999929131117858,TN
0,0,0.9999982955488583,TN
0,0,0.99999972081856,TN
0,0,1.0,TN
0,0,0.999947085607434,TN
0,0,0.9999961618890127,TN
0,0,1.0,TN
0,0,1.0,TN
0,0,1.0,TN
0,0,1.0,TN
0,0,1.0,TN
0,0,1.0,TN
0,0,0.9999986929901046,TN
0,0,0.9999958395579143,TN
0,0,0.9987178148938893,TN
0,0,1.0,TN
0,0,1.0,TN
0,0,1.0,TN
0,0,1.0,TN
0,0,1.0,TN
0,0,0.9999989721715445,TN
0,0,1.0,TN
0,0,0.9950977084222962,TN
0,0,0.9997535957009641,TN
0,0,1.0,TN
0,0,0.9999793031946912,TN
0,0,0.9990083754257814,TN
0,0,1.0,TN
0,0,1.0,TN
0,0,1.0,TN
0,0,1.0,TN
0,0,1.0,TN
0,0,0.9999841140515596,TN
0,0,0.999979265191078,TN
0,0,1.0,TN
0,0,1.0,TN
0,0,1.0,TN
0,0,1.0,TN
0,0,0.9999997802922114,TN
0,0,0.999061998020844,TN
0,0,0.9999938176308386,TN
0,0,1.0,TN
0,0,0.9999938997821352,TN
0,0,0.999994197282656,TN
0,0,1.0,TN
0,0,1.0,TN
0,0,0.9999823969152735,TN
0,0,0.9992347613701067,TN
0,0,1.0,TN
0,0,1.0,TN
0,0,1.0,TN
0,0,0.999995665065874,TN
0,0,1.0,TN
0,0,0.9999993233773138,TN
0,0,0.9999986929901046,TN
0,0,1.0,TN
0,0,1.0,TN
0,0,1.0,TN
0,0,0.9999954257926751,TN
0,0,1.0,TN
0,0,1.0,TN
0,0,0.99999972081856,TN
0,0,1.0,TN
0,0,1.0,TN
0,0,1.0,TN
0,0,0.9999954257926751,TN
0,0,1.0,TN
0,0,1.0,TN
0,0,1.0,TN
0,0,0.9999989721715445,TN
0,0,1.0,TN
0,0,1.0,TN
0,0,0.9999993233773138,TN
0,0,0.9984821146328574,TN
0,0,1.0,TN
0,0,1.0,TN
0,0,1.0,TN
0,0,0.9999355614219472,TN
0,0,0.9999791411042945,TN
0,0,0.9999963815968013,TN
0,0,1.0,TN
0,0,1.0,TN
0,0,1.0,TN
0,0,1.0,TN
0,0,0.9995795607282352,TN
0,0,1.0,TN
0,0,0.9999452242993698,TN
0,0,0.9803069313833592,TN
0,0,1.0,TN
0,0,1.0,TN
0,0,0.9999986929901046,TN
0,0,0.9994682049645313,TN
0,0,1.0,TN
0,0,0.9999805276871586,TN
0,0,1.0,TN
0,0,0.9999980163674184,TN
0,0,1.0,TN
0,0,0.9999819738621001,TN
0,0,1.0,TN
0,0,0.9999993233773138,TN
0,0,0.9999858844623511,TN
0,0,0.9999819738621001,TN
0,0,1.0,TN
0,0,0.9999943533158857,TN
0,0,1.0,TN
0,0,0.9999993233773138,TN
0,0,1.0,TN
0,0,0.9999826166230619,TN
0,0,0.9999633726872851,TN
0,0,0.9999963815968013,TN
0,0,1.0,TN
0,0,1.0,TN
0,0,0.999803749259518,TN
0,0,1.0,TN
0,0,1.0,TN
0,0,0.9999865610850373,TN
0,0,1.0,TN
0,0,1.0,TN
0,0,1.0,TN
0,0,0.9999933177413967,TN
0,0,1.0,TN
0,0,0.9999980163674184,TN
0,0,1.0,TN
0,0,1.0,TN
0,0,0.9999986929901046,TN
0,0,0.9999800402806238,TN
0,0,1.0,TN
0,0,0.9999961024153613,TN
0,0,0.9994946850862094,TN
0,0,0.9999993233773138,TN
0,0,1.0,TN
0,0,1.0,TN
0,0,1.0,TN
0,0,1.0,TN
0,0,0.9967501218513448,TN
0,0,0.9999989721715445,TN
0,0,0.9999986929901046,TN
0,0,1.0,TN
0,0,1.0,TN
0,0,0.9999650390939755,TN
0,0,0.9999608024088001,TN
0,0,0.9999886826537445,TN
0,0,1.0,TN
0,0,1.0,TN
0,0,1.0,TN
0,0,0.9999705910615614,TN
0,0,0.9999633726872851,TN
0,0,1.0,TN
0,0,0.9999781539267354,TN
0,0,1.0,TN
0,0,1.0,TN
0,0,0.9999961618890127,TN
0,0,0.9999990441958738,TN
0,0,0.9985959771516592,TN
0,0,0.9999963815968013,TN
0,0,0.99999972081856,TN
0,0,0.9999938997821352,TN
0,0,1.0,TN
0,0,1.0,TN
0,0,1.0,TN
0,0,0.9999858844623511,TN
0,0,1.0,TN
0,0,1.0,TN
0,0,1.0,TN
0,0,0.9999781539267354,TN
0,0,0.999995665065874,TN
0,0,1.0,TN
0,0,0.9999793031946912,TN
0,0,1.0,TN
0,0,1.0,TN
0,0,1.0,TN
0,0,1.0,TN
0,0,1.0,TN
0,0,1.0,TN
0,0,1.0,TN
0,0,0.9998718786777638,TN
0,0,1.0,TN
0,0,1.0,TN
0,0,1.0,TN
0,0,0.9999823969152735,TN
0,0,1.0,TN
0,0,1.0,TN
0,0,0.9999886826537445,TN
0,0,1.0,TN
0,0,0.9999960555380247,TN
0,0,0.9994835616892067,TN
0,0,0.9999993233773138,TN
0,0,0.9999321322296163,TN
0,0,0.9998968048019711,TN
0,0,0.99999972081856,TN
0,0,0.9998920721056176,TN
0,0,0.9999922694643842,TN
0,0,1.0,TN
0,0,1.0,TN
0,0,0.9989027365385457,TN
0,0,1.0,TN
0,0,1.0,TN
0,0,1.0,TN
0,0,0.9999986929901046,TN
0,0,0.9985943938881736,TN
0,0,1.0,TN
0,0,0.99999972081856,TN
0,0,0.998723095795727,TN
0,0,0.9999586609044036,TN
0,0,1.0,TN
0,0,1.0,TN
0,0,0.9999989721715445,TN
0,0,0.99999972081856,TN
0,0,1.0,TN
0,0,1.0,TN
0,0,0.99999972081856,TN
0,0,0.9998708735269644,TN
0,0,1.0,TN
0,0,1.0,TN
0,0,1.0,TN
0,0,1.0,TN
0,0,0.9985334471573336,TN
0,0,0.999061998020844,TN
0,0,0.9999916752047772,TN
0,0,1.0,TN
0,0,0.99999972081856,TN
0,0,1.0,TN
0,0,0.9999982955488583,TN
0,0,1.0,TN
0,0,1.0,TN
0,0,1.0,TN
0,0,1.0,TN
0,0,1.0,TN
0,0,0.9999987941274004,TN
0,0,1.0,TN
0,0,1.0,TN
0,0,1.0,TN
0,0,0.99999972081856,TN
0,0,1.0,TN
0,0,1.0,TN
0,0,1.0,TN
0,0,0.9999886826537445,TN
0,0,0.9999995011107714,TN
0,0,0.9999918460388529,TN
0,0,1.0,TN
0,0,0.9999986929901046,TN
0,0,1.0,TN
0,0,1.0,TN
0,0,0.9999986929901046,TN
0,0,0.9999886826537445,TN
0,0,0.9999865610850373,TN
0,0,0.9999993233773138,TN
0,0,1.0,TN
0,0,0.99999972081856,TN
0,0,0.9999997802922114,TN
0,0,1.0,TN
0,0,1.0,TN
0,0,0.9999961618890127,TN
0,0,0.9999918460388529,TN
0,0,0.9999904577973369,TN
0,0,1.0,TN
0,0,0.9999993233773138,TN
0,0,1.0,TN
0,0,0.9998774022599412,TN
0,0,1.0,TN
0,0,1.0,TN
0,0,0.9999943979642196,TN
0,0,1.0,TN
0,0,0.999994651090012,TN
0,0,1.0,TN
0,0,1.0,TN
0,0,1.0,TN
0,0,1.0,TN
0,0,0.9999788305494216,TN
0,0,1.0,TN
0,0,1.0,TN
0,0,1.0,TN
0,0,1.0,TN
0,0,1.0,TN
0,0,1.0,TN
0,0,1.0,TN
0,0,1.0,TN
0,0,0.9967958573803902,TN
0,0,1.0,TN
0,0,0.9994363958064963,TN
0,0,0.9999148277197059,TN
0,0,1.0,TN
0,0,1.0,TN
0,0,1.0,TN
0,0,0.9999627213420317,TN
0,0,1.0,TN
0,0,0.99999972081856,TN
0,0,1.0,TN
0,0,0.99999972081856,TN
0,0,1.0,TN
0,0,0.9999904577973369,TN
0,0,0.9999997802922114,TN
0,0,1.0,TN
0,0,0.9999755982153977,TN
0,0,1.0,TN
0,0,1.0,TN
0,0,0.9999781539267354,TN
0,0,0.99999972081856,TN
0,0,0.9999954257926751,TN
0,0,1.0,TN
0,0,0.9999996776689015,TN
0,0,1.0,TN
0,0,1.0,TN
0,0,1.0,TN
0,0,1.0,TN
0,0,1.0,TN
0,0,0.9999963815968013,TN
0,0,1.0,TN
0,0,1.0,TN
0,0,1.0,TN
0,0,0.9998701516888366,TN
0,0,1.0,TN
0,0,0.9998006918717155,TN
0,0,1.0,TN
0,0,0.9998968048019711,TN
0,0,1.0,TN
0,0,0.9999074843422924,TN
0,0,1.0,TN
0,0,1.0,TN
0,0,0.9998705943455244,TN
0,0,0.9197176927984895,TN
0,0,0.9997614884670738,TN
0,0,1.0,TN
0,0,0.9999994579611129,TN
0,0,1.0,TN
0,0,0.9999865610850373,TN
0,0,1.0,TN
0,0,1.0,TN
0,0,0.9999989721715445,TN
0,0,1.0,TN
0,0,1.0,TN
0,0,1.0,TN
0,0,0.9999958847736626,TN
0,0,1.0,TN
0,0,1.0,TN
0,0,1.0,TN
0,0,1.0,TN
0,0,0.9998989288819149,TN
0,0,1.0,TN
0,0,0.9998989288819149,TN
0,0,1.0,TN
0,0,1.0,TN
0,0,0.9999963815968013,TN
0,0,1.0,TN
0,0,1.0,TN
0,0,0.9999993984874616,TN
0,0,1.0,TN
0,0,1.0,TN
0,0,1.0,TN
0,0,0.999979265191078,TN
0,0,1.0,TN
0,0,1.0,TN
0,0,0.9999980163674184,TN
0,0,0.99999972081856,TN
0,0,0.9985988592001679,TN
0,0,1.0,TN
0,0,0.9999980163674184,TN
0,0,1.0,TN
0,0,0.9999958827075727,TN
0,0,0.9999865610850373,TN
0,0,1.0,TN
0,0,0.9999963815968013,TN
0,0,0.9999990441958738,TN
0,0,0.9999874256949545,TN
0,0,0.9999223447750962,TN
0,0,0.9999993233773138,TN
0,0,0.9987902387369791,TN
0,0,1.0,TN
0,0,0.9999980163674184,TN
0,0,1.0,TN
0,0,1.0,TN
0,0,1.0,TN
0,0,1.0,TN
0,0,1.0,TN
0,0,1.0,TN
0,0,1.0,TN
0,0,1.0,TN
0,0,0.999957452634082,TN
0,0,1.0,TN
0,0,1.0,TN
0,0,0.999664995697183,TN
0,0,0.9999957800842628,TN
0,0,0.9999452242993698,TN
0,0,0.9999961618890127,TN
0,0,1.0,TN
0,0,1.0,TN
0,0,0.9999938997821352,TN
0,0,1.0,TN
0,0,0.9999980664185237,TN
0,0,0.9996255470975476,TN
0,0,0.9999986929901046,TN
0,0,0.9999982955488583,TN
0,0,1.0,TN
0,0,1.0,TN
0,0,0.9999997802922114,TN
0,0,0.9997483443708609,TN
0,0,0.9996480938416422,TN
0,0,0.9999963815968013,TN
0,0,1.0,TN
0,0,0.9330252188975047,TN
0,0,0.9999982955488583,TN
0,0,1.0,TN
0,0,1.0,TN
0,0,1.0,TN
0,0,0.9999993233773138,TN
0,0,0.9999980664185237,TN
0,0,1.0,TN
0,0,0.9999958847736626,TN
0,0,0.9997764526846646,TN
0,0,1.0,TN
0,0,1.0,TN
0,0,1.0,TN
0,0,1.0,TN
0,0,1.0,TN
0,0,0.9999886826537445,TN
0,0,1.0,TN
0,0,0.9999933177413967,TN
0,0,1.0,TN
0,0,0.9997398842053471,TN
0,0,0.999841612198527,TN
0,0,1.0,TN
0,0,1.0,TN
0,0,1.0,TN
0,0,0.9999986929901046,TN
0,0,0.9999704163404641,TN
0,0,0.99999972081856,TN
0,0,0.9999916679518459,TN
0,0,1.0,TN
0,0,1.0,TN
0,0,0.9999993233773138,TN
0,0,1.0,TN
0,0,1.0,TN
0,0,0.9999704163404641,TN
0,0,1.0,TN
0,0,0.9999997802922114,TN
0,0,0.9990837526474904,TN
0,0,0.9999890603051331,TN
0,0,1.0,TN
0,0,1.0,TN
0,0,1.0,TN
0,0,1.0,TN
0,0,1.0,TN
0,0,0.9994812189841137,TN
0,0,0.9999986929901046,TN
0,0,1.0,TN
0,0,1.0,TN
0,0,1.0,TN
0,0,1.0,TN
0,0,1.0,TN
0,0,1.0,TN
0,0,1.0,TN
0,0,0.9999788619228545,TN
0,0,0.9999890603051331,TN
0,0,0.9999989721715445,TN
0,0,0.9999373348490433,TN
0,0,1.0,TN
0,0,0.9999921649310256,TN
0,0,1.0,TN
0,0,1.0,TN
0,0,0.9982149185175547,TN
0,0,0.9999963815968013,TN
0,0,0.9999997802922114,TN
0,0,0.9999919902829444,TN
0,0,1.0,TN
0,0,0.9989450968401304,TN
0,0,0.99999972081856,TN
0,0,1.0,TN
0,0,1.0,TN
0,0,0.9999995011107714,TN
0,0,1.0,TN
0,0,0.9974657764118213,TN
0,0,1.0,TN
0,0,0.9999993233773138,TN
0,0,1.0,TN
0,0,0.9999517346632874,TN
0,0,0.9999986929901046,TN
0,0,0.9999755982153977,TN
0,0,0.99999972081856,TN
0,0,1.0,TN
0,0,0.9999916679518459,TN
0,0,0.9999957800842628,TN
0,0,0.9999989798520785,TN
0,0,0.9999989798520785,TN
0,0,1.0,TN
0,0,0.9997927295208083,TN
0,0,1.0,TN
0,0,1.0,TN
0,0,1.0,TN
0,0,0.9999919902829444,TN
0,0,1.0,TN
0,0,1.0,TN
0,0,1.0,TN
0,0,1.0,TN
0,0,0.9999986929901046,TN
0,0,0.999985741444867,TN
0,0,1.0,TN
0,0,1.0,TN
0,0,0.9999890603051331,TN
0,0,1.0,TN
0,0,1.0,TN
0,0,0.9999879165855147,TN
0,0,1.0,TN
0,0,1.0,TN
0,0,1.0,TN
0,0,0.9999865610850373,TN
0,0,1.0,TN
0,0,1.0,TN
0,0,1.0,TN
0,0,1.0,TN
0,0,1.0,TN
0,0,0.99999972081856,TN
0,0,1.0,TN
0,0,0.9937648874639864,TN
0,0,1.0,TN
0,0,1.0,TN
0,0,0.99999972081856,TN
0,0,1.0,TN
0,0,0.9999919902829444,TN
0,0,1.0,TN
0,0,1.0,TN
0,0,0.9999805276871586,TN
0,0,1.0,TN
0,0,0.98999972081856,TN
0,0,1.0,TN
0,0,1.0,TN
0,0,0.999495942218887,TN
0,0,1.0,TN
0,0,0.9999922694643842,TN
0,0,0.9999886826537445,TN
0,0,0.9989450968401304,TN
0,0,0.99999972081856,TN
0,0,1.0,TN
0,0,0.99999972081856,TN
0,0,1.0,TN
0,0,1.0,TN
0,0,0.9999781539267354,TN
0,0,0.9995099907917983,TN
0,0,0.999968936678614,TN
0,0,1.0,TN
0,0,0.9999963815968013,TN
0,0,0.9999805276871586,TN
0,0,1.0,TN
0,0,0.9999963815968013,TN
0,0,1.0,TN
0,0,0.9999704163404641,TN
0,0,1.0,TN
0,0,0.9999789213965059,TN
0,0,1.0,TN
0,0,0.9999963815968013,TN
0,0,1.0,TN
0,0,1.0,TN
0,0,1.0,TN
0,0,0.9998968048019711,TN
0,0,0.9999865610850373,TN
0,0,1.0,TN
0,0,0.9999991787796729,TN
0,0,1.0,TN
0,0,0.9999823967319001,TN
0,0,1.0,TN
0,0,1.0,TN
0,0,1.0,TN
0,0,0.9797222222222223,TN
0,0,1.0,TN
0,0,0.9991100546745281,TN
0,0,0.9999626858048484,TN
0,0,0.99999972081856,TN
0,0,1.0,TN
0,0,1.0,TN
0,0,0.9987972176033142,TN
0,0,0.9999995011107714,TN
0,0,1.0,TN
0,0,0.9999990441958738,TN
0,0,1.0,TN
0,0,1.0,TN
0,0,1.0,TN
0,0,1.0,TN
0,0,1.0,TN
0,0,0.9999961618890127,TN
0,0,1.0,TN
0,0,1.0,TN
0,0,1.0,TN
0,0,0.9999986929901046,TN
0,0,1.0,TN
0,0,1.0,TN
0,0,1.0,TN
0,0,0.9999899059146473,TN
0,0,1.0,TN
0,0,1.0,TN
0,0,1.0,TN
0,0,1.0,TN
0,0,0.9999826166230619,TN
0,0,0.9999954227356759,TN
0,0,0.9999865610850373,TN
0,0,0.9999993233773138,TN
0,0,0.9940049145701795,TN
0,0,0.9999584345462483,TN
0,0,1.0,TN
0,0,1.0,TN
0,0,0.999993620600695,TN
0,0,0.99944436143644,TN
0,0,1.0,TN
0,0,1.0,TN
0,0,0.9999958847736626,TN
0,0,1.0,TN
0,0,0.9999793031946912,TN
0,0,1.0,TN
0,0,1.0,TN
0,0,0.9999982955488583,TN
0,0,1.0,TN
0,0,0.9999982955488583,TN
0,0,1.0,TN
0,0,1.0,TN
0,0,1.0,TN
0,0,0.99999972081856,TN
0,0,1.0,TN
0,0,1.0,TN
0,0,0.9943011863564757,TN
0,0,0.9999961024153613,TN
0,0,0.9999640347664206,TN
0,0,1.0,TN
0,0,0.9997627044035653,TN
0,0,1.0,TN
0,0,1.0,TN
0,0,1.0,TN
0,0,0.9991056584901594,TN
0,0,0.9998680368621148,TN
0,0,0.999475935500147,TN
0,0,1.0,TN
0,0,1.0,TN
0,0,0.9999986929901046,TN
0,0,1.0,TN
0,0,0.9999986929901046,TN
0,0,1.0,TN
0,0,0.9999993233773138,TN
0,0,0.9999807963150961,TN
0,0,1.0,TN
0,0,1.0,TN
0,0,1.0,TN
0,0,0.9989909143439291,TN
0,0,1.0,TN
0,0,1.0,TN
0,0,1.0,TN
0,0,1.0,TN
0,0,0.9983314087471034,TN
0,0,1.0,TN
0,0,0.9999823967319001,TN
0,0,0.99999972081856,TN
0,0,0.9999819738621001,TN
0,0,0.9999922694643842,TN
0,0,0.9967208976883716,TN
0,0,1.0,TN
0,0,1.0,TN
0,0,1.0,TN
0,0,1.0,TN
0,0,0.9999899059146473,TN
0,0,1.0,TN
0,0,1.0,TN
0,0,1.0,TN
0,0,0.9986625621002956,TN
0,0,0.9999819738621001,TN
0,0,0.9944289674289674,TN
0,0,1.0,TN
0,0,1.0,TN
0,0,0.996384429354359,TN
0,0,0.9999986929901046,TN
0,0,1.0,TN
0,0,1.0,TN
0,0,0.9999990441958738,TN
0,0,1.0,TN
0,0,1.0,TN
0,0,1.0,TN
0,0,1.0,TN
0,0,1.0,TN
0,0,1.0,TN
0,0,0.9999890603051331,TN
0,0,0.9999789982198632,TN
0,0,0.9999980163674184,TN
0,0,0.9999660688317984,TN
0,0,0.9999990441958738,TN
0,0,1.0,TN
0,0,1.0,TN
0,0,1.0,TN
0,0,0.9999915349887134,TN
0,0,1.0,TN
0,0,1.0,TN
0,0,0.99999972081856,TN
0,0,1.0,TN
0,0,1.0,TN
0,0,1.0,TN
0,0,0.9999993984874616,TN
0,0,0.9999993984874616,TN
0,0,1.0,TN
0,0,1.0,TN
0,0,1.0,TN
0,0,1.0,TN
0,0,1.0,TN
0,0,0.99999972081856,TN
0,0,0.9999886826537445,TN
0,0,1.0,TN
0,0,0.9999964428835973,TN
0,0,1.0,TN
0,0,1.0,TN
0,0,0.9999997802922114,TN
0,0,0.9999858844623511,TN
0,0,0.9994976960605223,TN
0,0,1.0,TN
0,0,0.9999995011107714,TN
0,0,1.0,TN
0,0,0.9999963815968013,TN
0,0,1.0,TN
0,0,0.9999996776689015,TN
0,0,1.0,TN
0,0,1.0,TN
0,0,0.9999865610850373,TN
0,0,0.9999899059146473,TN
0,0,1.0,TN
0,0,0.9999788305494216,TN
0,0,1.0,TN
0,0,1.0,TN
0,0,1.0,TN
0,0,0.9999886826537445,TN
0,0,1.0,TN
0,0,1.0,TN
0,0,1.0,TN
0,0,1.0,TN
0,0,0.9999990441958738,TN
0,0,0.9999986929901046,TN
0,0,1.0,TN
0,0,1.0,TN
0,0,0.9999995011107714,TN
0,0,0.9986085331532877,TN
0,0,0.9999963815968013,TN
0,0,1.0,TN
0,0,1.0,TN
0,0,1.0,TN
0,0,1.0,TN
0,0,0.9999997802922114,TN
0,0,1.0,TN
0,0,0.9999788305494216,TN
0,0,1.0,TN
0,0,0.9998708735269644,TN
0,0,1.0,TN
0,0,0.99,TN
0,0,0.99999972081856,TN
0,0,1.0,TN
0,0,0.9989625579219827,TN
0,0,0.9999997802922114,TN
0,0,1.0,TN
0,0,1.0,TN
0,0,0.9996698778314976,TN
0,0,0.9999704163404641,TN
0,0,1.0,TN
0,0,0.9999989721715445,TN
0,0,0.9999993233773138,TN
0,0,1.0,TN
0,0,0.9999938997821352,TN
0,0,0.9999980664185237,TN
0,0,1.0,TN
0,0,1.0,TN
0,0,1.0,TN
0,0,0.9989909143439291,TN
0,0,0.9995478293186839,TN
0,0,1.0,TN
0,0,1.0,TN
0,0,0.9999963815968013,TN
0,0,0.9988459703936371,TN
0,0,0.9997627044035653,TN
0,0,1.0,TN
0,0,0.99999972081856,TN
0,0,0.998013203089467,TN
0,0,1.0,TN
0,0,0.999985741444867,TN
0,0,1.0,TN
0,0,1.0,TN
0,0,1.0,TN
0,0,0.9999781539267354,TN
0,0,0.9998414553933145,TN
0,0,1.0,TN
0,0,1.0,TN
0,0,1.0,TN
0,0,0.9999989798520785,TN
0,0,0.9997398842053471,TN
0,0,1.0,TN
0,0,1.0,TN
0,0,1.0,TN
0,0,1.0,TN
0,0,0.9999737671084832,TN
0,0,0.9999986929901046,TN
0,0,0.9999824458587,TN
0,0,1.0,TN
0,0,0.9999921649310256,TN
0,0,0.9999980163674184,TN
0,0,0.9999886826537445,TN
0,0,1.0,TN
0,0,1.0,TN
0,0,0.9998680368621148,TN
0,0,1.0,TN
0,0,0.9999704163404641,TN
0,0,0.9999633726872851,TN
0,0,1.0,TN
0,0,0.999979265191078,TN
0,0,0.9999900737751024,TN
0,0,1.0,TN
0,0,0.999955697763573,TN
0,0,0.9999485269741989,TN
0,0,1.0,TN
0,0,1.0,TN
0,0,0.9993440940848347,TN
0,0,0.9999788305494216,TN
0,0,1.0,TN
0,0,1.0,TN
0,0,1.0,TN
0,0,0.9999958827075727,TN
0,0,0.9976951060748915,TN
0,0,0.99999972081856,TN
0,0,0.99999972081856,TN
0,0,1.0,TN
0,0,0.9896789429067965,TN
0,0,0.9985575499463971,TN
0,0,0.9999961024153613,TN
0,0,0.9999986929901046,TN
0,0,0.9999958847736626,TN
0,0,0.9999980664185237,TN
0,0,1.0,TN
0,0,1.0,TN
0,0,0.9996255470975476,TN
0,0,1.0,TN
0,0,1.0,TN
0,0,0.9999945730236743,TN
0,0,0.9999958847736626,TN
0,0,0.99999972081856,TN
0,0,1.0,TN
0,0,1.0,TN
0,0,1.0,TN
0,0,1.0,TN
0,0,1.0,TN
0,0,1.0,TN
0,0,1.0,TN
0,0,1.0,TN
0,0,1.0,TN
0,0,1.0,TN
0,0,1.0,TN
0,0,1.0,TN
0,0,1.0,TN
0,0,1.0,TN
0,0,1.0,TN
0,0,0.9999982955488583,TN
0,0,1.0,TN
0,0,1.0,TN
0,0,1.0,TN
0,0,1.0,TN
0,0,0.9999997802922114,TN
0,0,0.9999937796203292,TN
0,0,0.9999321322296163,TN
0,0,1.0,TN
0,0,1.0,TN
0,0,0.9999963815968013,TN
0,0,0.9999922694643842,TN
0,0,0.9999918460388529,TN
0,0,0.9999888920955804,TN
0,0,0.9999963815968013,TN
0,0,1.0,TN
0,0,1.0,TN
0,0,1.0,TN
0,0,0.99999972081856,TN
0,0,0.9999916679518459,TN
0,0,0.9976581167726445,TN
0,0,0.999979265191078,TN
0,0,1.0,TN
0,0,0.999975212146223,TN
0,0,0.9996033163247938,TN
0,0,1.0,TN
0,0,1.0,TN
0,0,1.0,TN
0,0,1.0,TN
0,0,0.9999733226928257,TN
0,0,1.0,TN
0,0,1.0,TN
0,0,0.99999972081856,TN
0,0,0.9999919902829444,TN
0,0,1.0,TN
0,0,0.9999963815968013,TN
0,0,1.0,TN
0,0,1.0,TN
0,0,1.0,TN
0,0,0.9999640347664206,TN
0,0,1.0,TN
0,0,0.9999993233773138,TN
0,0,0.9999874256949545,TN
0,0,1.0,TN
0,0,1.0,TN
0,0,1.0,TN
0,0,1.0,TN
0,0,1.0,TN
0,0,0.9999952174305775,TN
0,0,1.0,TN
0,0,0.999971979812199,TN
0,0,0.9999791411042945,TN
0,0,0.99999972081856,TN
0,0,0.9997847359557468,TN
0,0,1.0,TN
0,0,1.0,TN
0,0,1.0,TN
0,0,0.9999963815968013,TN
0,0,1.0,TN
0,0,0.9997650556473684,TN
0,0,1.0,TN
0,0,1.0,TN
0,0,1.0,TN
0,0,0.9998711958580628,TN
0,0,0.9999997802922114,TN
0,0,0.9998421031052466,TN
0,0,0.999940109417608,TN
0,0,1.0,TN
0,0,1.0,TN
0,0,1.0,TN
0,0,0.9999963815968013,TN
0,0,1.0,TN
0,0,0.9990291956141526,TN
0,0,1.0,TN
0,0,1.0,TN
0,0,0.9999997802922114,TN
0,0,0.9999841140515596,TN
0,0,1.0,TN
0,0,1.0,TN
0,0,1.0,TN
0,0,0.9999414741128645,TN
0,0,1.0,TN
0,0,0.9999773242630385,TN
0,0,0.9999943979642196,TN
0,0,0.9999995011107714,TN
0,0,0.99999972081856,TN
0,0,1.0,TN
0,0,0.9999980163674184,TN
0,0,1.0,TN
0,0,1.0,TN
0,0,1.0,TN
0,0,1.0,TN
0,0,0.9999948953547728,TN
0,0,0.9998968048019711,TN
0,0,1.0,TN
0,0,0.9999202482127307,TN
0,0,1.0,TN
0,0,0.9999882962476794,TN
0,0,0.9999997802922114,TN
0,0,0.9966720327785299,TN
0,0,0.9999823969152735,TN
0,0,1.0,TN
0,0,1.0,TN
0,0,1.0,TN
0,0,0.9999886826537445,TN
0,0,1.0,TN
0,0,0.9999865610850373,TN
0,0,1.0,TN
0,0,0.9999993233773138,TN
0,0,0.9999993233773138,TN
0,0,0.9999993984874616,TN
0,0,1.0,TN
0,0,1.0,TN
0,0,1.0,TN
0,0,1.0,TN
0,0,1.0,TN
0,0,1.0,TN
0,0,0.9999997802922114,TN
0,0,1.0,TN
0,0,1.0,TN
0,0,1.0,TN
0,0,0.9992738167010458,TN
0,0,1.0,TN
0,0,0.9999980163674184,TN
0,0,0.9986473909535372,TN
0,0,1.0,TN
0,0,0.983501078138143,TN
0,0,0.9999980163674184,TN
0,0,1.0,TN
0,0,1.0,TN
0,0,0.9999958847736626,TN
0,0,1.0,TN
0,0,1.0,TN
0,0,1.0,TN
0,0,0.9999989721715445,TN
0,0,0.9999948953547728,TN
0,0,1.0,TN
0,0,0.999979265191078,TN
0,0,1.0,TN
0,0,1.0,TN
0,0,0.9999943533158857,TN
0,0,1.0,TN
0,0,1.0,TN
0,0,0.9999886826537445,TN
0,0,1.0,TN
0,0,1.0,TN
0,0,1.0,TN
0,0,1.0,TN
0,0,1.0,TN
0,0,0.9999886826537445,TN
0,0,1.0,TN
0,0,1.0,TN
0,0,1.0,TN
0,0,0.9999279632248305,TN
0,0,0.9999548161430496,TN
0,0,1.0,TN
0,0,1.0,TN
0,0,0.9961469740008552,TN
0,0,0.9999921649310256,TN
0,0,1.0,TN
0,0,1.0,TN
0,0,1.0,TN
0,0,0.9999718461050365,TN
0,0,0.9994835616892067,TN
0,0,1.0,TN
0,0,1.0,TN
0,0,1.0,TN
0,0,1.0,TN
0,0,1.0,TN
0,0,0.9999963815968013,TN
0,0,0.9999997802922114,TN
0,0,0.99999972081856,TN
0,0,0.9492354507080464,TN
0,0,0.9999858844623511,TN
0,0,0.9998212272416248,TN
0,0,1.0,TN
0,0,0.9999781539267354,TN
0,0,0.9999980163674184,TN
0,0,0.9991300886354114,TN
0,0,0.8876462744990653,TN
0,0,1.0,TN
0,0,1.0,TN
0,0,1.0,TN
0,0,0.9993535716986086,TN
0,0,1.0,TN
0,0,0.9999952174305775,TN
0,0,1.0,TN
0,0,0.9995352125641864,TN
0,0,0.9999993984874616,TN
0,0,0.9996886062950643,TN
0,0,0.9999943533158857,TN
0,0,0.99999972081856,TN
0,0,1.0,TN
0,0,0.9989450968401304,TN
0,0,1.0,TN
0,0,1.0,TN
0,0,1.0,TN
0,0,0.9999982955488583,TN
0,0,0.9999954227356759,TN
0,0,0.9999997802922114,TN
0,0,1.0,TN
0,0,1.0,TN
0,0,1.0,TN
0,0,1.0,TN
0,0,0.9999963815968013,TN
0,0,0.9999227147669498,TN
0,0,0.9997959183673469,TN
0,0,1.0,TN
0,0,0.9999963815968013,TN
0,0,0.9999982955488583,TN
0,0,1.0,TN
0,0,1.0,TN
0,0,1.0,TN
0,0,0.9999963815968013,TN
0,0,1.0,TN
0,0,1.0,TN
0,0,1.0,TN
0,0,0.9518300863223412,TN
0,0,0.9999964428835973,TN
0,0,1.0,TN
0,0,1.0,TN
0,0,1.0,TN
0,0,1.0,TN
0,0,1.0,TN
0,0,0.9989450968401304,TN
0,0,1.0,TN
0,0,0.9972433651613534,TN
0,0,1.0,TN
0,0,1.0,TN
0,0,0.9997153004143757,TN
0,0,1.0,TN
0,0,0.9998251426440754,TN
0,0,0.999975212146223,TN
0,0,0.999495942218887,TN
0,0,0.9999986929901046,TN
0,0,1.0,TN
0,0,1.0,TN
0,0,1.0,TN
0,0,0.9999823969152735,TN
0,0,0.999920130196484,TN
0,0,0.9999640347664206,TN
0,0,0.9999963815968013,TN
0,0,1.0,TN
0,0,0.9991975545888363,TN
0,0,1.0,TN
0,0,1.0,TN
0,0,0.9988439372155353,TN
0,0,0.9999961618890127,TN
0,0,0.9999804608671724,TN
0,0,0.9999762741318174,TN
0,0,1.0,TN
0,0,1.0,TN
0,0,0.9999070055796652,TN
0,0,1.0,TN
0,0,1.0,TN
0,0,1.0,TN
0,0,0.9989040718616448,TN
0,0,0.9998589291530899,TN
0,0,1.0,TN
0,0,1.0,TN
0,0,0.99999972081856,TN
0,0,0.999979265191078,TN
0,0,0.9999667330647306,TN
0,0,1.0,TN
0,0,1.0,TN
0,0,0.9999980163674184,TN
0,0,0.9899759582374534,TN
0,0,0.9999886826537445,TN
0,0,1.0,TN
0,0,1.0,TN
0,0,0.9999545681378581,TN
0,0,1.0,TN
0,0,1.0,TN
0,0,0.9978929567634505,TN
0,0,1.0,TN
0,0,0.9999996776689015,TN
0,0,0.9999963815968013,TN
0,0,1.0,TN
0,0,1.0,TN
0,0,0.9999980163674184,TN
0,0,0.9999916679518459,TN
0,0,0.9994953748772913,TN
0,0,1.0,TN
0,0,0.9999793031946912,TN
0,0,0.9999865610850373,TN
0,0,1.0,TN
0,0,0.9989040718616448,TN
0,0,1.0,TN
0,0,1.0,TN
0,0,0.9999995011107714,TN
0,0,1.0,TN
0,0,1.0,TN
0,0,0.7139877068225071,TN
0,0,1.0,TN
0,0,1.0,TN
0,0,0.9999773242630385,TN
0,0,0.9999922694643842,TN
0,0,1.0,TN
0,0,0.9999990441958738,TN
0,0,0.9999929131117858,TN
0,0,0.9999938997821352,TN
0,0,0.9998009529076373,TN
0,0,0.9999791411042945,TN
0,0,0.9999997802922114,TN
0,0,1.0,TN
0,0,0.9998661032806385,TN
0,0,0.9999793031946912,TN
0,0,0.9999516574585635,TN
0,0,0.9996718480138169,TN
0,0,0.9188941992206976,TN
0,0,0.9999995011107714,TN
0,0,1.0,TN
0,0,1.0,TN
0,0,0.999947085607434,TN
0,0,1.0,TN
0,0,0.9999919440393654,TN
0,0,1.0,TN
0,0,1.0,TN
0,0,1.0,TN
0,0,0.9999791411042945,TN
0,0,1.0,TN
0,0,1.0,TN
0,0,1.0,TN
0,0,0.9998910104776418,TN
0,0,1.0,TN
0,0,0.999985741444867,TN
0,0,0.9998680368621148,TN
0,0,0.9999379988358124,TN
0,0,0.9999980163674184,TN
0,0,0.99999972081856,TN
0,0,0.99999972081856,TN
0,0,1.0,TN
0,0,1.0,TN
0,0,1.0,TN
0,0,0.9999993233773138,TN
0,0,0.9999961618890127,TN
0,0,0.9999886826537445,TN
0,0,1.0,TN
0,0,1.0,TN
0,0,0.999920130196484,TN
0,0,1.0,TN
0,0,1.0,TN
0,0,1.0,TN
0,0,1.0,TN
0,0,1.0,TN
0,0,1.0,TN
0,0,0.9999993233773138,TN
0,0,0.9999995011107714,TN
0,0,0.9999986929901046,TN
0,0,0.9999957800842628,TN
0,0,1.0,TN
0,0,1.0,TN
0,0,1.0,TN
0,0,0.999994651090012,TN
0,0,1.0,TN
0,0,1.0,TN
0,0,1.0,TN
0,0,0.99999972081856,TN
0,0,0.9999921649310256,TN
0,0,0.9999963815968013,TN
0,0,1.0,TN
0,0,1.0,TN
0,0,0.99999972081856,TN
0,0,0.7651656129939368,TN
0,0,0.9999993233773138,TN
0,0,0.999002528563845,TN
0,0,0.9999996776689015,TN
0,0,1.0,TN
0,0,1.0,TN
0,0,1.0,TN
0,0,1.0,TN
0,0,1.0,TN
0,0,0.9999847514652539,TN
0,0,1.0,TN
0,0,0.9999764171955186,TN
0,0,1.0,TN
0,0,1.0,TN
0,0,0.999286682349861,TN
0,0,0.9997977481886156,TN
0,0,1.0,TN
0,0,1.0,TN
0,0,1.0,TN
0,0,1.0,TN
0,0,1.0,TN
0,0,1.0,TN
0,0,1.0,TN
0,0,1.0,TN
0,0,1.0,TN
0,0,0.9949220084792058,TN
0,0,1.0,TN
0,0,1.0,TN
0,0,0.9999919902829444,TN
0,0,0.9999958847736626,TN
0,0,0.9836624938870219,TN
0,0,1.0,TN
0,0,1.0,TN
0,0,0.9999640347664206,TN
0,0,1.0,TN
0,0,0.99999972081856,TN
0,0,1.0,TN
0,0,0.9999699663101186,TN
0,0,1.0,TN
0,0,1.0,TN
0,0,0.9997107444120162,TN
0,0,1.0,TN
0,0,0.9999994579611129,TN
0,0,0.9998709166766229,TN
0,0,1.0,TN
0,0,1.0,TN
0,0,0.9999788305494216,TN
0,0,1.0,TN
0,0,1.0,TN
0,0,0.9999980664185237,TN
0,0,1.0,TN
0,0,0.9998157477480143,TN
0,0,1.0,TN
0,0,1.0,TN
0,0,1.0,TN
0,0,1.0,TN
0,0,0.9999963815968013,TN
0,0,1.0,TN
0,0,0.99999972081856,TN
0,0,0.9999885754291192,TN
0,0,1.0,TN
0,0,0.9999963815968013,TN
0,0,0.9999632842234664,TN
0,0,1.0,TN
0,0,1.0,TN
0,0,1.0,TN
0,0,1.0,TN
0,0,0.99999972081856,TN
0,0,0.9834220467118518,TN
0,0,1.0,TN
0,0,0.9999865610850373,TN
0,0,0.9998989288819149,TN
0,0,0.9999087275018408,TN
0,0,1.0,TN
0,0,0.9999996776689015,TN
0,0,0.9999989721715445,TN
0,0,0.9990612470210837,TN
0,0,1.0,TN
0,0,1.0,TN
0,0,0.9999963815968013,TN
0,0,1.0,TN
0,0,1.0,TN
0,0,1.0,TN
0,0,1.0,TN
0,0,1.0,TN
0,0,1.0,TN
0,0,1.0,TN
0,0,0.9996637898245835,TN
0,0,1.0,TN
0,0,0.9999963815968013,TN
0,0,0.9999982955488583,TN
0,0,1.0,TN
0,0,0.9999627213420317,TN
0,0,0.9998708735269644,TN
0,0,0.9999060036385689,TN
0,0,1.0,TN
0,0,1.0,TN
0,0,0.9999986929901046,TN
0,0,1.0,TN
0,0,1.0,TN
0,0,1.0,TN
0,0,1.0,TN
0,0,0.9999993233773138,TN
0,0,1.0,TN
0,0,1.0,TN
0,0,0.9999986929901046,TN
0,0,0.9999872399628285,TN
0,0,0.9999963815968013,TN
0,0,1.0,TN
0,0,0.9999961618890127,TN
0,0,1.0,TN
0,0,1.0,TN
0,0,1.0,TN
0,0,0.9999660688317984,TN
0,0,0.9999980163674184,TN
0,0,1.0,TN
0,0,1.0,TN
0,0,0.9999805276871586,TN
0,0,0.9998784427550084,TN
0,0,0.9975883946477547,TN
0,0,0.9999723443945663,TN
0,0,0.9999960592657028,TN
0,0,0.9999482285899398,TN
0,0,0.9999993233773138,TN
0,0,1.0,TN
0,0,1.0,TN
0,0,1.0,TN
0,0,1.0,TN
0,0,0.9999556861989692,TN
0,0,1.0,TN
0,0,1.0,TN
0,0,0.9849936853562893,TN
0,0,0.9999850811403753,TN
0,0,1.0,TN
0,0,1.0,TN
0,0,1.0,TN
0,0,0.9999748061701684,TN
0,0,1.0,TN
0,0,0.9999993984874616,TN
0,0,0.9999793031946912,TN
0,0,0.9999997802922114,TN
0,0,1.0,TN
0,0,0.9999980163674184,TN
0,0,0.9999865610850373,TN
0,0,1.0,TN
0,0,0.9999874256949545,TN
0,0,1.0,TN
0,0,1.0,TN
0,0,0.9999982955488583,TN
0,0,0.9999982955488583,TN
0,0,1.0,TN
0,0,1.0,TN
0,0,1.0,TN
0,0,1.0,TN
0,0,0.999994197282656,TN
0,0,0.9979404982938014,TN
0,0,0.9999958827075727,TN
0,0,1.0,TN
0,0,1.0,TN
0,0,1.0,TN
0,0,0.9999823969152735,TN
0,0,1.0,TN
0,0,1.0,TN
0,0,0.9999980163674184,TN
0,0,1.0,TN
0,0,1.0,TN
0,0,1.0,TN
0,0,0.99999972081856,TN
0,0,0.9999711313872389,TN
0,0,0.9875131753479743,TN
0,0,1.0,TN
0,0,0.9999879165855147,TN
0,0,0.9999980664185237,TN
0,0,1.0,TN
0,0,0.9999982955488583,TN
0,0,0.9997878487208957,TN
0,0,1.0,TN
0,0,0.9999990441958738,TN
0,0,0.9999963815968013,TN
0,0,0.9999958847736626,TN
0,0,0.9999997802922114,TN
0,0,1.0,TN
0,0,1.0,TN
0,0,1.0,TN
0,0,1.0,TN
0,0,1.0,TN
0,0,0.9989162650426145,TN
0,0,1.0,TN
0,0,0.9999980664185237,TN
0,0,0.9999986929901046,TN
0,0,0.9984230787351465,TN
0,0,1.0,TN
0,0,0.9999826166230619,TN
0,0,1.0,TN
0,0,0.9999886826537445,TN
0,0,1.0,TN
0,0,1.0,TN
0,0,0.992906610703043,TN
0,0,1.0,TN
0,0,0.9999788619228545,TN
0,0,0.9963830695197485,TN
0,0,0.9999990441958738,TN
0,0,1.0,TN
0,0,1.0,TN
0,0,1.0,TN
0,0,0.9999980163674184,TN
0,0,1.0,TN
0,0,1.0,TN
0,0,1.0,TN
0,0,1.0,TN
0,0,0.9999933177413967,TN
0,0,1.0,TN
0,0,1.0,TN
0,0,1.0,TN
0,0,1.0,TN
0,0,1.0,TN
0,0,0.9999890603051331,TN
0,0,1.0,TN
0,0,1.0,TN
0,0,1.0,TN
0,0,1.0,TN
0,0,1.0,TN
0,0,0.9977162091691539,TN
0,0,1.0,TN
0,0,1.0,TN
0,0,0.9997627044035653,TN
0,0,0.9999865610850373,TN
0,0,1.0,TN
0,0,0.9999943979642196,TN
0,0,1.0,TN
0,0,1.0,TN
0,0,0.9999858844623511,TN
0,0,1.0,TN
0,0,1.0,TN
0,0,0.9999886826537445,TN
0,0,0.9677920096370134,TN
0,0,1.0,TN
0,0,0.99999972081856,TN
0,0,0.9999627213420317,TN
0,0,1.0,TN
0,0,0.9896071101366366,TN
0,0,0.9999886826537445,TN
0,0,1.0,TN
0,0,1.0,TN
0,0,1.0,TN
0,0,1.0,TN
0,0,1.0,TN
0,0,0.9999982955488583,TN
0,0,1.0,TN
0,0,1.0,TN
0,0,0.9997672591775122,TN
0,0,1.0,TN
0,0,0.999750357532163,TN
0,0,1.0,TN
0,0,1.0,TN
0,0,0.9999982955488583,TN
0,0,0.9999990441958738,TN
0,0,0.9999986929901046,TN
0,0,0.9999321322296163,TN
0,0,0.9999886826537445,TN
0,0,0.9999996776689015,TN
0,0,1.0,TN
0,0,0.9999996776689015,TN
0,0,0.9999997802922114,TN
0,0,1.0,TN
0,0,0.9988926006721341,TN
0,0,1.0,TN
0,0,0.733690856828987,TN
0,0,0.9999355614219472,TN
0,0,1.0,TN
0,0,1.0,TN
0,0,0.9999633726872851,TN
0,0,1.0,TN
0,0,0.9999943921296526,TN
0,0,0.99999972081856,TN
0,0,1.0,TN
0,0,1.0,TN
0,0,1.0,TN
0,0,0.9997180906945008,TN
0,0,0.9981709053414266,TN
0,0,1.0,TN
0,0,1.0,TN
0,0,1.0,TN
0,0,1.0,TN
0,0,1.0,TN
0,0,0.999996853846083,TN
0,0,0.9998963818506879,TN
0,0,1.0,TN
0,0,1.0,TN
0,0,1.0,TN
0,0,0.9999968106964245,TN
0,0,1.0,TN
0,0,1.0,TN
0,0,0.9999865610850373,TN
0,0,0.9999986929901046,TN
0,0,1.0,TN
0,0,1.0,TN
0,0,1.0,TN
0,0,0.99999972081856,TN
0,0,0.9999908354750434,TN
0,0,0.9999918962722854,TN
0,0,1.0,TN
0,0,0.9999905028747256,TN
0,0,0.99999972081856,TN
0,0,0.9998663064398806,TN
0,0,1.0,TN
0,0,1.0,TN
0,0,1.0,TN
0,0,1.0,TN
0,0,1.0,TN
0,0,0.9797558506782376,TN
0,0,1.0,TN
0,0,1.0,TN
0,0,0.9999997802922114,TN
0,0,1.0,TN
0,0,0.9999793031946912,TN
0,0,0.9999826166230619,TN
0,0,0.9999667979372654,TN
0,0,1.0,TN
0,0,0.9999982955488583,TN
0,0,0.9999858844623511,TN
0,0,0.9953953630995346,TN
0,0,1.0,TN
0,0,0.9999628364607491,TN
0,0,1.0,TN
0,0,1.0,TN
0,0,1.0,TN
0,0,0.9999989798520785,TN
0,0,0.9999487951807228,TN
0,0,1.0,TN
0,0,0.9999997802922114,TN
0,0,1.0,TN
0,0,1.0,TN
0,0,0.9999788305494216,TN
0,0,0.9999899059146473,TN
0,0,0.9999807963150961,TN
0,0,1.0,TN
0,0,1.0,TN
0,0,1.0,TN
0,0,0.9999963815968013,TN
0,0,1.0,TN
0,0,1.0,TN
0,0,0.9675515624618434,TN
0,0,1.0,TN
0,0,0.9999958358302361,TN
0,0,1.0,TN
0,0,1.0,TN
0,0,1.0,TN
0,0,0.9999821770241115,TN
0,0,1.0,TN
0,0,1.0,TN
0,0,0.999991074393189,TN
0,0,1.0,TN
0,0,1.0,TN
0,0,1.0,TN
0,0,1.0,TN
0,0,1.0,TN
0,0,0.9999995011107714,TN
0,0,0.9999943921296526,TN
0,0,1.0,TN
0,0,1.0,TN
0,0,1.0,TN
0,0,1.0,TN
0,0,1.0,TN
0,0,0.9999989721715445,TN
0,0,1.0,TN
0,0,0.9999986929901046,TN
0,0,1.0,TN
0,0,0.9999995011107714,TN
0,0,0.9998470137812493,TN
0,0,1.0,TN
0,0,1.0,TN
0,0,1.0,TN
0,0,1.0,TN
0,0,1.0,TN
0,0,0.9989625579219827,TN
0,0,0.9999938997821352,TN
0,0,1.0,TN
0,0,0.9999759949503775,TN
0,0,1.0,TN
0,0,1.0,TN
0,0,1.0,TN
0,0,0.9999989721715445,TN
0,0,1.0,TN
0,0,1.0,TN
0,0,1.0,TN
0,0,0.9998711958580628,TN
0,0,1.0,TN
0,0,1.0,TN
0,0,0.99999972081856,TN
0,0,0.9994078539828348,TN
0,0,0.9999993233773138,TN
0,0,1.0,TN
0,0,1.0,TN
0,0,1.0,TN
0,0,0.9999943979642196,TN
0,0,0.9999961618890127,TN
0,0,0.9999954257926751,TN
0,0,0.9999963815968013,TN
0,0,1.0,TN
0,0,0.9999788305494216,TN
0,0,1.0,TN
0,0,0.9999937796203292,TN
0,0,0.9999986929901046,TN
0,0,0.9995892805551782,TN
0,0,0.9982959767385018,TN
0,0,1.0,TN
0,0,0.9999621011849443,TN
0,0,1.0,TN
0,0,1.0,TN
0,0,1.0,TN
0,0,0.9999865610850373,TN
0,0,0.9999640347664206,TN
0,0,0.9999728332825956,TN
0,0,1.0,TN
0,0,0.9998765432098764,TN
0,0,1.0,TN
0,0,0.9999911866808125,TN
0,0,0.9999980163674184,TN
0,0,0.9989625579219827,TN
0,0,1.0,TN
0,0,1.0,TN
0,0,1.0,TN
0,0,1.0,TN
0,0,1.0,TN
0,0,1.0,TN
0,0,0.9999940968122786,TN
0,0,1.0,TN
0,0,0.999495942218887,TN
0,0,1.0,TN
0,0,0.9999762965140352,TN
0,0,1.0,TN
0,0,1.0,TN
0,0,0.9999986929901046,TN
0,0,0.9999963815968013,TN
0,0,0.99999972081856,TN
0,0,0.9999997802922114,TN
0,0,0.9999943979642196,TN
0,0,1.0,TN
0,0,1.0,TN
0,0,0.9999986929901046,TN
0,0,1.0,TN
0,0,1.0,TN
0,0,1.0,TN
0,0,1.0,TN
0,0,1.0,TN
0,0,0.9999961618890127,TN
0,0,1.0,TN
0,0,0.9999993984874616,TN
0,0,1.0,TN
0,0,1.0,TN
0,0,0.9997627044035653,TN
0,0,1.0,TN
0,0,0.9999961618890127,TN
0,0,0.9999963815968013,TN
0,0,0.9999997802922114,TN
0,0,0.9999963815968013,TN
0,0,1.0,TN
0,0,1.0,TN
0,0,1.0,TN
0,0,1.0,TN
0,0,0.9999788305494216,TN
0,0,1.0,TN
0,0,0.9999151709422643,TN
0,0,1.0,TN
0,0,1.0,TN
0,0,1.0,TN
0,0,1.0,TN
0,0,1.0,TN
0,0,1.0,TN
0,0,0.9999996776689015,TN
0,0,1.0,TN
0,0,1.0,TN
0,0,0.999996853846083,TN
0,0,0.9899865610850372,TN
0,0,0.99999359792305,TN
0,0,1.0,TN
0,0,1.0,TN
0,0,0.9999943533158857,TN
0,0,0.9992773645058449,TN
0,0,1.0,TN
0,0,1.0,TN
0,0,1.0,TN
0,0,0.9999989721715445,TN
0,0,0.99999972081856,TN
0,0,1.0,TN
0,0,1.0,TN
0,0,1.0,TN
0,0,0.9978936370026787,TN
0,0,0.9994835616892067,TN
0,0,1.0,TN
0,0,1.0,TN
0,0,0.9999995011107714,TN
0,0,0.9997991284216261,TN
0,0,1.0,TN
0,0,1.0,TN
0,0,1.0,TN
0,0,1.0,TN
0,0,0.9999980163674184,TN
0,0,0.9999865610850373,TN
0,0,0.9999819738621001,TN
0,0,1.0,TN
0,0,0.999975212146223,TN
0,0,0.99999972081856,TN
0,0,1.0,TN
0,0,0.9999995011107714,TN
0,0,0.9999982955488583,TN
0,0,1.0,TN
0,0,1.0,TN
0,0,0.9834220467118518,TN
0,0,1.0,TN
0,0,0.9999640347664206,TN
0,0,1.0,TN
0,0,1.0,TN
0,0,0.9999961024153613,TN
0,0,0.9999399759903962,TN
0,0,0.9994529457688198,TN
0,0,1.0,TN
0,0,0.9999920466626753,TN
0,0,1.0,TN
0,0,0.9997680471388193,TN
0,0,0.9999943921296526,TN
0,0,1.0,TN
0,0,1.0,TN
0,0,0.9999899059146473,TN
0,0,0.9973845424055772,TN
0,0,0.99999972081856,TN
0,0,0.99999972081856,TN
0,0,1.0,TN
0,0,1.0,TN
0,0,1.0,TN
0,0,0.9999704163404641,TN
0,0,1.0,TN
0,0,0.9999899059146473,TN
0,0,0.9993790320724821,TN
0,0,1.0,TN
0,0,1.0,TN
0,0,1.0,TN
0,0,0.9990884076607294,TN
0,0,1.0,TN
0,0,0.9999963815968013,TN
0,0,1.0,TN
0,0,1.0,TN
0,0,1.0,TN
0,0,1.0,TN
0,0,1.0,TN
0,0,0.9999933177413967,TN
0,0,0.9999886826537445,TN
0,0,1.0,TN
0,0,1.0,TN
0,0,0.9999865610850373,TN
0,0,1.0,TN
0,0,1.0,TN
0,0,0.9999963815968013,TN
0,0,0.9998414553933145,TN
0,0,0.9999993233773138,TN
0,0,1.0,TN
0,0,1.0,TN
0,0,1.0,TN
0,0,1.0,TN
0,0,1.0,TN
0,0,0.9794769102861831,TN
0,0,0.99999359792305,TN
0,0,0.9985568177735615,TN
0,0,0.9999868844715268,TN
0,0,0.99999972081856,TN
0,0,0.9992970212744805,TN
0,0,1.0,TN
0,0,1.0,TN
0,0,0.9999963815968013,TN
0,0,0.99999972081856,TN
0,0,0.9999765087477036,TN
0,0,0.9947083173313536,TN
0,0,0.9999684377893854,TN
0,0,1.0,TN
0,0,0.9999963815968013,TN
0,0,1.0,TN
0,0,1.0,TN
0,0,0.9999982955488583,TN
0,0,1.0,TN
0,0,0.9999865610850373,TN
0,0,1.0,TN
0,0,0.9991229355086901,TN
0,0,0.9999980163674184,TN
0,0,1.0,TN
0,0,1.0,TN
0,0,1.0,TN
0,0,0.98875536511311,TN
0,0,0.9999993233773138,TN
0,0,1.0,TN
0,0,1.0,TN
0,0,1.0,TN
0,0,0.9976951060748915,TN
0,0,1.0,TN
0,0,0.9998568544833912,TN
0,0,0.9999990441958738,TN
0,0,1.0,TN
0,0,1.0,TN
0,0,1.0,TN
0,0,1.0,TN
0,0,1.0,TN
0,0,0.99999972081856,TN
0,0,0.9999960592657028,TN
0,0,0.999475656318707,TN
0,0,0.99999972081856,TN
0,0,1.0,TN
0,0,1.0,TN
0,0,1.0,TN
0,0,0.9999982955488583,TN
0,0,0.9998251426440754,TN
0,0,1.0,TN
0,0,0.999983147558899,TN
0,0,0.9999919902829444,TN
0,0,1.0,TN
0,0,1.0,TN
0,0,0.9994835616892067,TN
0,0,1.0,TN
0,0,1.0,TN
0,0,1.0,TN
0,0,0.9999963815968013,TN
0,0,1.0,TN
0,0,1.0,TN
0,0,1.0,TN
0,0,0.9986102781291835,TN
0,0,1.0,TN
0,0,1.0,TN
0,0,0.99999972081856,TN
0,0,1.0,TN
0,0,0.9999826166230619,TN
0,0,0.9999858844623511,TN
0,0,1.0,TN
0,0,0.9990837526474904,TN
0,0,0.9999248078688003,TN
0,0,1.0,TN
0,0,0.9999961024153613,TN
0,0,0.9999990441958738,TN
0,0,0.9999788305494216,TN
0,0,0.9760119689641975,TN
0,0,1.0,TN
0,0,1.0,TN
0,0,0.9999994579611129,TN
0,0,0.9999922663704639,TN
0,0,1.0,TN
0,0,0.9999986929901046,TN
0,0,0.9999890603051331,TN
0,0,0.9999963815968013,TN
0,0,0.999979265191078,TN
0,0,1.0,TN
0,0,1.0,TN
0,0,0.9999788305494216,TN
0,0,1.0,TN
0,0,1.0,TN
0,0,1.0,TN
0,0,1.0,TN
0,0,0.99999972081856,TN
0,0,1.0,TN
0,0,1.0,TN
0,0,1.0,TN
0,0,0.9999989798520785,TN
0,0,0.9999791411042945,TN
0,0,1.0,TN
0,0,0.9770446304309095,TN
0,0,1.0,TN
0,0,1.0,TN
0,0,1.0,TN
0,0,1.0,TN
0,0,0.9999980163674184,TN
0,0,1.0,TN
0,0,1.0,TN
0,0,0.9999982955488583,TN
0,0,1.0,TN
0,0,0.9997994388058483,TN
0,0,0.9999963815968013,TN
0,0,1.0,TN
0,0,1.0,TN
0,0,0.9979186418889308,TN
0,0,1.0,TN
0,0,1.0,TN
0,0,0.9999826166230619,TN
0,0,1.0,TN
0,0,0.9999412861167849,TN
0,0,0.9999829426818385,TN
0,0,0.9999781539267354,TN
0,0,1.0,TN
0,0,1.0,TN
0,0,1.0,TN
0,0,1.0,TN
0,0,1.0,TN
0,0,0.9999712926568103,TN
0,0,0.9999920155940489,TN
0,0,1.0,TN
0,0,0.9838657055821136,TN
0,0,0.9999995011107714,TN
0,0,1.0,TN
0,0,1.0,TN
0,0,0.9998924632352941,TN
0,0,0.9991056584901594,TN
0,0,0.999979265191078,TN
0,0,1.0,TN
0,0,1.0,TN
0,0,1.0,TN
0,0,1.0,TN
0,0,0.997130153289122,TN
0,0,0.9995258028262599,TN
0,0,0.9999865610850373,TN
0,0,0.9999544973262396,TN
0,0,1.0,TN
0,0,0.9999963815968013,TN
0,0,1.0,TN
0,0,1.0,TN
0,0,0.9999963815968013,TN
0,0,0.9999922694643842,TN
0,0,1.0,TN
0,0,0.9999958847736626,TN
0,0,1.0,TN
0,0,1.0,TN
0,0,0.9999986929901046,TN
0,0,0.9984821146328574,TN
0,0,1.0,TN
0,0,1.0,TN
0,0,1.0,TN
0,0,1.0,TN
0,0,1.0,TN
0,0,0.9998711958580628,TN
0,0,1.0,TN
0,0,0.999997773979479,TN
0,0,0.9999706955219041,TN
0,0,1.0,TN
0,0,1.0,TN
0,0,1.0,TN
0,0,0.9999826166230619,TN
0,0,1.0,TN
0,0,0.9999993233773138,TN
0,0,0.9999980163674184,TN
0,0,1.0,TN
0,0,0.9999890603051331,TN
0,0,0.99999972081856,TN
0,0,1.0,TN
0,0,0.9997488433575676,TN
0,0,1.0,TN
0,0,0.9999997802922114,TN
0,0,0.9999640347664206,TN
0,0,0.9999995011107714,TN
0,0,0.9996255470975476,TN
0,0,1.0,TN
0,0,1.0,TN
0,0,1.0,TN
0,0,1.0,TN
0,0,0.9999989721715445,TN
0,0,0.9998413573035962,TN
0,0,0.9991011328468496,TN
0,0,0.9999990441958738,TN
0,0,0.9999995011107714,TN
0,0,0.999983147558899,TN
0,0,1.0,TN
0,0,1.0,TN
0,0,1.0,TN
0,0,1.0,TN
0,0,1.0,TN
0,0,0.99999972081856,TN
0,0,0.9754942768745813,TN
0,0,1.0,TN
0,0,0.9997991284216261,TN
0,0,1.0,TN
0,0,0.9999980163674184,TN
0,0,1.0,TN
0,0,1.0,TN
0,0,1.0,TN
0,0,0.9999819738621001,TN
0,0,1.0,TN
0,0,0.9999993984874616,TN
0,0,0.9999993233773138,TN
0,0,1.0,TN
0,0,1.0,TN
0,0,1.0,TN
0,0,0.9999640347664206,TN
0,0,1.0,TN
0,0,1.0,TN
0,0,1.0,TN
0,0,1.0,TN
0,0,1.0,TN
0,0,1.0,TN
0,0,1.0,TN
0,0,0.9999919902829444,TN
0,0,1.0,TN
0,0,1.0,TN
0,0,1.0,TN
0,0,0.9994792747219057,TN
0,0,1.0,TN
0,0,0.9999819738621001,TN
0,0,1.0,TN
0,0,0.9995352125641864,TN
0,0,1.0,TN
0,0,0.9999805276871586,TN
0,0,1.0,TN
0,0,1.0,TN
0,0,1.0,TN
0,0,1.0,TN
0,0,0.9999997802922114,TN
0,0,1.0,TN
0,0,1.0,TN
0,0,1.0,TN
0,0,0.9999989798520785,TN
0,0,1.0,TN
0,0,1.0,TN
0,0,1.0,TN
0,0,1.0,TN
0,0,1.0,TN
0,0,0.9997991284216261,TN
0,0,1.0,TN
0,0,1.0,TN
0,0,1.0,TN
0,0,1.0,TN
0,0,1.0,TN
0,0,0.9994835616892067,TN
0,0,1.0,TN
0,0,1.0,TN
0,0,0.9999990441958738,TN
0,0,0.9999938997821352,TN
0,0,1.0,TN
0,0,1.0,TN
0,0,1.0,TN
0,0,0.99999972081856,TN
0,0,0.9999060036385689,TN
0,0,0.9999997802922114,TN
0,0,1.0,TN
0,0,1.0,TN
0,0,1.0,TN
0,0,1.0,TN
0,0,1.0,TN
0,0,0.9999996776689015,TN
0,0,1.0,TN
0,0,1.0,TN
0,0,0.9999938997821352,TN
0,0,1.0,TN
0,0,1.0,TN
0,0,1.0,TN
0,0,1.0,TN
0,0,1.0,TN
0,0,0.9999235506476958,TN
0,0,1.0,TN
0,0,1.0,TN
0,0,0.9999918460388529,TN
0,0,1.0,TN
0,0,0.9977427165488132,TN
0,0,0.9999626858048484,TN
0,0,0.9999826166230619,TN
0,0,0.9999982955488583,TN
0,0,0.9999805276871586,TN
0,0,1.0,TN
0,0,1.0,TN
0,0,1.0,TN
0,0,0.9999997802922114,TN
0,0,1.0,TN
0,0,0.9999954227356759,TN
0,0,1.0,TN
0,0,0.9998706969688342,TN
0,0,1.0,TN
0,0,1.0,TN
0,0,1.0,TN
0,0,1.0,TN
0,0,0.9990056719485783,TN
0,0,1.0,TN
0,0,1.0,TN
0,0,0.9999773242630385,TN
0,0,1.0,TN
0,0,1.0,TN
0,0,1.0,TN
0,0,1.0,TN
0,0,1.0,TN
0,0,0.9989788249877735,TN
0,0,0.9999993233773138,TN
0,0,0.99999972081856,TN
0,0,1.0,TN
0,0,1.0,TN
0,0,1.0,TN
0,0,0.9999961024153613,TN
0,0,1.0,TN
0,0,1.0,TN
0,0,0.9999220637779602,TN
0,0,0.999975212146223,TN
0,0,1.0,TN
0,0,0.99999972081856,TN
0,0,0.9999986929901046,TN
0,0,0.9998467940734606,TN
0,0,1.0,TN
0,0,0.999979265191078,TN
0,0,1.0,TN
0,0,0.9998963818506879,TN
0,0,1.0,TN
0,0,0.9999993233773138,TN
0,0,1.0,TN
0,0,0.98,TN
0,0,1.0,TN
0,0,1.0,TN
0,0,1.0,TN
0,0,0.9999982955488583,TN
0,0,1.0,TN
0,0,0.9999963815968013,TN
0,0,1.0,TN
0,0,1.0,TN
0,0,0.9882082469736703,TN
0,0,1.0,TN
0,0,1.0,TN
0,0,0.9999963815968013,TN
0,0,0.9999958847736626,TN
0,0,0.9999997802922114,TN
0,0,1.0,TN
0,0,0.9997436120993619,TN
0,0,1.0,TN
0,0,0.9999919440393654,TN
0,0,1.0,TN
0,0,0.998125,TN
0,0,0.9999963815968013,TN
0,0,1.0,TN
0,0,0.9998968048019711,TN
0,0,1.0,TN
0,0,0.9999321322296163,TN
0,0,1.0,TN
0,0,1.0,TN
0,0,0.9997991284216261,TN
0,0,1.0,TN
0,0,0.9999279787483465,TN
0,0,1.0,TN
0,0,1.0,TN
0,0,1.0,TN
0,0,0.999993620600695,TN
0,0,1.0,TN
0,0,0.9999958395579143,TN
0,0,1.0,TN
0,0,1.0,TN
0,0,1.0,TN
0,0,0.9999963815968013,TN
0,0,1.0,TN
0,0,1.0,TN
0,0,1.0,TN
0,0,1.0,TN
0,0,0.9989909143439291,TN
0,0,1.0,TN
0,0,1.0,TN
0,0,1.0,TN
0,0,1.0,TN
0,0,0.9994835616892067,TN
0,0,0.9999946771456597,TN
0,0,0.99999972081856,TN
0,0,0.9999980163674184,TN
0,0,0.9999733226928257,TN
0,0,1.0,TN
0,0,1.0,TN
0,0,0.9999938997821352,TN
0,0,0.999877664180455,TN
0,0,0.9999919902829444,TN
0,0,1.0,TN
0,0,1.0,TN
0,0,1.0,TN
0,0,1.0,TN
0,0,1.0,TN
0,0,1.0,TN
0,0,1.0,TN
0,0,1.0,TN
0,0,1.0,TN
0,0,0.9997650556473684,TN
0,0,0.9998157477480143,TN
0,0,1.0,TN
0,0,0.9994394871530048,TN
0,0,1.0,TN
0,0,0.9999788305494216,TN
0,0,0.9770398273923422,TN
0,0,1.0,TN
0,0,0.9984473423402804,TN
0,0,1.0,TN
0,0,0.9998705943455244,TN
0,0,1.0,TN
0,0,0.9998703746377358,TN
0,0,1.0,TN
0,0,1.0,TN
0,0,0.9899963815968014,TN
0,0,0.9998968048019711,TN
0,0,0.99999972081856,TN
0,0,1.0,TN
0,0,1.0,TN
0,0,0.9999980664185237,TN
0,0,0.8361758650704529,TN
0,0,0.9921263608178301,TN
0,0,0.9999081109865446,TN
0,0,0.9999781539267354,TN
0,0,1.0,TN
0,0,1.0,TN
0,0,0.99999972081856,TN
0,0,1.0,TN
0,0,1.0,TN
0,0,0.9992849400980485,TN
0,0,1.0,TN
0,0,0.9999704163404641,TN
0,0,1.0,TN
0,0,0.9999997802922114,TN
0,0,1.0,TN
0,0,1.0,TN
0,0,1.0,TN
0,0,1.0,TN
0,0,1.0,TN
0,0,0.9999712676842476,TN
0,0,1.0,TN
0,0,1.0,TN
0,0,1.0,TN
0,0,1.0,TN
0,0,0.9995361004523727,TN
0,0,0.99999972081856,TN
0,0,0.9999958847736626,TN
0,0,0.9854697530079898,TN
0,0,1.0,TN
0,0,1.0,TN
0,0,1.0,TN
0,0,1.0,TN
0,0,0.99999972081856,TN
0,0,1.0,TN
0,0,1.0,TN
0,0,1.0,TN
0,0,1.0,TN
0,0,0.998555720965494,TN
0,0,1.0,TN
0,0,0.9999980163674184,TN
0,0,0.9999784522699248,TN
0,0,0.9999921649310256,TN
0,0,1.0,TN
0,0,1.0,TN
0,0,0.9999890603051331,TN
0,0,0.9999993233773138,TN
0,0,0.9999963815968013,TN
0,0,1.0,TN
0,0,1.0,TN
0,0,1.0,TN
0,0,1.0,TN
0,0,0.9999921649310256,TN
0,0,0.9786627721449621,TN
0,0,1.0,TN
0,0,1.0,TN
0,0,1.0,TN
0,0,1.0,TN
0,0,0.9999996776689015,TN
0,0,1.0,TN
0,0,0.9997680471388193,TN
0,0,0.9999963815968013,TN
0,0,1.0,TN
0,0,1.0,TN
0,0,1.0,TN
0,0,1.0,TN
0,0,1.0,TN
0,0,1.0,TN
0,0,1.0,TN
0,0,1.0,TN
0,0,0.999994651090012,TN
0,0,1.0,TN
0,0,1.0,TN
0,0,0.9999279632248305,TN
0,0,1.0,TN
0,0,0.9999921649310256,TN
0,0,0.999975910760418,TN
0,0,0.9999993233773138,TN
0,0,1.0,TN
0,0,0.9999986929901046,TN
0,0,0.9896363636363636,TN
0,0,1.0,TN
0,0,0.9999918460388529,TN
0,0,1.0,TN
0,0,1.0,TN
0,0,0.9999997802922114,TN
0,0,1.0,TN
0,0,1.0,TN
0,0,0.9999963815968013,TN
0,0,1.0,TN
0,0,1.0,TN
0,0,0.9999980163674184,TN
0,0,0.9999997802922114,TN
0,0,1.0,TN
0,0,1.0,TN
0,0,1.0,TN
0,0,1.0,TN
0,0,1.0,TN
0,0,1.0,TN
0,0,0.999664995697183,TN
0,0,1.0,TN
0,0,0.9999963815968013,TN
0,0,1.0,TN
0,0,1.0,TN
0,0,0.9999989721715445,TN
0,0,1.0,TN
0,0,1.0,TN
0,0,1.0,TN
0,0,1.0,TN
0,0,1.0,TN
0,0,0.9676421969029311,TN
0,0,1.0,TN
0,0,1.0,TN
0,0,0.9999886826537445,TN
0,0,1.0,TN
0,0,0.9997162467961321,TN
0,0,1.0,TN
0,0,1.0,TN
0,0,1.0,TN
0,0,0.99999972081856,TN
0,0,0.9999865610850373,TN
0,0,1.0,TN
0,0,1.0,TN
0,0,1.0,TN
0,0,1.0,TN
0,0,0.9999986929901046,TN
0,0,1.0,TN
0,0,1.0,TN
0,0,0.9999279632248305,TN
0,0,0.9999487951807228,TN
0,0,1.0,TN
0,0,1.0,TN
0,0,0.9989450968401304,TN
0,0,0.9999865610850373,TN
0,0,0.9999640347664206,TN
0,0,1.0,TN
0,0,0.9982149185175547,TN
0,0,0.99999972081856,TN
0,0,1.0,TN
0,0,0.9999982955488583,TN
0,0,0.9997991284216261,TN
0,0,1.0,TN
0,0,0.9999963815968013,TN
0,0,1.0,TN
0,0,0.99999972081856,TN
0,0,1.0,TN
0,0,0.9999996776689015,TN
0,0,0.9999577305716275,TN
0,0,0.9938171262699566,TN
0,0,0.9999886826537445,TN
0,0,0.9999886826537445,TN
0,0,1.0,TN
0,0,1.0,TN
0,0,0.9998680368621148,TN
0,0,1.0,TN
0,0,1.0,TN
0,0,0.9998784427550084,TN
0,0,1.0,TN
0,0,1.0,TN
0,0,0.9984585200629159,TN
0,0,0.9995202305826763,TN
0,0,1.0,TN
0,0,1.0,TN
0,0,1.0,TN
0,0,1.0,TN
0,0,0.9862255417288681,TN
0,0,0.9999633726872851,TN
0,0,0.9999982955488583,TN
0,0,1.0,TN
0,0,1.0,TN
0,0,0.9999074843422924,TN
0,0,0.9865270627521915,TN
0,0,1.0,TN
0,0,1.0,TN
0,0,1.0,TN
0,0,1.0,TN
0,0,0.9999173774094217,TN
0,0,1.0,TN
0,0,1.0,TN
0,0,0.999993692178301,TN
0,0,0.9999982955488583,TN
0,0,0.9999963815968013,TN
0,0,0.999475656318707,TN
0,0,0.9990092473476027,TN
0,0,0.99999972081856,TN
0,0,1.0,TN
0,0,1.0,TN
0,0,0.9999954227356759,TN
0,0,0.9984230787351465,TN
0,0,1.0,TN
0,0,1.0,TN
0,0,1.0,TN
0,0,1.0,TN
0,0,0.9999886826537445,TN
0,0,1.0,TN
0,0,1.0,TN
0,0,1.0,TN
0,0,1.0,TN
0,0,1.0,TN
0,0,1.0,TN
0,0,0.9999802411593838,TN
0,0,1.0,TN
0,0,1.0,TN
0,0,0.9999911866808125,TN
0,0,1.0,TN
0,0,1.0,TN
0,0,1.0,TN
0,0,0.9999821770241115,TN
0,0,1.0,TN
0,0,1.0,TN
0,0,0.9997614884670738,TN
0,0,1.0,TN
0,0,1.0,TN
0,0,1.0,TN
0,0,0.9687373598149174,TN
0,0,1.0,TN
0,0,0.99999972081856,TN
0,0,0.9990291956141526,TN
0,0,1.0,TN
0,0,0.9999961024153613,TN
0,0,1.0,TN
0,0,1.0,TN
0,0,1.0,TN
0,0,0.9999989721715445,TN
0,0,0.9999921649310256,TN
0,0,1.0,TN
0,0,0.9999707386715626,TN
0,0,1.0,TN
0,0,0.9999412861167849,TN
0,0,1.0,TN
0,0,1.0,TN
0,0,1.0,TN
0,0,1.0,TN
0,0,1.0,TN
0,0,0.99999972081856,TN
0,0,1.0,TN
0,0,1.0,TN
0,0,1.0,TN
0,0,1.0,TN
0,0,1.0,TN
0,0,1.0,TN
0,0,1.0,TN
0,0,0.9999989721715445,TN
0,0,1.0,TN
0,0,1.0,TN
0,0,0.99999972081856,TN
0,0,1.0,TN
0,0,0.98,TN
0,0,1.0,TN
0,0,1.0,TN
0,0,0.9999919902829444,TN
0,0,0.9999886826537445,TN
0,0,1.0,TN
0,0,0.9990939424082325,TN
0,0,1.0,TN
0,0,1.0,TN
0,0,0.99999972081856,TN
0,0,1.0,TN
0,0,1.0,TN
0,0,1.0,TN
0,0,1.0,TN
0,0,1.0,TN
0,0,1.0,TN
0,0,1.0,TN
0,0,0.9999982955488583,TN
0,0,0.9996842653884872,TN
0,0,1.0,TN
0,0,1.0,TN
0,0,0.9999995011107714,TN
0,0,1.0,TN
0,0,0.9931521902072896,TN
0,0,1.0,TN
0,0,1.0,TN
0,0,1.0,TN
0,0,1.0,TN
0,0,0.9999865610850373,TN
0,0,0.9999995011107714,TN
0,0,1.0,TN
0,0,1.0,TN
0,0,0.9999963815968013,TN
0,0,1.0,TN
0,0,0.99999972081856,TN
0,0,1.0,TN
0,0,0.9999640347664206,TN
0,0,0.9997650556473684,TN
0,0,1.0,TN
0,0,1.0,TN
0,0,0.9997505651474866,TN
0,0,0.9999723443945663,TN
0,0,1.0,TN
0,0,0.9991988821425488,TN
0,0,1.0,TN
0,0,0.9976578226313164,TN
0,0,1.0,TN
0,0,0.99999972081856,TN
0,0,1.0,TN
0,0,0.9816278368545746,TN
0,0,0.9853651820380479,TN
0,0,1.0,TN
0,0,1.0,TN
0,0,0.9999723443945663,TN
0,0,0.99,TN
0,0,1.0,TN
0,0,0.99999972081856,TN
0,0,0.9999963815968013,TN
0,0,0.999941010640416,TN
0,0,0.9999841140515596,TN
0,0,1.0,TN
0,0,0.9999963815968013,TN
0,0,1.0,TN
0,0,0.9999961618890127,TN
0,0,1.0,TN
0,0,0.9999921649310256,TN
0,0,1.0,TN
0,0,1.0,TN
0,0,0.9999865610850373,TN
0,0,1.0,TN
0,0,1.0,TN
0,0,1.0,TN
0,0,0.9999758179231865,TN
0,0,0.9999993233773138,TN
0,0,1.0,TN
0,0,1.0,TN
0,0,0.9993535716986086,TN
0,0,0.9999980163674184,TN
0,0,1.0,TN
0,0,0.9999993984874616,TN
0,0,1.0,TN
0,0,1.0,TN
0,0,1.0,TN
0,0,0.9999990441958738,TN
0,0,0.9999963815968013,TN
0,0,1.0,TN
0,0,0.9999730408864296,TN
0,0,1.0,TN
0,0,1.0,TN
0,0,1.0,TN
0,0,1.0,TN
0,0,0.9999986929901046,TN
0,0,0.99999972081856,TN
0,0,0.9999886510611856,TN
0,0,0.9986473909535372,TN
0,0,0.9999982955488583,TN
0,0,1.0,TN
0,0,1.0,TN
0,0,1.0,TN
0,0,0.9999997802922114,TN
0,0,0.9999938997821352,TN
0,0,0.99999972081856,TN
0,0,1.0,TN
0,0,1.0,TN
0,0,1.0,TN
0,0,0.9999621011849443,TN
0,0,1.0,TN
0,0,1.0,TN
0,0,1.0,TN
0,0,0.9987250293772033,TN
0,0,0.9999963815968013,TN
0,0,1.0,TN
0,0,1.0,TN
0,0,1.0,TN
0,0,1.0,TN
0,0,0.9998470137812493,TN
0,0,1.0,TN
0,0,0.9012504446784214,TN
0,0,0.99999972081856,TN
0,0,0.9999640347664206,TN
0,0,0.9983606268022577,TN
0,0,0.9988344795646391,TN
0,0,1.0,TN
0,0,1.0,TN
0,0,0.9999922663704639,TN
0,0,1.0,TN
0,0,0.9999788305494216,TN
0,0,1.0,TN
0,0,0.9999993233773138,TN
0,0,0.9999997802922114,TN
0,0,0.9983423371601934,TN
0,0,1.0,TN
0,0,0.9999858844623511,TN
0,0,1.0,TN
0,0,0.9972281556587401,TN
0,0,1.0,TN
0,0,1.0,TN
0,0,1.0,TN
0,0,1.0,TN
0,0,1.0,TN
0,0,1.0,TN
0,0,1.0,TN
0,0,1.0,TN
0,0,0.9999982955488583,TN
0,0,0.9999733226928257,TN
0,0,1.0,TN
0,0,1.0,TN
0,0,0.9999882962476794,TN
0,0,1.0,TN
0,0,1.0,TN
0,0,1.0,TN
0,0,1.0,TN
0,0,0.9999954257926751,TN
0,0,1.0,TN
0,0,0.9999997802922114,TN
0,0,0.99999972081856,TN
0,0,1.0,TN
0,0,1.0,TN
0,0,1.0,TN
0,0,0.9998344210174998,TN
0,0,0.9999995011107714,TN
0,0,1.0,TN
0,0,1.0,TN
0,0,1.0,TN
0,0,0.9999995011107714,TN
0,0,0.9978498271711923,TN
0,0,0.9999961024153613,TN
0,0,1.0,TN
0,0,1.0,TN
0,0,0.9999993984874616,TN
0,0,0.9999879165855147,TN
0,0,1.0,TN
0,0,0.9999793031946912,TN
0,0,0.8837921409758367,TN
0,0,1.0,TN
0,0,1.0,TN
0,0,0.9999654681935987,TN
0,0,0.9997968972963415,TN
0,0,1.0,TN
0,0,1.0,TN
0,0,1.0,TN
0,0,0.9999819738621001,TN
0,0,1.0,TN
0,0,1.0,TN
0,0,1.0,TN
0,0,1.0,TN
0,0,1.0,TN
0,0,0.9984922859897627,TN
0,0,0.9999477611940298,TN
0,0,1.0,TN
0,0,1.0,TN
0,0,1.0,TN
0,0,1.0,TN
0,0,0.9999989721715445,TN
0,0,1.0,TN
0,0,1.0,TN
0,0,1.0,TN
0,0,1.0,TN
0,0,1.0,TN
0,0,1.0,TN
0,0,1.0,TN
0,0,1.0,TN
0,0,1.0,TN
0,0,1.0,TN
0,0,1.0,TN
0,0,0.9999640347664206,TN
0,0,1.0,TN
0,0,1.0,TN
0,0,1.0,TN
0,0,1.0,TN
0,0,0.9991229355086901,TN
0,0,0.9999996776689015,TN
0,0,1.0,TN
0,0,0.9999963815968013,TN
0,0,0.9997006145746643,TN
0,0,0.9999990441958738,TN
0,0,1.0,TN
0,0,0.9999886826537445,TN
0,0,1.0,TN
0,0,0.9999919902829444,TN
0,0,1.0,TN
0,0,0.9999886826537445,TN
0,0,0.999947085607434,TN
0,0,1.0,TN
0,0,0.9961703723010232,TN
0,0,0.9838657055821136,TN
0,0,1.0,TN
0,0,0.9999989721715445,TN
0,0,1.0,TN
0,0,0.9999963815968013,TN
0,0,0.9999958395579143,TN
0,0,0.9999804608671724,TN
0,1,0.5672952091503319,FP
0,0,0.9999963815968013,TN
0,0,1.0,TN
0,0,0.9999737671084832,TN
0,0,1.0,TN
0,0,0.9927826792896169,TN
0,0,0.9979404982938014,TN
0,0,0.9993393539995132,TN
0,0,0.9999788305494216,TN
0,0,1.0,TN
0,0,1.0,TN
0,0,0.9999980163674184,TN
0,0,1.0,TN
0,0,0.9999793031946912,TN
0,0,0.9999858844623511,TN
0,0,0.9986085331532877,TN
0,0,1.0,TN
0,0,1.0,TN
0,0,0.9999660688317984,TN
0,0,1.0,TN
0,0,0.999979265191078,TN
0,0,0.9999958827075727,TN
0,0,0.9999704163404641,TN
0,0,1.0,TN
0,0,1.0,TN
0,0,1.0,TN
0,0,1.0,TN
0,0,0.9999980163674184,TN
0,0,1.0,TN
0,0,0.9999640347664206,TN
0,0,1.0,TN
0,0,1.0,TN
0,0,0.9999997802922114,TN
0,0,1.0,TN
0,0,0.9997575456905926,TN
0,0,0.9999916679518459,TN
0,0,0.9997650556473684,TN
0,0,1.0,TN
0,0,1.0,TN
0,0,0.9999886826537445,TN
0,0,0.9999660688317984,TN
0,0,0.998953507158343,TN
0,0,0.9998592843975197,TN
0,0,1.0,TN
0,0,1.0,TN
0,0,1.0,TN
0,0,1.0,TN
0,0,0.9989625579219827,TN
0,0,1.0,TN
0,0,1.0,TN
0,0,0.9999993233773138,TN
0,0,0.9999921649310256,TN
0,0,1.0,TN
0,0,0.9994749796960208,TN
0,0,0.9999958847736626,TN
0,0,0.9999921649310256,TN
0,0,0.9855141031558408,TN
0,0,0.9999491299800041,TN
0,0,1.0,TN
0,0,0.9528516718204607,TN
0,0,0.997818081976679,TN
0,0,0.9899823969152735,TN
0,0,1.0,TN
0,0,0.9999548161430496,TN
0,0,1.0,TN
0,0,1.0,TN
0,0,1.0,TN
0,0,1.0,TN
0,0,0.9999980163674184,TN
0,0,0.9999963815968013,TN
0,0,0.9999955624425642,TN
0,0,1.0,TN
0,0,0.9999640347664206,TN
0,0,0.9999704163404641,TN
0,0,0.9878482949925869,TN
0,0,1.0,TN
0,0,1.0,TN
0,0,0.9999921649310256,TN
0,0,1.0,TN
0,0,0.999979265191078,TN
0,0,1.0,TN
0,0,1.0,TN
0,0,1.0,TN
0,0,0.9990092473476027,TN
0,0,1.0,TN
0,0,1.0,TN
0,0,1.0,TN
0,0,0.9838657055821136,TN
0,0,0.9999997802922114,TN
0,0,0.9985644837474532,TN
0,0,0.9999990441958738,TN
0,0,0.9999961618890127,TN
0,0,1.0,TN
0,0,1.0,TN
0,0,0.9998251426440754,TN
0,0,0.9999596019714668,TN
0,0,0.9999823969152735,TN
0,0,0.9999908583660272,TN
0,0,1.0,TN
0,0,1.0,TN
0,0,0.9993535716986086,TN
0,0,1.0,TN
0,0,0.9999986929901046,TN
0,0,1.0,TN
0,0,0.9999961618890127,TN
0,0,1.0,TN
0,0,0.9999148277197059,TN
0,0,0.9999986929901046,TN
0,0,1.0,TN
0,0,0.9886412070577398,TN
0,0,0.9999948953547728,TN
0,0,1.0,TN
0,0,1.0,TN
0,0,1.0,TN
0,0,1.0,TN
0,0,1.0,TN
0,0,0.978369024824151,TN
0,0,1.0,TN
0,0,1.0,TN
0,0,0.9999989721715445,TN
0,0,1.0,TN
0,0,0.9997991284216261,TN
0,0,1.0,TN
0,0,0.9999820463513638,TN
0,0,0.9999980163674184,TN
0,0,0.9999035117808063,TN
0,0,0.9997991284216261,TN
0,0,1.0,TN
0,0,1.0,TN
0,0,0.9999826166230619,TN
0,0,0.9999963815968013,TN
0,0,0.9999793031946912,TN
0,0,1.0,TN
0,0,1.0,TN
0,0,0.9999982955488583,TN
0,0,0.9994835616892067,TN
0,0,1.0,TN
0,0,1.0,TN
0,0,1.0,TN
0,0,0.9999957800842628,TN
0,0,0.9999997802922114,TN
0,0,1.0,TN
0,0,1.0,TN
0,0,1.0,TN
0,0,1.0,TN
0,0,0.9999552965549258,TN
0,0,1.0,TN
0,0,0.9987250293772033,TN
0,0,0.9999621011849443,TN
0,0,0.9999980163674184,TN
0,0,0.9694180157620823,TN
0,0,1.0,TN
0,0,1.0,TN
0,0,1.0,TN
0,0,0.9851390137083789,TN
0,0,1.0,TN
0,0,1.0,TN
0,0,1.0,TN
0,0,0.9999899059146473,TN
0,0,0.9999996776689015,TN
0,0,1.0,TN
0,0,0.9999980163674184,TN
0,0,0.9988694418610915,TN
0,0,1.0,TN
0,0,1.0,TN
0,0,1.0,TN
0,0,0.9999961024153613,TN
0,0,0.9999706955219041,TN
0,0,0.9997741121172254,TN
0,0,0.9999963815968013,TN
0,0,1.0,TN
0,0,1.0,TN
0,0,1.0,TN
0,0,1.0,TN
0,0,0.9999961618890127,TN
0,0,0.9999991787796729,TN
0,0,1.0,TN
0,0,0.9999545681378581,TN
0,0,1.0,TN
0,0,0.9997991284216261,TN
0,0,1.0,TN
0,0,0.9999980163674184,TN
0,0,0.9673372767475577,TN
0,0,1.0,TN
0,0,0.9998703746377358,TN
0,0,0.9999819738621001,TN
0,0,1.0,TN
0,0,0.9218131514835132,TN
0,0,1.0,TN
0,0,0.9999922694643842,TN
0,0,0.999991219649599,TN
0,0,0.9999980163674184,TN
0,0,0.9999961024153613,TN
0,0,0.9999957049741152,TN
0,0,1.0,TN
0,0,1.0,TN
0,0,0.9999980163674184,TN
0,0,0.9987140012881074,TN
0,0,0.9994669069824781,TN
0,0,1.0,TN
0,0,1.0,TN
0,0,1.0,TN
0,0,1.0,TN
0,0,0.9999718461050365,TN
0,0,1.0,TN
0,0,0.9998477046057664,TN
0,0,1.0,TN
0,0,1.0,TN
0,0,0.9999918962722854,TN
0,0,1.0,TN
0,0,1.0,TN
0,0,0.99999972081856,TN
0,0,0.9999781539267354,TN
0,0,1.0,TN
0,0,1.0,TN
0,0,1.0,TN
0,0,1.0,TN
0,0,1.0,TN
0,0,0.9999899059146473,TN
0,0,1.0,TN
0,0,1.0,TN
0,0,0.9999823969152735,TN
0,0,0.9987573964497041,TN
0,0,1.0,TN
0,0,0.9998705943455244,TN
0,0,1.0,TN
0,0,0.99999972081856,TN
0,0,1.0,TN
0,0,1.0,TN
0,0,1.0,TN
0,0,1.0,TN
0,0,0.9999993233773138,TN
0,0,1.0,TN
0,0,0.9994009202527643,TN
0,0,0.9999928661867743,TN
0,0,0.9999961618890127,TN
0,0,1.0,TN
0,0,1.0,TN
0,0,0.9999980163674184,TN
0,0,1.0,TN
0,0,0.9999954227356759,TN
0,0,1.0,TN
0,0,1.0,TN
0,0,0.9999886826537445,TN
0,0,0.9999997802922114,TN
0,0,0.99999972081856,TN
0,0,0.9999997802922114,TN
0,0,0.9999995011107714,TN
0,0,1.0,TN
0,0,1.0,TN
0,0,1.0,TN
0,0,0.9975799058303256,TN
0,0,0.9999074843422924,TN
0,0,1.0,TN
0,0,0.9999781539267354,TN
0,0,1.0,TN
0,0,1.0,TN
0,0,0.9999899059146473,TN
0,0,0.9999989721715445,TN
0,0,0.9999963815968013,TN
0,0,0.9999412861167849,TN
0,0,0.9988201234014318,TN
0,0,0.9997627044035653,TN
0,0,0.99999972081856,TN
0,0,1.0,TN
0,0,1.0,TN
0,0,1.0,TN
0,0,0.9999993233773138,TN
0,0,0.9999997802922114,TN
0,0,1.0,TN
0,0,0.9998414553933145,TN
0,0,1.0,TN
0,0,0.9999804608671724,TN
0,0,0.9992738167010458,TN
0,0,1.0,TN
0,0,0.9989909143439291,TN
0,0,1.0,TN
0,0,1.0,TN
0,0,1.0,TN
0,0,1.0,TN
0,0,1.0,TN
0,0,1.0,TN
0,0,1.0,TN
0,0,1.0,TN
0,0,1.0,TN
0,0,1.0,TN
0,0,0.9987378916259853,TN
0,0,1.0,TN
0,0,1.0,TN
0,0,0.9999989721715445,TN
0,0,1.0,TN
0,0,0.9810531580717483,TN
0,0,0.9999865610850373,TN
0,0,0.9997486682914637,TN
0,0,0.9999826166230619,TN
0,0,1.0,TN
0,0,0.9999938997821352,TN
0,0,0.9600013334790772,TN
0,0,1.0,TN
0,0,1.0,TN
0,0,0.9991100546745281,TN
0,0,1.0,TN
0,0,0.9998711958580628,TN
0,0,0.9999788305494216,TN
0,0,1.0,TN
0,0,1.0,TN
0,0,1.0,TN
0,0,1.0,TN
0,0,1.0,TN
0,0,1.0,TN
0,0,0.9999179231856813,TN
0,0,1.0,TN
0,0,0.9999958847736626,TN
0,0,1.0,TN
0,0,1.0,TN
0,0,1.0,TN
0,0,0.9961469740008552,TN
0,0,1.0,TN
0,0,0.9998157477480143,TN
0,0,1.0,TN
0,0,1.0,TN
0,0,1.0,TN
0,0,0.9999886826537445,TN
0,0,0.9999865610850373,TN
0,0,1.0,TN
0,0,1.0,TN
0,0,1.0,TN
0,0,1.0,TN
0,0,0.9999963815968013,TN
0,0,1.0,TN
0,0,1.0,TN
0,0,1.0,TN
0,0,1.0,TN
0,0,0.999738555612666,TN
0,0,0.9999989721715445,TN
0,0,0.9999986929901046,TN
0,0,1.0,TN
0,0,0.9999995011107714,TN
0,0,1.0,TN
0,0,1.0,TN
0,0,0.9999933177413967,TN
0,0,1.0,TN
0,0,0.9999963815968013,TN
0,0,1.0,TN
0,0,1.0,TN
0,0,1.0,TN
0,0,1.0,TN
0,0,1.0,TN
0,0,0.9999997802922114,TN
0,0,1.0,TN
0,0,0.99999972081856,TN
0,0,1.0,TN
0,0,1.0,TN
0,0,1.0,TN
0,0,0.9994812189841137,TN
0,0,1.0,TN
0,0,0.9997625190921907,TN
0,0,1.0,TN
0,0,0.9999890603051331,TN
0,0,0.9999781539267354,TN
0,0,1.0,TN
0,0,1.0,TN
0,0,1.0,TN
0,0,1.0,TN
0,0,1.0,TN
0,0,1.0,TN
0,0,1.0,TN
0,0,0.9999333554905192,TN
0,0,0.9999781539267354,TN
0,0,0.9999074843422924,TN
0,0,0.9999776600793446,TN
0,0,1.0,TN
0,0,1.0,TN
0,0,0.9999786422150659,TN
0,0,1.0,TN
0,0,0.9999800402806238,TN
0,0,0.999061998020844,TN
0,0,0.9999961618890127,TN
0,0,1.0,TN
0,0,1.0,TN
0,0,0.9999989721715445,TN
0,0,1.0,TN
0,0,1.0,TN
0,0,1.0,TN
0,0,1.0,TN
0,0,1.0,TN
0,0,0.9999858844623511,TN
0,0,1.0,TN
0,0,1.0,TN
0,0,1.0,TN
0,0,1.0,TN
0,0,0.9999499392495084,TN
0,0,1.0,TN
0,0,0.9999788305494216,TN
0,0,1.0,TN
0,0,0.9999986929901046,TN
0,0,1.0,TN
0,0,1.0,TN
0,0,0.9999963815968013,TN
0,0,0.9999963815968013,TN
0,0,0.9999788619228545,TN
0,0,0.9999704163404641,TN
0,0,1.0,TN
0,0,0.99999972081856,TN
0,0,1.0,TN
0,0,1.0,TN
0,0,1.0,TN
0,0,1.0,TN
0,0,0.9995165050908537,TN
0,0,0.9896587856804309,TN
0,0,1.0,TN
0,0,0.9849735281299236,TN
0,0,1.0,TN
0,0,1.0,TN
0,0,1.0,TN
0,0,1.0,TN
0,0,0.9995166190521309,TN
0,0,1.0,TN
0,0,0.999982074584175,TN
0,0,1.0,TN
0,0,0.9999919902829444,TN
0,0,1.0,TN
0,0,0.9999789982198632,TN
0,0,1.0,TN
0,0,0.9999996776689015,TN
0,0,1.0,TN
0,0,0.9990083754257814,TN
0,0,0.9999986929901046,TN
0,0,1.0,TN
0,0,1.0,TN
0,0,1.0,TN
0,0,0.998411041366093,TN
0,0,1.0,TN
0,0,1.0,TN
0,0,0.9999919902829444,TN
0,0,1.0,TN
0,0,1.0,TN
0,0,1.0,TN
0,0,1.0,TN
0,0,0.9999986929901046,TN
0,0,0.9999994579611129,TN
0,0,1.0,TN
0,0,0.9999755982153977,TN
0,0,1.0,TN
0,0,1.0,TN
0,0,0.9999986929901046,TN
0,0,1.0,TN
0,0,0.9999943725379853,TN
0,0,1.0,TN
0,0,1.0,TN
0,0,1.0,TN
0,0,1.0,TN
0,0,0.9999995011107714,TN
0,0,0.9999826166230619,TN
0,0,0.9999997802922114,TN
0,0,1.0,TN
0,0,0.9999890603051331,TN
0,0,1.0,TN
0,0,1.0,TN
0,0,0.99999972081856,TN
0,0,1.0,TN
0,0,0.9999961618890127,TN
0,0,1.0,TN
0,0,1.0,TN
0,0,1.0,TN
0,0,1.0,TN
0,0,1.0,TN
0,0,1.0,TN
0,0,1.0,TN
0,0,1.0,TN
0,0,0.9999997802922114,TN
0,0,1.0,TN
0,0,0.9999982955488583,TN
0,0,1.0,TN
0,0,0.9999865610850373,TN
0,0,1.0,TN
0,0,0.9999993233773138,TN
0,0,1.0,TN
0,0,0.9999957800842628,TN
0,0,0.9998157477480143,TN
0,0,0.9999826166230619,TN
0,0,0.9999986929901046,TN
0,0,0.9999996776689015,TN
0,0,0.9999732377800364,TN
0,0,1.0,TN
0,0,0.9999980664185237,TN
0,0,1.0,TN
0,0,0.9999993233773138,TN
0,0,1.0,TN
0,0,1.0,TN
0,0,1.0,TN
0,0,1.0,TN
0,0,1.0,TN
0,0,0.9999938997821352,TN
0,0,1.0,TN
0,0,1.0,TN
0,0,1.0,TN
0,0,1.0,TN
0,0,1.0,TN
0,0,1.0,TN
0,0,1.0,TN
0,0,1.0,TN
0,0,1.0,TN
0,0,1.0,TN
0,0,0.9999886826537445,TN
0,0,1.0,TN
0,0,1.0,TN
0,0,1.0,TN
0,0,1.0,TN
0,0,1.0,TN
0,0,0.9999963815968013,TN
0,0,1.0,TN
0,0,1.0,TN
0,0,1.0,TN
0,0,0.9999940968122786,TN
0,0,0.9999980163674184,TN
0,0,0.9999919902829444,TN
0,0,1.0,TN
0,0,1.0,TN
0,0,0.9999986929901046,TN
0,0,1.0,TN
0,0,1.0,TN
0,0,1.0,TN
0,0,0.9999995011107714,TN
0,0,1.0,TN
0,0,1.0,TN
0,0,1.0,TN
0,0,1.0,TN
0,0,1.0,TN
0,0,1.0,TN
0,0,0.9994540596866444,TN
0,0,0.9999051189710007,TN
0,0,0.9999958827075727,TN
0,0,0.9994669069824781,TN
0,0,0.99999972081856,TN
0,0,0.9999963815968013,TN
0,0,1.0,TN
0,0,1.0,TN
0,0,0.9986202399582682,TN
0,0,1.0,TN
0,0,1.0,TN
0,0,0.9999741298788112,TN
0,0,1.0,TN
0,0,1.0,TN
0,0,1.0,TN
0,0,0.9998968048019711,TN
0,0,0.9965287896175371,TN
0,0,0.999061998020844,TN
0,0,1.0,TN
0,0,1.0,TN
0,0,1.0,TN
0,0,1.0,TN
0,0,0.9999801860498989,TN
0,0,1.0,TN
0,0,0.9999957800842628,TN
0,0,0.9999886826537445,TN
0,0,0.9999963815968013,TN
0,0,1.0,TN
0,0,1.0,TN
0,0,1.0,TN
0,0,0.9995096868789269,TN
0,0,0.9999963815968013,TN
0,0,0.9995993098904603,TN
0,0,0.999985741444867,TN
0,0,0.9998680368621148,TN
0,0,0.9999997802922114,TN
0,0,1.0,TN
0,0,1.0,TN
0,0,0.9999865610850373,TN
0,0,1.0,TN
0,0,0.9999788305494216,TN
0,0,1.0,TN
0,0,1.0,TN
0,0,1.0,TN
0,0,0.9999629618923679,TN
0,0,0.9999993233773138,TN
0,0,1.0,TN
0,0,1.0,TN
0,0,1.0,TN
0,0,0.9999865610850373,TN
0,0,1.0,TN
0,0,1.0,TN
0,0,1.0,TN
0,0,1.0,TN
0,0,0.9999886826537445,TN
0,0,1.0,TN
0,0,0.9999961618890127,TN
0,0,0.9993442946608009,TN
0,0,0.9999916679518459,TN
0,0,1.0,TN
0,0,1.0,TN
0,0,1.0,TN
0,0,1.0,TN
0,0,1.0,TN
0,0,1.0,TN
0,0,1.0,TN
0,0,0.9990837526474904,TN
0,0,0.9999921649310256,TN
0,0,1.0,TN
0,0,1.0,TN
0,0,1.0,TN
0,0,0.9999781539267354,TN
0,0,1.0,TN
0,0,0.9999993233773138,TN
0,0,0.9999986929901046,TN
0,0,1.0,TN
0,0,1.0,TN
0,0,1.0,TN
0,0,1.0,TN
0,0,1.0,TN
0,0,0.9999957800842628,TN
0,0,1.0,TN
0,0,0.9999989721715445,TN
0,0,1.0,TN
0,0,0.9999980163674184,TN
0,0,1.0,TN
0,0,1.0,TN
0,0,1.0,TN
0,0,0.9999684377893854,TN
0,0,0.9999963815968013,TN
0,0,1.0,TN
0,0,0.9956978981353585,TN
0,0,0.9998470137812493,TN
0,0,1.0,TN
0,0,0.9999963815968013,TN
0,0,1.0,TN
0,0,1.0,TN
0,0,0.9999986929901046,TN
0,0,0.9998951799144864,TN
0,0,0.9999946771456597,TN
0,0,1.0,TN
0,0,0.9956978981353585,TN
0,0,1.0,TN
0,0,1.0,TN
0,0,0.997197887885354,TN
0,0,0.99999972081856,TN
0,0,0.99999972081856,TN
0,0,0.9999901588523571,TN
0,0,0.9891004457556256,TN
0,0,0.9999963815968013,TN
0,0,0.99999972081856,TN
0,0,1.0,TN
0,0,1.0,TN
0,0,1.0,TN
0,0,0.9997627044035653,TN
0,0,0.9999793031946912,TN
0,0,1.0,TN
0,0,0.99,TN
0,0,1.0,TN
0,0,0.99999972081856,TN
0,0,0.9999997802922114,TN
0,0,1.0,TN
0,0,1.0,TN
0,0,0.9999865610850373,TN
0,0,0.9999997802922114,TN
0,0,1.0,TN
0,0,0.9984922859897627,TN
0,0,0.9999980163674184,TN
0,0,1.0,TN
0,0,1.0,TN
0,0,1.0,TN
0,0,0.9999982955488583,TN
0,0,1.0,TN
0,0,0.9999788305494216,TN
0,0,0.9999963815968013,TN
0,0,0.9999640347664206,TN
0,0,0.99999972081856,TN
0,0,0.9999986929901046,TN
0,0,1.0,TN
0,0,0.9999982955488583,TN
0,0,0.9999980163674184,TN
0,0,1.0,TN
0,0,1.0,TN
0,0,1.0,TN
0,0,0.9999993233773138,TN
0,0,1.0,TN
0,0,0.9999989798520785,TN
0,0,1.0,TN
0,0,1.0,TN
0,0,1.0,TN
0,0,1.0,TN
0,0,1.0,TN
0,0,1.0,TN
0,0,1.0,TN
0,0,0.9999788619228545,TN
0,0,0.9970313047173239,TN
0,0,0.9998091851669261,TN
0,0,0.9999905825373335,TN
0,0,1.0,TN
0,0,0.9999918633034989,TN
0,0,1.0,TN
0,0,1.0,TN
0,0,1.0,TN
0,0,1.0,TN
0,0,1.0,TN
0,0,1.0,TN
0,0,0.9999963815968013,TN
0,0,1.0,TN
0,0,0.9997991284216261,TN
0,0,1.0,TN
0,0,1.0,TN
0,0,0.9298938496010851,TN
0,0,1.0,TN
0,0,1.0,TN
0,0,0.9999986929901046,TN
0,0,1.0,TN
0,0,1.0,TN
0,0,0.9999990441958738,TN
0,0,1.0,TN
0,0,1.0,TN
0,0,1.0,TN
0,0,1.0,TN
0,0,1.0,TN
0,0,1.0,TN
0,0,0.9853415630281152,TN
0,0,0.9995096868789269,TN
0,0,1.0,TN
0,0,1.0,TN
0,0,1.0,TN
0,0,0.99999972081856,TN
0,0,1.0,TN
0,0,1.0,TN
0,0,1.0,TN
0,0,0.9999993233773138,TN
0,0,0.9999943725379853,TN
0,0,0.998942400695617,TN
0,0,1.0,TN
0,0,1.0,TN
0,0,0.999556374219763,TN
0,0,0.9999997802922114,TN
0,0,1.0,TN
0,0,1.0,TN
0,0,0.9999452242993698,TN
0,0,1.0,TN
0,0,1.0,TN
0,0,1.0,TN
0,0,1.0,TN
0,0,1.0,TN
0,0,1.0,TN
0,0,1.0,TN
0,0,1.0,TN
0,0,1.0,TN
0,0,1.0,TN
0,0,1.0,TN
0,0,0.9999963815968013,TN
0,0,1.0,TN
0,0,0.9999621011849443,TN
0,0,0.9999829426818385,TN
0,0,1.0,TN
0,0,0.9999963815968013,TN
0,0,1.0,TN
0,0,0.9999640347664206,TN
0,0,0.9999846799105704,TN
0,0,0.9999788305494216,TN
0,0,0.9999993233773138,TN
0,0,0.9999963815968013,TN
0,0,0.9999993233773138,TN
0,0,1.0,TN
0,0,1.0,TN
0,0,0.9999781539267354,TN
0,0,1.0,TN
0,0,1.0,TN
0,0,0.99999972081856,TN
0,0,0.9999788619228545,TN
0,0,0.9997162801685043,TN
0,0,0.9985575499463971,TN
0,0,0.9999705910615614,TN
0,0,0.9999704163404641,TN
0,0,1.0,TN
0,0,1.0,TN
0,0,1.0,TN
0,0,1.0,TN
0,0,1.0,TN
0,0,0.9999793031946912,TN
0,0,1.0,TN
0,0,0.9792747132941035,TN
0,0,1.0,TN
0,0,0.9999781539267354,TN
0,0,0.9989625579219827,TN
0,0,0.9994835616892067,TN
0,0,1.0,TN
0,0,0.99999972081856,TN
0,0,1.0,TN
0,0,1.0,TN
0,0,0.9999640347664206,TN
0,0,0.9506135197667711,TN
0,0,1.0,TN
0,0,1.0,TN
0,0,1.0,TN
0,0,0.98875536511311,TN
0,0,1.0,TN
0,0,1.0,TN
0,0,1.0,TN
0,0,1.0,TN
0,0,0.9999552965549258,TN
0,0,1.0,TN
0,0,1.0,TN
0,0,0.9999640347664206,TN
0,0,0.9999995011107714,TN
0,0,0.9999986929901046,TN
0,0,0.9999993233773138,TN
0,0,1.0,TN
0,0,0.9999993233773138,TN
0,0,1.0,TN
0,0,0.9999633726872851,TN
0,0,0.9999738506973712,TN
0,0,1.0,TN
0,0,1.0,TN
0,0,1.0,TN
0,0,1.0,TN
0,0,0.9999986929901046,TN
0,0,1.0,TN
0,0,0.9999980163674184,TN
0,0,1.0,TN
0,0,1.0,TN
0,0,1.0,TN
0,0,1.0,TN
0,0,1.0,TN
0,0,0.9999986929901046,TN
0,0,1.0,TN
0,0,0.9999954227356759,TN
0,0,0.9999793031946912,TN
0,0,0.9999997802922114,TN
0,0,1.0,TN
0,0,0.9994679257830914,TN
0,0,0.9999807963150961,TN
0,0,0.9990731214178468,TN
0,0,1.0,TN
0,0,0.999995665065874,TN
0,0,1.0,TN
0,0,0.9984501478606157,TN
0,0,1.0,TN
0,0,1.0,TN
0,0,0.9929684345876137,TN
0,0,0.9999963815968013,TN
0,0,0.9999989721715445,TN
0,0,1.0,TN
0,0,1.0,TN
0,0,1.0,TN
0,0,1.0,TN
0,0,0.9998659366305964,TN
0,0,1.0,TN
0,0,0.9999963815968013,TN
0,0,1.0,TN
0,0,1.0,TN
0,0,0.9986845493843934,TN
0,0,1.0,TN
0,0,0.9999990441958738,TN
0,0,1.0,TN
0,0,1.0,TN
0,0,1.0,TN
0,0,1.0,TN
0,0,1.0,TN
0,0,1.0,TN
0,0,1.0,TN
0,0,1.0,TN
0,0,0.9675515624618434,TN
0,0,0.9999759949503775,TN
0,0,0.9999961024153613,TN
0,0,1.0,TN
0,0,1.0,TN
0,0,1.0,TN
0,0,0.99999972081856,TN
0,0,1.0,TN
0,0,1.0,TN
0,0,1.0,TN
0,0,1.0,TN
0,0,1.0,TN
0,0,1.0,TN
0,0,1.0,TN
0,0,1.0,TN
0,0,1.0,TN
0,0,1.0,TN
0,0,0.9999938997821352,TN
0,0,1.0,TN
0,0,1.0,TN
0,0,0.999979265191078,TN
0,0,1.0,TN
0,0,0.9945650574223154,TN
0,0,0.9999882962476794,TN
0,0,1.0,TN
0,0,1.0,TN
0,0,1.0,TN
0,0,0.9999995011107714,TN
0,0,1.0,TN
0,0,1.0,TN
0,0,1.0,TN
0,0,1.0,TN
0,0,1.0,TN
0,0,0.9999963815968013,TN
0,0,0.8198657614996608,TN
0,0,0.9999980664185237,TN
0,0,0.999975212146223,TN
0,0,0.9999739747123171,TN
0,0,1.0,TN
0,0,0.99999972081856,TN
0,0,0.9999223447750962,TN
0,0,0.9999995011107714,TN
0,0,1.0,TN
0,0,1.0,TN
0,0,1.0,TN
0,0,0.9998469081576695,TN
0,0,1.0,TN
0,0,0.9999982955488583,TN
0,0,1.0,TN
0,0,0.9988641979376337,TN
0,0,1.0,TN
0,0,1.0,TN
0,0,1.0,TN
0,0,0.999975910760418,TN
0,0,1.0,TN
0,0,0.9999990441958738,TN
0,0,0.9999865610850373,TN
0,0,1.0,TN
0,0,1.0,TN
0,0,1.0,TN
0,0,0.9999557839614606,TN
0,0,0.9999355614219472,TN
0,0,1.0,TN
0,0,0.9999989721715445,TN
0,0,0.9999640347664206,TN
0,0,1.0,TN
0,0,0.9998711958580628,TN
0,0,0.9999640347664206,TN
0,0,0.9999989721715445,TN
0,0,0.999317199162485,TN
0,0,0.9986343831788536,TN
0,0,0.9999958847736626,TN
0,0,1.0,TN
0,0,0.9985988592001679,TN
0,0,0.9999989721715445,TN
0,0,0.9999963815968013,TN
0,0,1.0,TN
0,0,1.0,TN
0,0,0.9854697530079898,TN
0,0,0.9999982955488583,TN
0,0,0.9999886826537445,TN
0,0,0.99999972081856,TN
0,0,1.0,TN
0,0,1.0,TN
0,0,1.0,TN
0,0,0.9999890603051331,TN
0,0,1.0,TN
0,0,1.0,TN
0,0,1.0,TN
0,0,1.0,TN
0,0,1.0,TN
0,0,1.0,TN
0,0,1.0,TN
0,0,1.0,TN
0,0,1.0,TN
0,0,0.9985104147908038,TN
0,0,1.0,TN
0,0,0.9999993233773138,TN
0,0,0.9995927900060085,TN
0,0,0.9999996776689015,TN
0,0,0.9999997802922114,TN
0,0,1.0,TN
0,0,0.9898709761502742,TN
0,0,1.0,TN
0,0,1.0,TN
0,0,0.9900212636969878,TN
0,0,1.0,TN
0,0,0.9998680368621148,TN
0,0,0.9992849400980485,TN
0,0,1.0,TN
0,0,0.9997162467961321,TN
0,0,1.0,TN
0,0,0.9988361888891848,TN
0,0,1.0,TN
0,0,1.0,TN
0,0,1.0,TN
0,0,1.0,TN
0,0,0.9999865610850373,TN
0,0,0.8907896638779795,TN
0,0,1.0,TN
0,0,0.9999958827075727,TN
0,0,1.0,TN
0,0,1.0,TN
0,0,1.0,TN
0,0,1.0,TN
0,0,0.9999858844623511,TN
0,0,0.9999963815968013,TN
0,0,0.9999921649310256,TN
0,0,0.99999972081856,TN
0,0,0.9999279787483465,TN
0,0,0.9999980163674184,TN
0,0,1.0,TN
0,0,1.0,TN
0,0,1.0,TN
0,0,0.9999640347664206,TN
0,0,0.9999773242630385,TN
0,0,0.732420238175284,TN
0,0,0.9981291534437815,TN
0,0,1.0,TN
0,0,1.0,TN
0,0,0.9999997802922114,TN
0,0,1.0,TN
0,0,0.9999919902829444,TN
0,0,1.0,TN
0,0,0.9999990441958738,TN
0,0,1.0,TN
0,0,0.999996853846083,TN
0,0,0.9999477714129279,TN
0,0,0.9999730408864296,TN
0,0,0.999979265191078,TN
0,0,0.9998703746377358,TN
0,0,0.9999788619228545,TN
0,0,0.9992738167010458,TN
0,0,0.9994878361075544,TN
0,0,1.0,TN
0,0,1.0,TN
0,0,1.0,TN
0,0,1.0,TN
0,0,1.0,TN
0,0,0.99999972081856,TN
0,0,0.9999548161430496,TN
0,0,0.99999972081856,TN
0,0,1.0,TN
0,0,0.9998630921303482,TN
0,0,1.0,TN
0,0,1.0,TN
0,0,1.0,TN
0,0,1.0,TN
0,0,0.9999954227356759,TN
0,0,0.9999980163674184,TN
0,0,1.0,TN
0,0,1.0,TN
0,0,1.0,TN
0,0,1.0,TN
0,0,0.9847919736739575,TN
0,0,0.9999886826537445,TN
0,0,0.9957181283776161,TN
0,0,1.0,TN
0,0,1.0,TN
0,0,0.9999996776689015,TN
0,0,1.0,TN
0,0,0.9999986929901046,TN
0,0,1.0,TN
0,0,0.9999958847736626,TN
0,0,1.0,TN
0,0,0.9896587856804309,TN
0,0,0.99999972081856,TN
0,0,1.0,TN
0,0,0.9989909143439291,TN
0,0,1.0,TN
0,0,0.9993891073378619,TN
0,0,1.0,TN
0,0,1.0,TN
0,0,0.9999886826537445,TN
0,0,1.0,TN
0,0,1.0,TN
0,0,1.0,TN
0,0,0.9999609994389437,TN
0,0,0.9999793031946912,TN
0,0,1.0,TN
0,0,1.0,TN
0,0,0.9999882962476794,TN
0,0,1.0,TN
0,0,1.0,TN
0,0,1.0,TN
0,0,1.0,TN
0,0,1.0,TN
0,0,0.9999995011107714,TN
0,0,1.0,TN
0,0,0.9999826166230619,TN
0,0,0.9999867242557221,TN
0,0,1.0,TN
0,0,0.9999997802922114,TN
0,0,1.0,TN
0,0,1.0,TN
0,0,0.9999823969152735,TN
0,0,0.9999989721715445,TN
0,0,1.0,TN
0,0,1.0,TN
0,0,1.0,TN
0,0,1.0,TN
0,0,0.9998648559113833,TN
0,0,0.9989909143439291,TN
0,0,1.0,TN
0,0,0.9999954227356759,TN
0,0,1.0,TN
0,0,0.9999823969152735,TN
0,0,0.9999963815968013,TN
0,0,0.9999963815968013,TN
0,0,1.0,TN
0,0,0.9999996776689015,TN
0,0,0.999987696877726,TN
0,0,1.0,TN
0,0,1.0,TN
0,0,1.0,TN
0,0,1.0,TN
0,0,0.9998448331441022,TN
0,0,1.0,TN
0,0,1.0,TN
0,0,1.0,TN
0,0,0.9999993984874616,TN
0,0,1.0,TN
0,0,1.0,TN
0,0,0.9999936800743464,TN
0,0,0.9989450968401304,TN
0,0,0.9999043977055448,TN
0,0,1.0,TN
0,0,1.0,TN
0,0,0.999975212146223,TN
0,0,0.9999986929901046,TN
0,0,1.0,TN
0,0,1.0,TN
0,0,1.0,TN
0,0,1.0,TN
0,0,1.0,TN
0,0,0.9999986929901046,TN
0,0,1.0,TN
0,0,1.0,TN
0,0,0.9999980163674184,TN
0,0,0.9999995011107714,TN
0,0,0.9993393539995132,TN
0,0,1.0,TN
0,0,1.0,TN
0,0,1.0,TN
0,0,0.9999886826537445,TN
0,0,0.9999990441958738,TN
0,0,1.0,TN
0,0,1.0,TN
0,0,0.9999980163674184,TN
0,0,1.0,TN
0,0,0.9999996776689015,TN
0,0,1.0,TN
0,0,1.0,TN
0,0,1.0,TN
0,0,0.9999993233773138,TN
0,0,1.0,TN
0,0,1.0,TN
0,0,0.9999841140515596,TN
0,0,0.99999972081856,TN
0,0,0.9998968048019711,TN
0,0,1.0,TN
0,0,1.0,TN
0,0,0.9999805276871586,TN
0,0,1.0,TN
0,0,1.0,TN
0,0,0.9999995011107714,TN
0,0,1.0,TN
0,0,1.0,TN
0,0,1.0,TN
0,0,1.0,TN
0,0,0.9999997802922114,TN
0,0,1.0,TN
0,0,0.9986085331532877,TN
0,0,1.0,TN
0,0,0.9362089740452982,TN
0,0,0.999979265191078,TN
0,0,1.0,TN
0,0,0.9999963815968013,TN
0,0,1.0,TN
0,0,0.9999890603051331,TN
0,0,0.9999993233773138,TN
0,0,1.0,TN
0,0,1.0,TN
0,0,1.0,TN
0,0,0.9986343831788536,TN
0,0,1.0,TN
0,0,1.0,TN
0,0,0.9999986929901046,TN
0,0,0.9999548161430496,TN
0,0,1.0,TN
0,0,0.9999989721715445,TN
0,0,1.0,TN
0,0,1.0,TN
0,0,1.0,TN
0,0,1.0,TN
0,0,1.0,TN
0,0,0.9999863662766628,TN
0,0,0.9999823967319001,TN
0,0,1.0,TN
0,0,1.0,TN
0,0,1.0,TN
0,0,0.9999961618890127,TN
0,0,0.9999997802922114,TN
0,0,0.9999943533158857,TN
0,0,1.0,TN
0,0,0.9999986929901046,TN
0,0,0.99999972081856,TN
0,0,0.9989841060204374,TN
0,0,1.0,TN
0,0,0.999993620600695,TN
0,0,1.0,TN
0,0,0.99999972081856,TN
0,0,1.0,TN
0,0,1.0,TN
0,0,1.0,TN
0,0,1.0,TN
0,0,1.0,TN
0,0,0.9999805276871586,TN
0,0,1.0,TN
0,0,1.0,TN
0,0,0.9985568177735615,TN
0,0,0.9999865610850373,TN
0,0,0.9999980664185237,TN
0,0,1.0,TN
0,0,1.0,TN
0,0,0.9999074843422924,TN
0,0,0.99999972081856,TN
0,0,0.9999865610850373,TN
0,0,0.9999963815968013,TN
0,0,0.9451101595092618,TN
0,0,0.9999943921296526,TN
0,0,1.0,TN
0,0,0.9999740364590672,TN
0,0,1.0,TN
0,0,1.0,TN
0,0,1.0,TN
0,0,1.0,TN
0,0,1.0,TN
0,0,0.9988982346188131,TN
0,0,0.9985122878919366,TN
0,0,1.0,TN
0,0,1.0,TN
0,0,1.0,TN
0,0,0.9999874256949545,TN
0,0,1.0,TN
0,0,0.9999952174305775,TN
0,0,1.0,TN
0,0,0.9999982955488583,TN
0,0,1.0,TN
0,0,1.0,TN
0,0,1.0,TN
0,0,1.0,TN
0,0,1.0,TN
0,0,0.9994251751513691,TN
0,0,0.9999963815968013,TN
0,0,1.0,TN
0,0,0.999947085607434,TN
0,0,1.0,TN
0,0,0.9994835616892067,TN
0,0,1.0,TN
0,0,0.9999875682776138,TN
0,0,0.9998009529076373,TN
0,0,1.0,TN
0,0,0.9999996776689015,TN
0,0,0.9999982955488583,TN
0,0,1.0,TN
0,0,1.0,TN
0,0,1.0,TN
0,0,1.0,TN
0,0,0.9994592627423367,TN
0,0,1.0,TN
0,0,0.9999986929901046,TN
0,0,1.0,TN
0,0,1.0,TN
0,0,0.9847919736739575,TN
0,0,1.0,TN
0,0,1.0,TN
0,0,1.0,TN
0,0,1.0,TN
0,0,0.9999980163674184,TN
0,0,0.9999989798520785,TN
0,0,0.9899623790082237,TN
0,0,0.9999858844623511,TN
0,0,0.9999997802922114,TN
0,0,0.9999980664185237,TN
0,0,1.0,TN
0,0,1.0,TN
0,0,1.0,TN
0,0,1.0,TN
0,0,1.0,TN
0,0,1.0,TN
0,0,1.0,TN
0,0,0.9999865610850373,TN
0,0,1.0,TN
0,0,0.9999706955219041,TN
0,0,0.9899963815968014,TN
0,0,1.0,TN
0,0,0.9983828048901572,TN
0,0,1.0,TN
0,0,1.0,TN
0,0,1.0,TN
0,0,0.9999963815968013,TN
0,0,1.0,TN
0,0,1.0,TN
0,0,0.9983314087471034,TN
0,0,0.9999946771456597,TN
0,0,1.0,TN
0,0,0.9999958827075727,TN
0,0,1.0,TN
0,0,0.9985079241032466,TN
0,0,0.9999788305494216,TN
0,0,1.0,TN
0,0,0.9999980163674184,TN
0,0,0.9999963815968013,TN
0,0,1.0,TN
0,0,1.0,TN
0,0,0.9999980163674184,TN
0,0,1.0,TN
0,0,1.0,TN
0,0,0.9969822898559795,TN
0,0,0.9999916679518459,TN
0,0,1.0,TN
0,0,0.9990226418378773,TN
0,0,1.0,TN
0,0,1.0,TN
0,0,0.9999788305494216,TN
0,0,1.0,TN
0,0,1.0,TN
0,0,1.0,TN
0,0,0.9989450968401304,TN
0,0,1.0,TN
0,0,0.9823916296608891,TN
0,0,1.0,TN
0,0,0.9999788305494216,TN
0,0,0.9999805276871586,TN
0,0,0.9999993233773138,TN
0,0,1.0,TN
0,0,1.0,TN
0,0,1.0,TN
0,0,0.9987450914770192,TN
0,0,1.0,TN
0,0,0.999997133027523,TN
0,0,0.9999865610850373,TN
0,0,0.999979265191078,TN
0,0,1.0,TN
0,0,1.0,TN
0,0,1.0,TN
0,0,0.9999958827075727,TN
0,0,1.0,TN
0,0,0.9999806578973158,TN
0,0,0.9988461538461538,TN
0,0,1.0,TN
0,0,1.0,TN
0,0,1.0,TN
0,0,0.9999963815968013,TN
0,0,1.0,TN
0,0,1.0,TN
0,0,0.9998705943455244,TN
0,0,1.0,TN
0,0,1.0,TN
0,0,0.9985434865928968,TN
0,0,0.9999795094272129,TN
0,0,1.0,TN
0,0,0.9999963815968013,TN
0,0,1.0,TN
0,0,1.0,TN
0,0,0.999020276840743,TN
0,0,1.0,TN
0,0,1.0,TN
0,0,1.0,TN
0,0,0.9999963815968013,TN
0,0,0.9999043977055448,TN
0,0,0.9999993984874616,TN
0,0,1.0,TN
0,0,0.9999823969152735,TN
0,0,0.9999982955488583,TN
0,0,1.0,TN
0,0,1.0,TN
0,0,0.9872579122793376,TN
0,0,1.0,TN
0,0,1.0,TN
0,0,1.0,TN
0,0,1.0,TN
0,0,1.0,TN
0,0,0.9850243881764211,TN
0,0,1.0,TN
0,0,1.0,TN
0,0,0.9999802411593838,TN
0,0,0.9985998864633896,TN
0,0,0.9997991284216261,TN
0,0,0.9985205063970984,TN
0,0,1.0,TN
0,0,0.9984499680335712,TN
0,0,1.0,TN
0,0,0.9999986929901046,TN
0,0,0.9998989288819149,TN
0,0,1.0,TN
0,0,0.9999980664185237,TN
0,0,0.9956426769142793,TN
0,0,0.9999982955488583,TN
0,0,1.0,TN
0,0,1.0,TN
0,0,1.0,TN
0,0,0.9999482285899398,TN
0,0,0.9994692551235069,TN
0,0,0.9999660688317984,TN
0,0,1.0,TN
0,0,1.0,TN
0,0,0.9994953748772913,TN
0,0,0.9998414553933145,TN
0,0,1.0,TN
0,0,0.9999886826537445,TN
0,0,1.0,TN
0,0,0.9994835616892067,TN
0,0,1.0,TN
0,0,0.9980708230246376,TN
0,0,0.99999972081856,TN
0,0,0.999971979812199,TN
0,0,1.0,TN
0,0,0.9999874256949545,TN
0,0,1.0,TN
0,0,1.0,TN
0,0,1.0,TN
0,0,1.0,TN
0,0,0.9999993233773138,TN
0,0,1.0,TN
0,0,1.0,TN
0,0,1.0,TN
0,0,1.0,TN
0,0,1.0,TN
0,0,1.0,TN
0,0,0.9998279862671289,TN
0,0,1.0,TN
0,0,0.9995806778664516,TN
0,0,0.9999996776689015,TN
0,0,1.0,TN
0,0,1.0,TN
0,0,1.0,TN
0,0,1.0,TN
0,0,1.0,TN
0,0,0.9999989721715445,TN
0,0,0.9999793031946912,TN
0,0,1.0,TN
0,0,1.0,TN
0,0,0.9999921649310256,TN
0,0,0.9995530125444588,TN
0,0,0.9998711958580628,TN
0,0,1.0,TN
0,0,0.9999980163674184,TN
0,0,1.0,TN
0,0,1.0,TN
0,0,0.997364693794463,TN
0,0,1.0,TN
0,0,1.0,TN
0,0,0.9996842050666566,TN
0,0,1.0,TN
0,0,1.0,TN
0,0,1.0,TN
0,0,1.0,TN
0,0,1.0,TN
0,0,0.9999980664185237,TN
0,0,1.0,TN
0,0,1.0,TN
0,0,0.99999972081856,TN
0,0,0.9999279632248305,TN
0,0,0.9999496174015884,TN
0,0,1.0,TN
0,0,0.9999980163674184,TN
0,0,1.0,TN
0,0,1.0,TN
0,0,1.0,TN
0,0,1.0,TN
0,0,0.999981937509637,TN
0,0,1.0,TN
0,0,1.0,TN
0,0,1.0,TN
0,0,1.0,TN
0,0,1.0,TN
0,0,1.0,TN
0,0,1.0,TN
0,0,0.9999916679518459,TN
0,0,1.0,TN
0,0,1.0,TN
0,0,1.0,TN
0,0,1.0,TN
0,0,1.0,TN
0,0,1.0,TN
0,0,0.9999805276871586,TN
0,0,1.0,TN
0,0,0.9999921649310256,TN
0,0,0.9999961024153613,TN
0,0,0.9999980163674184,TN
0,0,0.9999990441958738,TN
0,0,0.9999788305494216,TN
0,0,1.0,TN
0,0,1.0,TN
0,0,0.99,TN
0,0,1.0,TN
0,0,1.0,TN
0,0,1.0,TN
0,0,1.0,TN
0,0,0.9999922694643842,TN
0,0,0.9999733226928257,TN
0,0,1.0,TN
0,0,0.9999355614219472,TN
0,0,1.0,TN
0,0,0.9999919902829444,TN
0,0,1.0,TN
0,0,1.0,TN
0,0,1.0,TN
0,0,0.9999793031946912,TN
0,0,0.9999918460388529,TN
0,0,1.0,TN
0,0,0.9999632842234664,TN
0,0,1.0,TN
0,0,1.0,TN
0,0,0.9988361888891848,TN
0,0,0.9999627213420317,TN
0,0,1.0,TN
0,0,1.0,TN
0,0,1.0,TN
0,0,0.9832919736739576,TN
0,0,1.0,TN
0,0,1.0,TN
0,0,1.0,TN
0,0,0.9988500563087764,TN
0,0,0.9999997802922114,TN
0,0,1.0,TN
0,0,1.0,TN
0,0,1.0,TN
0,0,1.0,TN
0,0,1.0,TN
0,0,0.9985785958458058,TN
0,0,1.0,TN
0,0,0.9999980163674184,TN
0,0,1.0,TN
0,0,0.9999997802922114,TN
0,0,0.9863532881716555,TN
0,0,1.0,TN
0,0,1.0,TN
0,0,0.9997162801685043,TN
0,0,0.9999640347664206,TN
0,0,1.0,TN
0,0,1.0,TN
0,0,1.0,TN
0,0,0.9999037672650185,TN
0,0,1.0,TN
0,0,0.999997773979479,TN
0,0,1.0,TN
0,0,0.99999972081856,TN
0,0,0.9999963815968013,TN
0,0,0.9995759704383964,TN
0,0,1.0,TN
0,0,1.0,TN
0,0,0.9999986929901046,TN
0,0,0.99999972081856,TN
0,0,0.9762707592634685,TN
0,0,0.9999963815968013,TN
0,0,0.9987972176033142,TN
0,0,0.9999795766406521,TN
0,0,1.0,TN
0,0,0.99999972081856,TN
0,0,1.0,TN
0,0,1.0,TN
0,0,0.9999997802922114,TN
0,0,1.0,TN
0,0,0.9999148277197059,TN
0,0,0.99999972081856,TN
0,0,1.0,TN
0,0,1.0,TN
0,0,0.99999972081856,TN
0,0,1.0,TN
0,0,1.0,TN
0,0,1.0,TN
0,0,1.0,TN
0,0,1.0,TN
0,0,1.0,TN
0,0,0.9999366769475815,TN
0,0,1.0,TN
0,0,0.9994,TN
0,0,1.0,TN
0,0,0.9987250293772033,TN
0,0,0.9999995011107714,TN
0,0,0.9999938997821352,TN
0,0,1.0,TN
0,0,0.9999989721715445,TN
0,0,0.9973927190691306,TN
0,0,0.9999279787483465,TN
0,0,0.9999625468164794,TN
0,0,1.0,TN
0,0,1.0,TN
0,0,0.9998711958580628,TN
0,0,0.9999865610850373,TN
0,0,1.0,TN
0,0,0.9999801860498989,TN
0,0,0.9999986929901046,TN
0,0,1.0,TN
0,0,1.0,TN
0,0,0.9991904406751217,TN
0,0,0.9999986929901046,TN
0,0,1.0,TN
0,0,1.0,TN
0,0,1.0,TN
0,0,1.0,TN
0,0,0.9999858844623511,TN
0,0,0.9999899059146473,TN
0,0,1.0,TN
0,0,1.0,TN
0,0,0.9973639238488761,TN
0,0,0.9999793031946912,TN
0,0,0.9991305525506294,TN
0,0,1.0,TN
0,0,0.9999963815968013,TN
0,0,0.99999972081856,TN
0,0,1.0,TN
0,0,1.0,TN
0,0,1.0,TN
0,0,1.0,TN
0,0,1.0,TN
0,0,0.9999788305494216,TN
0,0,0.9999737572776273,TN
0,0,1.0,TN
0,0,1.0,TN
0,0,1.0,TN
0,0,1.0,TN
0,0,0.9999898540673138,TN
0,0,0.9999986929901046,TN
0,0,0.9999990441958738,TN
0,0,1.0,TN
0,0,1.0,TN
0,0,0.9851390137083789,TN
0,0,0.9780708230246375,TN
0,0,0.9803058486853873,TN
0,0,0.9999074843422924,TN
0,0,1.0,TN
0,0,0.9999946756469842,TN
0,0,0.9999997802922114,TN
0,0,0.9960833333333333,TN
0,0,1.0,TN
0,0,0.9999788619228545,TN
0,0,1.0,TN
0,0,1.0,TN
0,0,1.0,TN
0,0,1.0,TN
0,0,1.0,TN
0,0,1.0,TN
0,0,1.0,TN
0,0,0.9999886826537445,TN
0,0,1.0,TN
0,0,1.0,TN
0,0,0.9999819738621001,TN
0,0,1.0,TN
0,0,1.0,TN
0,0,0.99999972081856,TN
0,0,1.0,TN
0,0,1.0,TN
0,0,0.9999865610850373,TN
0,0,1.0,TN
0,0,0.8585582615364801,TN
0,0,1.0,TN
0,0,1.0,TN
0,0,1.0,TN
0,0,0.999985741444867,TN
0,0,1.0,TN
0,0,0.9995796178343949,TN
0,0,1.0,TN
0,0,1.0,TN
0,0,1.0,TN
0,0,1.0,TN
0,0,1.0,TN
0,0,1.0,TN
0,0,0.9999729723156379,TN
0,0,1.0,TN
0,0,1.0,TN
0,0,0.9872579122793376,TN
0,0,0.9999980163674184,TN
0,0,0.9999805276871586,TN
0,0,0.9999640347664206,TN
0,0,0.999992081399156,TN
0,0,0.9999981175047142,TN
0,0,1.0,TN
0,0,1.0,TN
0,0,1.0,TN
0,0,0.9984754593820125,TN
0,0,0.9999961024153613,TN
0,0,0.9999980163674184,TN
0,0,0.999975212146223,TN
0,0,1.0,TN
0,0,1.0,TN
0,0,1.0,TN
0,0,1.0,TN
0,0,0.9998279862671289,TN
0,0,0.9999996776689015,TN
0,0,0.99999972081856,TN
0,0,0.9999727617049895,TN
0,0,0.9999279632248305,TN
0,0,1.0,TN
0,0,1.0,TN
0,0,0.9989909143439291,TN
0,0,0.9995303661607977,TN
0,0,1.0,TN
0,0,1.0,TN
0,0,1.0,TN
0,0,0.99999972081856,TN
0,0,1.0,TN
0,0,1.0,TN
0,0,1.0,TN
0,0,0.9999963815968013,TN
0,0,1.0,TN
0,0,0.9994953748772913,TN
0,0,1.0,TN
0,0,0.9999355614219472,TN
0,0,1.0,TN
0,0,0.9989909143439291,TN
0,0,0.9999997802922114,TN
0,0,0.9999990441958738,TN
0,0,0.9999899059146473,TN
0,0,0.9999997802922114,TN
0,0,1.0,TN
0,0,0.9999997802922114,TN
0,0,1.0,TN
0,0,0.9999963815968013,TN
0,0,1.0,TN
0,0,0.9999963815968013,TN
0,0,1.0,TN
0,0,0.99999972081856,TN
0,0,0.9837065499316786,TN
0,0,0.9999704163404641,TN
0,0,1.0,TN
0,0,1.0,TN
0,0,1.0,TN
0,0,0.999997773979479,TN
0,0,1.0,TN
0,0,1.0,TN
0,0,1.0,TN
0,0,1.0,TN
0,0,0.9991512520295548,TN
0,0,0.9999918460388529,TN
0,0,1.0,TN
0,0,1.0,TN
0,0,1.0,TN
0,0,1.0,TN
0,0,1.0,TN
0,0,0.9849735281299236,TN
0,0,1.0,TN
0,0,0.9999074843422924,TN
0,0,1.0,TN
0,0,1.0,TN
0,0,1.0,TN
0,0,1.0,TN
0,0,1.0,TN
0,0,1.0,TN
0,0,1.0,TN
0,0,1.0,TN
0,0,1.0,TN
0,0,1.0,TN
0,0,0.9999686574971741,TN
0,0,0.9847919736739575,TN
0,0,1.0,TN
0,0,1.0,TN
0,0,0.9999958847736626,TN
0,0,1.0,TN
0,0,1.0,TN
0,0,1.0,TN
0,0,0.9999570725659147,TN
0,0,1.0,TN
0,0,1.0,TN
0,0,1.0,TN
0,0,0.9999982955488583,TN
0,0,0.9896789429067965,TN
0,0,0.9999890603051331,TN
0,0,1.0,TN
0,0,0.9999793031946912,TN
0,0,1.0,TN
0,0,0.999988869440132,TN
0,0,1.0,TN
0,0,1.0,TN
0,0,1.0,TN
0,0,1.0,TN
0,0,1.0,TN
0,0,1.0,TN
0,0,1.0,TN
0,0,1.0,TN
0,0,0.9999997802922114,TN
0,0,1.0,TN
0,0,1.0,TN
0,0,1.0,TN
0,0,0.9997654200132858,TN
0,0,1.0,TN
0,1,0.9803231257948402,FP
0,0,0.9999829426818385,TN
0,0,1.0,TN
0,0,0.999393487241045,TN
0,0,0.9999986929901046,TN
0,0,0.9999905825373335,TN
0,0,1.0,TN
0,0,1.0,TN
0,0,1.0,TN
0,0,0.9989909143439291,TN
0,0,1.0,TN
0,0,0.99999972081856,TN
0,0,0.9999961618890127,TN
0,0,1.0,TN
0,0,1.0,TN
0,0,0.99999972081856,TN
0,0,0.9994835616892067,TN
0,0,1.0,TN
0,0,1.0,TN
0,0,0.9999997802922114,TN
0,0,0.9999745355235368,TN
0,0,1.0,TN
0,0,0.9999963815968013,TN
0,0,1.0,TN
0,0,1.0,TN
0,0,0.9999798552223933,TN
0,0,0.9899865610850372,TN
0,0,1.0,TN
0,0,1.0,TN
0,0,0.99999972081856,TN
0,0,0.9998157477480143,TN
0,0,0.9999961618890127,TN
0,0,1.0,TN
0,0,1.0,TN
0,0,1.0,TN
0,0,1.0,TN
0,0,1.0,TN
0,0,1.0,TN
0,0,0.9999748141830581,TN
0,0,1.0,TN
0,0,0.9994953748772913,TN
0,0,0.9999321322296163,TN
0,0,0.9973927190691306,TN
0,0,1.0,TN
0,0,1.0,TN
0,0,1.0,TN
0,0,1.0,TN
0,0,0.99999972081856,TN
0,0,0.9998251426440754,TN
0,0,1.0,TN
0,0,1.0,TN
0,0,0.9999980163674184,TN
0,0,0.9999997802922114,TN
0,0,0.9989882181994156,TN
0,0,0.9999823967319001,TN
0,0,1.0,TN
0,0,0.9999793031946912,TN
0,0,1.0,TN
0,0,1.0,TN
0,0,0.9999741298788112,TN
0,0,1.0,TN
0,0,1.0,TN
0,0,1.0,TN
0,0,0.9990837526474904,TN
0,0,0.9999993233773138,TN
0,0,0.9999986929901046,TN
0,0,0.9999997802922114,TN
0,0,0.9976776449930392,TN
0,0,1.0,TN
0,0,0.9999963815968013,TN
0,0,0.99999972081856,TN
0,0,1.0,TN
0,0,0.9999993233773138,TN
0,0,1.0,TN
0,0,0.9999986929901046,TN
0,0,0.9997259644883881,TN
0,0,0.9958236887654017,TN
0,0,1.0,TN
0,0,0.9999993233773138,TN
0,0,1.0,TN
0,0,1.0,TN
0,0,1.0,TN
0,0,1.0,TN
0,0,1.0,TN
0,0,1.0,TN
0,0,0.9999827229740501,TN
0,0,0.9999594906588121,TN
0,0,0.9998157477480143,TN
0,0,0.99999972081856,TN
0,0,1.0,TN
0,0,1.0,TN
0,0,1.0,TN
0,0,0.9999997802922114,TN
0,0,0.9999990441958738,TN
0,0,0.9983801532891221,TN
0,0,0.9977162091691539,TN
0,0,1.0,TN
0,0,1.0,TN
0,0,0.99999972081856,TN
0,0,0.9998985338030727,TN
0,0,0.9999963815968013,TN
0,0,0.9999279787483465,TN
0,0,0.9999997802922114,TN
0,0,1.0,TN
0,0,0.9999990441958738,TN
0,0,1.0,TN
0,0,1.0,TN
0,0,0.9999748141830581,TN
0,0,1.0,TN
0,0,1.0,TN
0,0,1.0,TN
0,0,0.9998933564347703,TN
0,0,1.0,TN
0,0,1.0,TN
0,0,1.0,TN
0,0,0.9999627213420317,TN
0,0,1.0,TN
0,0,1.0,TN
0,0,1.0,TN
0,0,1.0,TN
0,0,1.0,TN
0,0,1.0,TN
0,0,1.0,TN
0,0,0.9999670771187055,TN
0,0,1.0,TN
0,0,1.0,TN
0,0,1.0,TN
0,0,1.0,TN
0,0,0.9999993233773138,TN
0,0,1.0,TN
0,0,1.0,TN
0,0,0.9999640347664206,TN
0,0,1.0,TN
0,0,1.0,TN
0,0,1.0,TN
0,0,1.0,TN
0,0,1.0,TN
0,0,0.9998470137812493,TN
0,0,0.9999826166230619,TN
0,0,1.0,TN
0,0,1.0,TN
0,0,1.0,TN
0,0,1.0,TN
0,0,0.9999718461050365,TN
0,0,0.9999993233773138,TN
0,0,0.99999972081856,TN
0,0,0.9639703491405741,TN
0,0,1.0,TN
0,0,1.0,TN
0,0,0.99999972081856,TN
0,0,1.0,TN
0,0,1.0,TN
0,0,1.0,TN
0,0,0.9999686574971741,TN
0,0,1.0,TN
0,0,1.0,TN
0,0,1.0,TN
0,0,1.0,TN
0,0,1.0,TN
0,0,1.0,TN
0,0,1.0,TN
0,0,0.9999788305494216,TN
0,0,1.0,TN
0,0,0.9998467940734606,TN
0,0,1.0,TN
0,0,1.0,TN
0,0,0.9999990441958738,TN
0,0,1.0,TN
0,0,0.9999997802922114,TN
0,0,1.0,TN
0,0,1.0,TN
0,0,0.9517752722169752,TN
0,0,1.0,TN
0,0,0.9999791411042945,TN
0,0,0.9999958847736626,TN
0,0,1.0,TN
0,0,1.0,TN
0,0,1.0,TN
0,0,0.9952744824482663,TN
0,0,0.9999963815968013,TN
0,0,1.0,TN
0,0,0.9994273817752547,TN
0,0,0.9999122722580783,TN
0,0,1.0,TN
0,0,1.0,TN
0,0,1.0,TN
0,0,1.0,TN
0,0,1.0,TN
0,0,0.9999997802922114,TN
0,0,0.9999958827075727,TN
0,0,1.0,TN
0,0,1.0,TN
0,0,0.9999980664185237,TN
0,0,0.9999993233773138,TN
0,0,1.0,TN
0,0,0.999994651090012,TN
0,0,0.9999989721715445,TN
0,0,0.9999961024153613,TN
0,0,0.99999972081856,TN
0,0,0.9998784427550084,TN
0,0,1.0,TN
0,0,1.0,TN
0,0,0.9999482285899398,TN
0,0,0.9999995011107714,TN
0,0,1.0,TN
0,0,1.0,TN
0,0,1.0,TN
0,0,1.0,TN
0,0,0.9999714105686788,TN
0,0,0.9978929567634505,TN
0,0,1.0,TN
0,0,1.0,TN
0,0,1.0,TN
0,0,1.0,TN
0,0,1.0,TN
0,0,1.0,TN
0,0,1.0,TN
0,0,1.0,TN
0,0,1.0,TN
0,0,0.9999704163404641,TN
0,0,0.9999733226928257,TN
0,0,1.0,TN
0,0,0.9999963815968013,TN
0,0,1.0,TN
0,0,1.0,TN
0,0,1.0,TN
0,0,0.9999781539267354,TN
0,0,0.9999890603051331,TN
0,0,0.9999805276871586,TN
0,0,1.0,TN
0,0,1.0,TN
0,0,1.0,TN
0,0,0.999979265191078,TN
0,0,1.0,TN
0,0,1.0,TN
0,0,1.0,TN
0,0,1.0,TN
0,0,1.0,TN
0,0,0.9999943921296526,TN
0,0,1.0,TN
0,0,1.0,TN
0,0,1.0,TN
0,0,0.9999961308641323,TN
0,0,1.0,TN
0,0,1.0,TN
0,0,0.9999103400636775,TN
0,0,0.9999704163404641,TN
0,0,0.9987178148938893,TN
0,0,0.9997337028493658,TN
0,0,0.999994651090012,TN
0,0,1.0,TN
0,0,0.9999766348601398,TN
0,0,1.0,TN
0,0,1.0,TN
0,0,0.9996188472039119,TN
0,0,1.0,TN
0,0,0.9999928661867743,TN
0,0,1.0,TN
0,0,0.9999362510619566,TN
0,0,1.0,TN
0,0,0.9999963815968013,TN
0,0,1.0,TN
0,0,0.9992738167010458,TN
0,0,1.0,TN
0,0,1.0,TN
0,0,0.9999993984874616,TN
0,0,1.0,TN
0,0,0.9999321322296163,TN
0,0,0.9999938997821352,TN
0,0,1.0,TN
0,0,0.9999900737751024,TN
0,0,1.0,TN
0,0,0.9999997802922114,TN
0,0,0.9999718461050365,TN
0,0,1.0,TN
0,0,1.0,TN
0,0,1.0,TN
0,0,0.9999667330647306,TN
0,0,0.9999789213965059,TN
0,0,0.9999704163404641,TN
0,0,1.0,TN
0,0,1.0,TN
0,0,1.0,TN
0,0,1.0,TN
0,0,1.0,TN
0,0,1.0,TN
0,0,0.9999886826537445,TN
0,0,1.0,TN
0,0,1.0,TN
0,0,0.9999625468164794,TN
0,0,0.9999963815968013,TN
0,0,1.0,TN
0,0,0.9999980664185237,TN
0,0,1.0,TN
0,0,1.0,TN
0,0,0.99999972081856,TN
0,0,0.9999321322296163,TN
0,0,1.0,TN
0,0,1.0,TN
0,0,0.9999788305494216,TN
0,0,0.9999961618890127,TN
0,0,0.9999980163674184,TN
0,0,1.0,TN
0,0,0.9986194312161413,TN
0,0,1.0,TN
0,0,0.9995361004523727,TN
0,0,0.99999972081856,TN
0,0,0.9998512387752894,TN
0,0,0.99,TN
0,0,1.0,TN
0,0,1.0,TN
0,0,1.0,TN
0,0,0.9999993233773138,TN
0,0,1.0,TN
0,0,1.0,TN
0,0,1.0,TN
0,0,0.9998661032806385,TN
0,0,0.9999987941274004,TN
0,0,1.0,TN
0,0,0.9996842653884872,TN
0,0,1.0,TN
0,0,0.9999670771187055,TN
0,0,0.9993068644719264,TN
0,0,1.0,TN
0,0,1.0,TN
0,0,0.999979265191078,TN
0,0,1.0,TN
0,0,1.0,TN
0,0,0.9998136645962734,TN
0,0,1.0,TN
0,0,1.0,TN
0,0,1.0,TN
0,0,1.0,TN
0,0,1.0,TN
0,0,1.0,TN
0,0,1.0,TN
0,0,1.0,TN
0,0,1.0,TN
0,0,0.9876054639980483,TN
0,0,1.0,TN
0,0,0.99999972081856,TN
0,0,1.0,TN
0,0,0.9999963815968013,TN
0,0,1.0,TN
0,0,1.0,TN
0,0,0.9997233669674543,TN
0,0,0.99999972081856,TN
0,0,1.0,TN
0,0,0.9999886826537445,TN
0,0,1.0,TN
0,0,0.9999321322296163,TN
0,0,1.0,TN
0,0,1.0,TN
0,0,1.0,TN
0,0,1.0,TN
0,0,1.0,TN
0,0,0.9999781539267354,TN
0,0,1.0,TN
0,0,1.0,TN
0,0,1.0,TN
0,0,1.0,TN
0,0,0.9999581865410567,TN
0,0,1.0,TN
0,0,0.9999995011107714,TN
0,0,0.9999742094647601,TN
0,0,0.99999972081856,TN
0,0,1.0,TN
0,0,0.9999899059146473,TN
0,0,1.0,TN
0,0,1.0,TN
0,0,1.0,TN
0,0,1.0,TN
0,0,0.9999886826537445,TN
0,0,0.9999989721715445,TN
0,0,1.0,TN
0,0,1.0,TN
0,0,0.99999972081856,TN
0,0,1.0,TN
0,0,1.0,TN
0,0,0.9999819738621001,TN
0,0,1.0,TN
0,0,1.0,TN
0,0,1.0,TN
0,0,0.9999823969152735,TN
0,0,1.0,TN
0,0,0.9999640347664206,TN
0,0,0.9999961618890127,TN
0,0,0.9998680368621148,TN
0,0,1.0,TN
0,0,1.0,TN
0,0,0.9999793031946912,TN
0,0,1.0,TN
0,0,1.0,TN
0,0,1.0,TN
0,0,0.9999921649310256,TN
0,0,0.9997591760083435,TN
0,0,0.9999150554243303,TN
0,0,1.0,TN
0,0,1.0,TN
0,0,1.0,TN
0,0,1.0,TN
0,0,0.9999640347664206,TN
0,0,1.0,TN
0,0,1.0,TN
0,0,1.0,TN
0,0,0.9999333554905192,TN
0,0,1.0,TN
0,0,0.9998157477480143,TN
0,0,1.0,TN
0,0,1.0,TN
0,0,0.9990858414455278,TN
0,0,0.9999886826537445,TN
0,0,0.9998709761502742,TN
0,0,0.9999995011107714,TN
0,0,0.9999621011849443,TN
0,0,0.9997991284216261,TN
0,0,0.9999986929901046,TN
0,0,1.0,TN
0,0,0.9999989721715445,TN
0,0,0.99999972081856,TN
0,0,0.9998512387752894,TN
0,0,0.9999800335555498,TN
0,0,1.0,TN
0,0,0.9999993233773138,TN
0,0,0.9983427982687435,TN
0,0,1.0,TN
0,0,0.9999993233773138,TN
0,0,0.992797686000407,TN
0,0,0.9999227147669498,TN
0,0,0.99999972081856,TN
0,0,0.9999865610850373,TN
0,0,0.9999938997821352,TN
0,0,0.9999793031946912,TN
0,0,0.9999823969152735,TN
0,0,1.0,TN
0,0,0.9999990441958738,TN
0,0,1.0,TN
0,0,1.0,TN
0,0,1.0,TN
0,0,1.0,TN
0,0,1.0,TN
0,0,0.9999865610850373,TN
0,0,1.0,TN
0,0,0.9999989721715445,TN
0,0,1.0,TN
0,0,1.0,TN
0,0,0.9999865610850373,TN
0,0,0.9999993233773138,TN
0,0,1.0,TN
0,0,0.9970314946231197,TN
0,0,0.9999982955488583,TN
0,0,0.9999995011107714,TN
0,0,0.9999995011107714,TN
0,0,1.0,TN
0,0,1.0,TN
0,0,1.0,TN
0,0,0.9998568544833912,TN
0,0,1.0,TN
0,0,1.0,TN
0,0,1.0,TN
0,0,1.0,TN
0,0,1.0,TN
0,0,0.99999972081856,TN
0,0,0.999971979812199,TN
0,0,1.0,TN
0,0,1.0,TN
0,0,1.0,TN
0,0,1.0,TN
0,0,1.0,TN
0,0,0.9999938997821352,TN
0,0,1.0,TN
0,0,1.0,TN
0,0,1.0,TN
0,0,0.9999990441958738,TN
0,0,0.9999886826537445,TN
0,0,0.9999990441958738,TN
0,0,1.0,TN
0,0,1.0,TN
0,0,0.9999886826537445,TN
0,0,1.0,TN
0,0,0.9999986929901046,TN
0,0,1.0,TN
0,0,0.9999995011107714,TN
0,0,0.9999665802955665,TN
0,0,0.9999788305494216,TN
0,0,0.9999858844623511,TN
0,0,1.0,TN
0,0,0.9999865610850373,TN
0,0,0.9997627044035653,TN
0,0,1.0,TN
0,0,1.0,TN
0,0,1.0,TN
0,0,1.0,TN
0,0,1.0,TN
0,0,0.99999972081856,TN
0,0,0.9999883718797458,TN
0,0,1.0,TN
0,0,0.9999997802922114,TN
0,0,0.9999963815968013,TN
0,0,1.0,TN
0,0,1.0,TN
0,0,0.99999972081856,TN
0,0,0.9060348269908087,TN
0,0,1.0,TN
0,0,1.0,TN
0,0,1.0,TN
0,0,1.0,TN
0,0,1.0,TN
0,0,1.0,TN
0,0,0.9999886826537445,TN
0,0,1.0,TN
0,0,0.9999865610850373,TN
0,0,1.0,TN
0,0,1.0,TN
0,0,1.0,TN
0,0,0.99999972081856,TN
0,0,0.9999660688317984,TN
0,0,1.0,TN
0,0,0.9999819738621001,TN
0,0,1.0,TN
0,0,1.0,TN
0,0,0.9999957049741152,TN
0,0,0.9997438681312124,TN
0,0,1.0,TN
0,0,0.9999899059146473,TN
0,0,0.9997764526846646,TN
0,0,0.9999865610850373,TN
0,0,1.0,TN
0,0,1.0,TN
0,0,1.0,TN
0,0,0.9999795766406521,TN
0,0,0.9997650556473684,TN
0,0,1.0,TN
0,0,1.0,TN
0,0,1.0,TN
0,0,1.0,TN
0,0,0.9999937796203292,TN
0,0,1.0,TN
0,0,1.0,TN
0,0,0.9988500563087764,TN
0,0,1.0,TN
0,0,0.9999922694643842,TN
0,0,0.9999279787483465,TN
0,0,0.9999865610850373,TN
0,0,1.0,TN
0,0,0.9991512520295548,TN
0,0,0.9998920721056176,TN
0,0,1.0,TN
0,0,1.0,TN
0,0,0.9999993233773138,TN
0,0,1.0,TN
0,0,1.0,TN
0,0,1.0,TN
0,0,1.0,TN
0,0,1.0,TN
0,0,1.0,TN
0,0,1.0,TN
0,0,1.0,TN
0,0,0.9999994579611129,TN
0,0,1.0,TN
0,0,1.0,TN
0,0,1.0,TN
0,0,1.0,TN
0,0,0.9999961024153613,TN
0,0,1.0,TN
0,0,1.0,TN
0,0,1.0,TN
0,0,1.0,TN
0,0,0.9999996776689015,TN
0,0,1.0,TN
0,0,1.0,TN
0,0,1.0,TN
0,0,0.9999826166230619,TN
0,0,1.0,TN
0,0,0.9999704163404641,TN
0,0,0.9999627213420317,TN
0,0,0.9999997802922114,TN
0,0,1.0,TN
0,0,0.9987140012881074,TN
0,0,0.9999980664185237,TN
0,0,0.9999009200283087,TN
0,0,1.0,TN
0,0,0.9999961618890127,TN
0,0,1.0,TN
0,0,0.9953744050507402,TN
0,0,0.9999997802922114,TN
0,0,0.9985434865928968,TN
0,0,1.0,TN
0,0,0.9999627213420317,TN
0,0,1.0,TN
0,0,1.0,TN
0,0,0.9999963815968013,TN
0,0,0.9978877476205601,TN
0,0,1.0,TN
0,0,1.0,TN
0,0,0.9999963815968013,TN
0,0,1.0,TN
0,0,0.9999733226928257,TN
0,0,0.9999982955488583,TN
0,0,0.9990056719485783,TN
0,0,0.9999986929901046,TN
0,0,1.0,TN
0,0,0.99999972081856,TN
0,0,0.9999963815968013,TN
0,0,0.997393289170709,TN
0,0,1.0,TN
0,0,1.0,TN
0,0,1.0,TN
0,0,1.0,TN
0,0,1.0,TN
0,0,1.0,TN
0,0,1.0,TN
0,0,0.999985741444867,TN
0,0,1.0,TN
0,0,0.999979265191078,TN
0,0,0.9994715441862901,TN
0,0,0.9995530125444588,TN
0,0,0.9999723443945663,TN
0,0,1.0,TN
0,0,1.0,TN
0,0,0.9999279787483465,TN
0,0,0.9999802532633385,TN
0,0,1.0,TN
0,0,1.0,TN
0,0,0.888812387742614,TN
0,0,0.9997991284216261,TN
0,0,1.0,TN
0,0,0.9989882181994156,TN
0,0,0.9981241629780956,TN
0,0,1.0,TN
0,0,1.0,TN
0,0,1.0,TN
0,0,0.9992738167010458,TN
0,0,0.9999961024153613,TN
0,0,1.0,TN
0,0,0.8963799436393336,TN
0,0,1.0,TN
0,0,1.0,TN
0,0,1.0,TN
0,0,1.0,TN
0,0,1.0,TN
0,0,1.0,TN
0,0,0.99999972081856,TN
0,0,1.0,TN
0,0,1.0,TN
0,0,1.0,TN
0,0,1.0,TN
0,0,0.9999781539267354,TN
0,0,1.0,TN
0,0,0.9999807963150961,TN
0,0,0.9999858844623511,TN
0,0,1.0,TN
0,0,1.0,TN
0,0,1.0,TN
0,0,0.9999858844623511,TN
0,0,1.0,TN
0,0,0.9999826166230619,TN
0,0,0.9999919902829444,TN
0,0,1.0,TN
0,0,1.0,TN
0,0,1.0,TN
0,0,1.0,TN
0,0,1.0,TN
0,0,1.0,TN
0,0,1.0,TN
0,0,1.0,TN
0,0,1.0,TN
0,0,1.0,TN
0,0,0.9999963815968013,TN
0,0,1.0,TN
0,0,1.0,TN
0,0,1.0,TN
0,0,0.9999795094272129,TN
0,0,0.9999355614219472,TN
0,0,0.9999997802922114,TN
0,0,1.0,TN
0,0,0.9991305525506294,TN
0,0,1.0,TN
0,0,1.0,TN
0,0,1.0,TN
0,0,1.0,TN
0,0,1.0,TN
0,0,1.0,TN
0,0,1.0,TN
0,0,1.0,TN
0,0,0.9838657055821136,TN
0,0,0.9999997802922114,TN
0,0,0.9999704163404641,TN
0,0,1.0,TN
0,0,0.9993275296996782,TN
0,0,1.0,TN
0,0,0.9999795094272129,TN
0,0,1.0,TN
0,0,1.0,TN
0,0,0.9999867242557221,TN
0,0,0.9999963815968013,TN
0,0,1.0,TN
0,0,1.0,TN
0,0,0.9999788619228545,TN
0,0,1.0,TN
0,0,0.9999640347664206,TN
0,0,1.0,TN
0,0,1.0,TN
0,0,1.0,TN
0,0,1.0,TN
0,0,1.0,TN
0,0,0.9999826166230619,TN
0,0,0.9999733226928257,TN
0,0,0.9999793031946912,TN
0,0,1.0,TN
0,0,1.0,TN
0,0,1.0,TN
0,0,1.0,TN
0,0,1.0,TN
0,0,1.0,TN
0,0,1.0,TN
0,0,1.0,TN
0,0,1.0,TN
0,0,1.0,TN
0,0,1.0,TN
0,0,0.9999915928416983,TN
0,0,0.9980815314381004,TN
0,0,0.9999886826537445,TN
0,0,1.0,TN
0,0,1.0,TN
0,0,0.9999963815968013,TN
0,0,1.0,TN
0,0,0.9999819738621001,TN
0,0,1.0,TN
0,0,1.0,TN
0,0,1.0,TN
0,0,0.9999990441958738,TN
0,0,0.9999964428835973,TN
0,0,1.0,TN
0,0,0.9999986929901046,TN
0,0,0.9999826166230619,TN
0,0,0.999041404955185,TN
0,0,0.9999899059146473,TN
0,0,1.0,TN
0,0,0.9999980664185237,TN
0,0,1.0,TN
0,0,0.9999660365728674,TN
0,0,1.0,TN
0,0,0.9999865610850373,TN
0,0,1.0,TN
0,0,1.0,TN
0,0,0.9999858844623511,TN
0,0,1.0,TN
0,0,1.0,TN
0,0,0.9999982955488583,TN
0,0,0.9999795094272129,TN
0,0,0.9999805276871586,TN
0,0,0.9999993233773138,TN
0,0,1.0,TN
0,0,1.0,TN
0,0,1.0,TN
0,0,1.0,TN
0,0,1.0,TN
0,0,1.0,TN
0,0,0.9999805276871586,TN
0,0,0.9999826166230619,TN
0,0,0.9999963815968013,TN
0,0,0.9963598380309826,TN
0,0,1.0,TN
0,0,0.9998711958580628,TN
0,0,1.0,TN
0,0,1.0,TN
0,0,1.0,TN
0,0,0.9999487951807228,TN
0,0,1.0,TN
0,0,1.0,TN
0,0,1.0,TN
0,0,0.9999723443945663,TN
0,0,0.9999986929901046,TN
0,0,1.0,TN
0,0,0.9990651577998824,TN
0,0,1.0,TN
0,0,1.0,TN
0,0,0.9999886826537445,TN
0,0,1.0,TN
0,0,0.9955348207466337,TN
0,0,0.9999963815968013,TN
0,0,0.9999958847736626,TN
0,0,1.0,TN
0,0,1.0,TN
0,0,1.0,TN
0,0,1.0,TN
0,0,1.0,TN
0,0,0.9998657355910542,TN
0,0,1.0,TN
0,0,1.0,TN
0,0,1.0,TN
0,0,0.9798063873915868,TN
0,0,0.9998648559113833,TN
0,0,1.0,TN
0,0,1.0,TN
0,0,0.9991709879993914,TN
0,0,0.9999957800842628,TN
0,0,0.9849936853562893,TN
0,0,1.0,TN
0,0,1.0,TN
0,0,1.0,TN
0,0,1.0,TN
0,0,1.0,TN
0,0,0.9999758179231865,TN
0,0,0.9999993984874616,TN
0,0,1.0,TN
0,0,1.0,TN
0,0,0.9999919471332858,TN
0,0,1.0,TN
0,0,0.9999938997821352,TN
0,0,0.999949879775857,TN
0,0,0.9994835616892067,TN
0,0,0.9999584345462483,TN
0,0,0.9999343485283815,TN
0,0,0.9999980163674184,TN
0,0,0.9999993233773138,TN
0,0,1.0,TN
0,0,0.9988753213346362,TN
0,0,1.0,TN
0,0,0.9999788305494216,TN
0,0,0.9999958847736626,TN
0,0,1.0,TN
0,0,1.0,TN
0,0,0.9999961618890127,TN
0,0,1.0,TN
0,0,0.998411041366093,TN
0,0,1.0,TN
0,0,1.0,TN
0,0,0.9989255859274835,TN
0,0,1.0,TN
0,0,0.9982149185175547,TN
0,0,0.9999557839614606,TN
0,0,0.9993442946608009,TN
0,0,0.9997627044035653,TN
0,0,1.0,TN
0,0,0.9999961618890127,TN
0,0,0.9999788305494216,TN
0,0,1.0,TN
0,0,1.0,TN
0,0,1.0,TN
0,0,1.0,TN
0,0,0.9992816274634457,TN
0,0,0.9999996776689015,TN
0,0,1.0,TN
0,0,0.9827600168892531,TN
0,0,1.0,TN
0,0,0.9994273817752547,TN
0,0,0.9994527284769994,TN
0,0,1.0,TN
0,0,0.9999826166230619,TN
0,0,1.0,TN
0,0,1.0,TN
0,0,0.9999865610850373,TN
0,0,1.0,TN
0,0,1.0,TN
0,0,1.0,TN
0,0,1.0,TN
0,0,1.0,TN
0,0,1.0,TN
0,0,0.9999074843422924,TN
0,0,1.0,TN
0,0,1.0,TN
0,0,0.9987709202426052,TN
0,0,1.0,TN
0,0,1.0,TN
0,0,1.0,TN
0,0,1.0,TN
0,0,1.0,TN
0,0,1.0,TN
0,0,1.0,TN
0,0,1.0,TN
0,0,1.0,TN
0,0,1.0,TN
0,0,0.9999227147669498,TN
0,0,0.9999931922932258,TN
0,0,1.0,TN
0,0,1.0,TN
0,0,1.0,TN
0,0,0.9999355614219472,TN
0,0,0.9999986929901046,TN
0,0,1.0,TN
0,0,0.999994651090012,TN
0,0,1.0,TN
0,0,0.9999995011107714,TN
0,0,1.0,TN
0,0,1.0,TN
0,0,0.9999963815968013,TN
0,0,0.9999793031946912,TN
0,0,1.0,TN
0,0,0.9999886826537445,TN
0,0,0.9999997802922114,TN
0,0,0.9999762965140352,TN
0,0,0.9999680296609462,TN
0,0,0.9999997802922114,TN
0,0,1.0,TN
0,0,1.0,TN
0,0,1.0,TN
0,0,1.0,TN
0,0,0.9999990441958738,TN
0,0,1.0,TN
0,0,1.0,TN
0,0,0.9999890603051331,TN
0,0,0.9999963815968013,TN
0,0,0.9999879165855147,TN
0,0,0.9800897666068222,TN
0,0,0.9847919736739575,TN
0,0,0.9999986929901046,TN
0,0,0.9999858844623511,TN
0,0,0.9999993233773138,TN
0,0,0.9923191374663073,TN
0,0,1.0,TN
0,0,1.0,TN
0,0,1.0,TN
0,0,1.0,TN
0,0,1.0,TN
0,0,1.0,TN
0,0,0.9990083754257814,TN
0,0,0.9999627213420317,TN
0,0,1.0,TN
0,0,1.0,TN
0,0,1.0,TN
0,0,1.0,TN
0,0,0.99999972081856,TN
0,0,1.0,TN
0,0,1.0,TN
0,0,1.0,TN
0,0,1.0,TN
0,0,1.0,TN
0,0,0.9999319518889166,TN
0,0,1.0,TN
0,0,1.0,TN
0,0,1.0,TN
0,0,0.9865270627521915,TN
0,0,1.0,TN
0,0,1.0,TN
0,0,1.0,TN
0,0,1.0,TN
0,0,0.9990083754257814,TN
0,0,1.0,TN
0,0,0.9998709761502742,TN
0,0,0.9990092473476027,TN
0,0,1.0,TN
0,0,1.0,TN
0,0,1.0,TN
0,0,0.99999972081856,TN
0,0,0.9999986929901046,TN
0,0,1.0,TN
0,0,1.0,TN
0,0,1.0,TN
0,0,0.9999883718797458,TN
0,0,1.0,TN
0,0,0.9999634925463948,TN
0,0,1.0,TN
0,0,1.0,TN
0,0,1.0,TN
0,0,1.0,TN
0,0,1.0,TN
0,0,0.99999972081856,TN
0,0,0.9998414553933145,TN
0,0,1.0,TN
0,0,1.0,TN
0,0,0.960300940169717,TN
0,0,1.0,TN
0,0,0.9999990441958738,TN
0,0,0.99999972081856,TN
0,0,1.0,TN
0,0,1.0,TN
0,0,1.0,TN
0,0,1.0,TN
0,0,1.0,TN
0,0,0.9999765087477036,TN
0,0,1.0,TN
0,0,0.9999704163404641,TN
0,0,1.0,TN
0,0,0.9429920579465672,TN
0,0,0.9998989288819149,TN
0,0,0.9993275296996782,TN
0,0,0.998555720965494,TN
0,0,0.9998711958580628,TN
0,0,1.0,TN
0,0,0.9999990441958738,TN
0,0,1.0,TN
0,0,1.0,TN
0,0,1.0,TN
0,0,1.0,TN
0,0,1.0,TN
0,0,1.0,TN
0,0,0.9997698389324046,TN
0,0,1.0,TN
0,0,0.9999781539267354,TN
0,0,1.0,TN
0,0,1.0,TN
0,0,0.9999958847736626,TN
0,0,0.9985764943453996,TN
0,0,0.9999990441958738,TN
0,0,0.999968936678614,TN
0,0,1.0,TN
0,0,0.9999958827075727,TN
0,0,0.9996255470975476,TN
0,0,0.9999916679518459,TN
0,0,0.9778673741486343,TN
0,0,1.0,TN
0,0,0.9996078802835754,TN
0,0,0.9999963815968013,TN
0,0,0.9999427729531857,TN
0,0,0.99999972081856,TN
0,0,1.0,TN
0,0,1.0,TN
0,0,1.0,TN
0,0,1.0,TN
0,0,0.9999748860874463,TN
0,0,1.0,TN
0,0,0.99999972081856,TN
0,0,0.9999957800842628,TN
0,0,1.0,TN
0,0,0.9989882181994156,TN
0,0,1.0,TN
0,0,1.0,TN
0,0,1.0,TN
0,0,1.0,TN
0,0,1.0,TN
0,0,1.0,TN
0,0,1.0,TN
0,0,0.9978877476205601,TN
0,0,1.0,TN
0,0,1.0,TN
0,0,0.999330366234618,TN
0,0,1.0,TN
0,0,0.9994527284769994,TN
0,0,1.0,TN
0,0,0.9999793031946912,TN
0,0,1.0,TN
0,0,0.9999989721715445,TN
0,0,1.0,TN
0,0,1.0,TN
0,0,0.99999972081856,TN
0,0,1.0,TN
0,0,1.0,TN
0,0,0.9999980163674184,TN
0,0,1.0,TN
0,0,0.999508094645081,TN
0,0,0.9999995011107714,TN
0,0,1.0,TN
0,0,1.0,TN
0,0,1.0,TN
0,0,1.0,TN
0,0,1.0,TN
0,0,1.0,TN
0,0,0.9999990441958738,TN
0,0,0.99999972081856,TN
0,0,0.9948894539522172,TN
0,0,0.9999621011849443,TN
0,0,1.0,TN
0,0,0.9999921649310256,TN
0,0,1.0,TN
0,0,1.0,TN
0,0,1.0,TN
0,0,0.9999963815968013,TN
0,0,1.0,TN
0,0,1.0,TN
0,0,0.999935688712838,TN
0,0,1.0,TN
0,0,0.9999986929901046,TN
0,0,1.0,TN
0,0,0.9999954257926751,TN
0,0,1.0,TN
0,0,0.9919711538461539,TN
0,0,0.9999781539267354,TN
0,0,1.0,TN
0,0,1.0,TN
0,0,1.0,TN
0,0,1.0,TN
0,0,0.99999972081856,TN
0,0,0.9999885159554678,TN
0,0,0.9999734574878251,TN
0,0,0.9993775962088182,TN
0,0,1.0,TN
0,0,1.0,TN
0,1,0.9734383487431681,FP
0,0,1.0,TN
0,0,1.0,TN
0,0,1.0,TN
0,0,0.9999963815968013,TN
0,0,0.99999972081856,TN
0,0,1.0,TN
0,0,1.0,TN
0,0,1.0,TN
0,1,0.8556610052044458,FP
0,0,0.999972541997201,TN
0,0,0.9826992218528393,TN
0,0,0.99999972081856,TN
0,0,1.0,TN
0,0,1.0,TN
0,0,1.0,TN
0,0,1.0,TN
0,0,1.0,TN
0,0,0.9999791411042945,TN
0,0,0.9999074843422924,TN
0,0,0.9998910104776418,TN
0,0,0.9999968106964245,TN
0,0,1.0,TN
0,0,1.0,TN
0,0,0.9971675372684407,TN
0,0,0.9999963815968013,TN
0,0,0.9999704163404641,TN
0,0,1.0,TN
0,0,0.9999960592657028,TN
0,0,1.0,TN
0,0,0.9970623224763625,TN
0,0,1.0,TN
0,0,1.0,TN
0,0,0.9999980163674184,TN
0,0,1.0,TN
0,0,1.0,TN
0,0,1.0,TN
0,0,1.0,TN
0,0,1.0,TN
0,0,0.9998774022599412,TN
0,0,1.0,TN
0,0,1.0,TN
0,0,1.0,TN
0,0,1.0,TN
0,0,0.9999961024153613,TN
0,0,1.0,TN
0,0,0.9997650556473684,TN
0,0,1.0,TN
0,0,0.9999933177413967,TN
0,0,0.9999788619228545,TN
0,0,1.0,TN
0,0,1.0,TN
0,0,1.0,TN
0,0,0.9999950745869058,TN
0,0,0.999542822947745,TN
0,0,1.0,TN
0,0,1.0,TN
0,0,1.0,TN
0,0,0.9999993233773138,TN
0,0,1.0,TN
0,0,0.9999628364607491,TN
0,0,0.9999938997821352,TN
0,0,1.0,TN
0,0,1.0,TN
0,0,1.0,TN
0,0,1.0,TN
0,0,0.999979265191078,TN
0,0,1.0,TN
0,0,0.9999826166230619,TN
0,0,1.0,TN
0,0,0.9999625572793092,TN
0,0,0.9997281070527759,TN
0,0,0.9999961618890127,TN
0,0,1.0,TN
0,0,1.0,TN
0,0,1.0,TN
0,0,0.9997567483817521,TN
0,0,1.0,TN
0,0,1.0,TN
0,0,1.0,TN
0,0,1.0,TN
0,0,0.9999982955488583,TN
0,0,1.0,TN
0,0,1.0,TN
0,0,1.0,TN
0,0,0.9999982955488583,TN
0,0,1.0,TN
0,0,1.0,TN
0,0,1.0,TN
0,0,0.9999986929901046,TN
0,0,0.9999886826537445,TN
0,0,0.9999669026266651,TN
0,0,1.0,TN
0,0,0.9998709761502742,TN
0,0,1.0,TN
0,0,0.9990669932285955,TN
0,0,1.0,TN
0,0,1.0,TN
0,0,0.9999773242630385,TN
0,0,1.0,TN
0,0,0.9999299432402577,TN
0,0,0.9997991284216261,TN
0,0,1.0,TN
0,0,0.9999723443945663,TN
0,0,1.0,TN
0,0,1.0,TN
0,0,0.9999482285899398,TN
0,0,0.9999990441958738,TN
0,0,1.0,TN
0,0,0.9999865610850373,TN
0,0,1.0,TN
0,0,1.0,TN
0,0,1.0,TN
0,0,0.9998711958580628,TN
0,0,1.0,TN
0,0,1.0,TN
0,0,1.0,TN
0,0,0.9992530698130789,TN
0,0,1.0,TN
0,0,1.0,TN
0,0,0.9981709053414266,TN
0,0,0.9988641979376337,TN
0,0,1.0,TN
0,0,0.9992360940782805,TN
0,0,1.0,TN
0,0,1.0,TN
0,0,1.0,TN
0,0,0.9994835616892067,TN
0,0,0.9994679257830914,TN
0,0,0.9999938997821352,TN
0,0,0.999947085607434,TN
0,0,1.0,TN
0,0,1.0,TN
0,0,0.9854241135252139,TN
0,0,1.0,TN
0,0,0.999860457905027,TN
0,0,1.0,TN
0,0,0.9999788619228545,TN
0,0,1.0,TN
0,0,1.0,TN
0,0,0.999994651090012,TN
0,0,1.0,TN
0,0,1.0,TN
0,0,1.0,TN
0,0,0.999997773979479,TN
0,0,1.0,TN
0,0,1.0,TN
0,0,1.0,TN
0,0,1.0,TN
0,0,1.0,TN
0,0,0.9999886826537445,TN
0,0,0.9931521902072896,TN
0,0,0.9999781539267354,TN
0,0,0.99999972081856,TN
0,0,1.0,TN
0,0,0.9999739333376848,TN
0,0,0.9999980163674184,TN
0,0,1.0,TN
0,0,1.0,TN
0,0,0.9999793031946912,TN
0,0,1.0,TN
0,0,0.9999879965944137,TN
0,0,1.0,TN
0,0,1.0,TN
0,0,1.0,TN
0,0,1.0,TN
0,0,0.9999997802922114,TN
0,0,1.0,TN
0,0,1.0,TN
0,0,1.0,TN
0,0,1.0,TN
0,0,1.0,TN
0,0,1.0,TN
0,0,0.9999995011107714,TN
0,0,1.0,TN
0,0,1.0,TN
0,0,0.9999982955488583,TN
0,0,1.0,TN
0,0,0.99999972081856,TN
0,0,1.0,TN
0,0,0.9999982955488583,TN
0,0,1.0,TN
0,0,1.0,TN
0,0,0.9999997802922114,TN
0,0,1.0,TN
0,0,0.9999660688317984,TN
0,0,0.9999793031946912,TN
0,0,1.0,TN
0,0,0.9999899059146473,TN
0,0,1.0,TN
0,0,0.999061998020844,TN
0,0,1.0,TN
0,0,0.9999963815968013,TN
0,0,1.0,TN
0,0,1.0,TN
0,0,0.9971048324524978,TN
0,0,0.99999972081856,TN
0,0,0.9999421129221194,TN
0,0,0.9999640347664206,TN
0,0,1.0,TN
0,0,1.0,TN
0,0,0.9999982955488583,TN
0,0,1.0,TN
0,0,0.9998653846153845,TN
0,0,1.0,TN
0,0,1.0,TN
0,0,0.9999605975441045,TN
0,0,1.0,TN
0,0,1.0,TN
0,0,0.9999995011107714,TN
0,0,0.9999879165855147,TN
0,0,1.0,TN
0,0,1.0,TN
0,0,0.9999918460388529,TN
0,0,0.9999858844623511,TN
0,0,1.0,TN
0,0,0.99999972081856,TN
0,0,0.99999972081856,TN
0,0,1.0,TN
0,0,1.0,TN
0,0,1.0,TN
0,0,1.0,TN
0,0,1.0,TN
0,0,0.9999734574878251,TN
0,0,0.9999800402806238,TN
0,0,0.9998705943455244,TN
0,0,1.0,TN
0,0,1.0,TN
0,0,0.9989071745609932,TN
0,0,1.0,TN
0,0,1.0,TN
0,0,1.0,TN
0,0,0.9999899059146473,TN
0,0,0.9989882181994156,TN
0,0,1.0,TN
0,0,0.9997650556473684,TN
0,0,0.9964438404507782,TN
0,0,1.0,TN
0,0,0.9998959131711354,TN
0,0,1.0,TN
0,0,0.9999963815968013,TN
0,0,1.0,TN
0,0,0.99999972081856,TN
0,0,0.9999711313872389,TN
0,0,0.9997551464367436,TN
0,0,0.9992738167010458,TN
0,0,1.0,TN
0,0,1.0,TN
0,0,0.9999886826537445,TN
0,0,1.0,TN
0,0,0.9984230787351465,TN
0,0,0.9999980163674184,TN
0,0,0.99999972081856,TN
0,0,1.0,TN
0,0,1.0,TN
0,0,0.9999788305494216,TN
0,0,0.9989909143439291,TN
0,0,0.9999986929901046,TN
0,0,0.9974834687063118,TN
0,0,0.9997650556473684,TN
0,0,1.0,TN
0,0,1.0,TN
0,0,0.9999900737751024,TN
0,0,1.0,TN
0,0,0.9989625579219827,TN
0,0,1.0,TN
0,0,0.9999922694643842,TN
0,0,0.9998279862671289,TN
0,0,0.9999657021893317,TN
0,0,0.9999899059146473,TN
0,0,0.9998279862671289,TN
0,0,1.0,TN
0,0,0.9999886826537445,TN
0,0,1.0,TN
0,0,0.9999886826537445,TN
0,0,0.9999963815968013,TN
0,0,0.9999621011849443,TN
0,0,0.9994835616892067,TN
0,0,0.9999982955488583,TN
0,0,1.0,TN
0,0,0.9998968048019711,TN
0,0,1.0,TN
0,0,1.0,TN
0,0,0.9999958847736626,TN
0,0,1.0,TN
0,0,1.0,TN
0,0,0.9985154512788174,TN
0,0,0.9999321322296163,TN
0,0,1.0,TN
0,0,0.99999972081856,TN
0,0,1.0,TN
0,0,0.9997650556473684,TN
0,0,0.99999972081856,TN
0,0,1.0,TN
0,0,0.9999865610850373,TN
0,0,1.0,TN
0,0,1.0,TN
0,0,1.0,TN
0,0,1.0,TN
0,0,1.0,TN
0,0,1.0,TN
0,0,1.0,TN
0,0,0.9999954227356759,TN
0,0,1.0,TN
0,0,1.0,TN
0,0,1.0,TN
0,0,1.0,TN
0,0,0.999975910760418,TN
0,0,0.9999986929901046,TN
0,0,1.0,TN
0,0,1.0,TN
0,0,1.0,TN
0,0,1.0,TN
0,0,0.9999980664185237,TN
0,0,1.0,TN
0,0,1.0,TN
0,0,1.0,TN
0,0,0.9999990441958738,TN
0,0,1.0,TN
0,0,0.998720183794827,TN
0,0,0.9999981175047142,TN
0,0,0.9999953537683459,TN
0,0,0.99999972081856,TN
0,0,1.0,TN
0,0,1.0,TN
0,0,1.0,TN
0,0,1.0,TN
0,0,1.0,TN
0,0,0.99999972081856,TN
0,0,1.0,TN
0,0,0.9999957800842628,TN
0,0,1.0,TN
0,0,1.0,TN
0,0,0.9999826166230619,TN
0,0,1.0,TN
0,0,0.9999723443945663,TN
0,0,0.9999899059146473,TN
0,0,0.9993024077550176,TN
0,0,1.0,TN
0,0,1.0,TN
0,0,1.0,TN
0,0,0.9999919902829444,TN
0,0,1.0,TN
0,0,0.9999886826537445,TN
0,0,0.99,TN
0,0,1.0,TN
0,0,1.0,TN
0,0,1.0,TN
0,0,1.0,TN
0,0,0.9979176818975742,TN
0,0,1.0,TN
0,0,0.9993275296996782,TN
0,0,1.0,TN
0,0,1.0,TN
0,0,0.9999982955488583,TN
0,0,1.0,TN
0,0,1.0,TN
0,0,0.9999762741318174,TN
0,0,0.9999899059146473,TN
0,0,1.0,TN
0,1,0.5232732664106564,FP
0,0,1.0,TN
0,0,1.0,TN
0,0,1.0,TN
0,0,1.0,TN
0,0,0.9995461479786423,TN
0,0,1.0,TN
0,0,0.9999789982198632,TN
0,0,1.0,TN
0,0,1.0,TN
0,0,1.0,TN
0,0,0.9999916679518459,TN
0,0,0.9996545881957444,TN
0,0,0.9989027365385457,TN
0,0,0.9999489175426923,TN
0,0,0.9997764526846646,TN
0,0,1.0,TN
0,0,0.99999972081856,TN
0,0,0.9999996776689015,TN
0,0,1.0,TN
0,0,1.0,TN
0,0,1.0,TN
0,0,1.0,TN
0,0,0.9999826166230619,TN
0,0,1.0,TN
0,0,0.9986343831788536,TN
0,0,0.9939855163404815,TN
0,0,0.9997967922021672,TN
0,0,1.0,TN
0,0,1.0,TN
0,0,0.9998157477480143,TN
0,0,0.9987972176033142,TN
0,0,1.0,TN
0,0,0.9999995011107714,TN
0,0,1.0,TN
0,0,0.9999928661867743,TN
0,0,0.9999145299145299,TN
0,0,1.0,TN
0,0,1.0,TN
0,0,1.0,TN
0,0,0.9999982955488583,TN
0,0,1.0,TN
0,0,1.0,TN
0,0,0.9999955624425642,TN
0,0,1.0,TN
0,0,0.99999972081856,TN
0,0,0.9994174581862072,TN
0,0,0.9999626858048484,TN
0,0,1.0,TN
0,0,1.0,TN
0,0,0.9999679362412024,TN
0,0,1.0,TN
0,0,0.9999886826537445,TN
0,0,0.99999972081856,TN
0,0,1.0,TN
0,0,1.0,TN
0,0,0.9999826166230619,TN
0,0,1.0,TN
0,0,0.9522747451813336,TN
0,0,1.0,TN
0,0,1.0,TN
0,0,0.99999972081856,TN
0,0,1.0,TN
0,0,0.9999624433783368,TN
0,0,0.9993535716986086,TN
0,0,0.999979265191078,TN
0,0,1.0,TN
0,0,0.9999781539267354,TN
0,0,1.0,TN
0,0,0.9999640347664206,TN
0,0,0.99999972081856,TN
0,0,0.99999972081856,TN
0,0,0.9999986929901046,TN
0,0,0.9998688995830372,TN
0,0,0.9992738167010458,TN
0,0,1.0,TN
0,0,0.9999963815968013,TN
0,0,0.9999982955488583,TN
0,0,1.0,TN
0,0,1.0,TN
0,0,1.0,TN
0,0,0.9998711958580628,TN
0,0,1.0,TN
0,0,1.0,TN
0,0,1.0,TN
0,0,0.9999826166230619,TN
0,0,0.9735147608146153,TN
0,0,1.0,TN
0,0,0.9999982955488583,TN
0,0,1.0,TN
0,0,1.0,TN
0,0,1.0,TN
0,0,0.9999704758141154,TN
0,0,1.0,TN
0,0,1.0,TN
0,0,0.9999997802922114,TN
0,0,0.999993620600695,TN
0,0,1.0,TN
0,0,1.0,TN
0,0,1.0,TN
0,0,0.9999922663704639,TN
0,0,1.0,TN
0,0,0.9999704163404641,TN
0,0,1.0,TN
0,0,1.0,TN
0,0,0.999970649829921,TN
0,0,1.0,TN
0,0,1.0,TN
0,0,0.9999997802922114,TN
0,0,1.0,TN
0,0,1.0,TN
0,0,0.9931210477802633,TN
0,0,1.0,TN
0,0,1.0,TN
0,0,1.0,TN
0,0,1.0,TN
0,0,0.9999745355235368,TN
0,0,1.0,TN
0,0,0.9996641071210591,TN
0,0,1.0,TN
0,0,0.9999995011107714,TN
0,0,0.9999060036385689,TN
0,0,0.9999733226928257,TN
0,0,1.0,TN
0,0,0.9993535716986086,TN
0,0,1.0,TN
0,0,1.0,TN
0,0,1.0,TN
0,0,1.0,TN
0,0,1.0,TN
0,0,1.0,TN
0,0,1.0,TN
0,0,0.9999640347664206,TN
0,0,1.0,TN
0,0,0.99999972081856,TN
0,0,0.9999670771187055,TN
0,0,1.0,TN
0,0,1.0,TN
0,0,1.0,TN
0,0,0.9999773242630385,TN
0,0,1.0,TN
0,0,1.0,TN
0,0,0.999826648111104,TN
0,0,1.0,TN
0,0,0.99999972081856,TN
0,0,1.0,TN
0,0,1.0,TN
0,0,1.0,TN
0,0,1.0,TN
0,0,0.9999074843422924,TN
0,0,1.0,TN
0,0,0.9999995011107714,TN
0,0,0.9999074843422924,TN
0,0,1.0,TN
0,0,1.0,TN
0,0,0.9999961308641323,TN
0,0,1.0,TN
0,0,0.9989343020367013,TN
0,0,1.0,TN
0,0,1.0,TN
0,0,0.9999963815968013,TN
0,0,1.0,TN
0,0,0.9999640347664206,TN
0,0,1.0,TN
0,0,0.9991485401963542,TN
0,0,1.0,TN
0,0,1.0,TN
0,0,0.9991378581656489,TN
0,0,0.9999882962476794,TN
0,0,1.0,TN
0,0,1.0,TN
0,0,0.999997133027523,TN
0,0,0.9998896824453877,TN
0,0,1.0,TN
0,0,1.0,TN
0,0,1.0,TN
0,0,0.998876854141348,TN
0,0,1.0,TN
0,0,1.0,TN
0,0,1.0,TN
0,0,1.0,TN
0,0,1.0,TN
0,0,1.0,TN
0,0,0.9999145299145299,TN
0,0,0.9999995011107714,TN
0,0,1.0,TN
0,0,1.0,TN
0,0,1.0,TN
0,0,0.9999993233773138,TN
0,0,0.9999919902829444,TN
0,0,0.9999954257926751,TN
0,0,1.0,TN
0,0,1.0,TN
0,0,0.9999704163404641,TN
0,0,1.0,TN
0,0,1.0,TN
0,0,0.9697705946173936,TN
0,0,1.0,TN
0,0,1.0,TN
0,0,1.0,TN
0,0,0.981636091778904,TN
0,0,1.0,TN
0,0,1.0,TN
0,0,0.9999953537683459,TN
0,0,0.9999805276871586,TN
0,0,0.9996909476470905,TN
0,0,1.0,TN
0,0,1.0,TN
0,0,0.9999921649310256,TN
0,0,0.9999191374663073,TN
0,0,1.0,TN
0,0,1.0,TN
0,0,1.0,TN
0,0,1.0,TN
0,0,1.0,TN
0,0,1.0,TN
0,0,0.9999997802922114,TN
0,0,1.0,TN
0,0,1.0,TN
0,0,0.9990669932285955,TN
0,0,0.9952744824482663,TN
0,0,0.9999074843422924,TN
0,0,0.99999972081856,TN
0,0,1.0,TN
0,0,0.9989450968401304,TN
0,0,1.0,TN
0,0,1.0,TN
0,0,1.0,TN
0,0,1.0,TN
0,0,0.9925,TN
0,0,0.9990651577998824,TN
0,0,1.0,TN
0,0,1.0,TN
0,0,1.0,TN
0,0,1.0,TN
0,0,0.9999279787483465,TN
0,0,1.0,TN
0,0,1.0,TN
0,0,0.9999997802922114,TN
0,0,1.0,TN
0,0,0.9999986929901046,TN
0,0,1.0,TN
0,0,0.9998897992158196,TN
0,0,1.0,TN
0,0,1.0,TN
0,0,0.9996886062950643,TN
0,0,1.0,TN
0,0,0.9999826166230619,TN
0,0,0.9999990441958738,TN
0,0,0.9999990441958738,TN
0,0,0.9997614884670738,TN
0,0,1.0,TN
0,0,0.9999865610850373,TN
0,0,1.0,TN
0,0,0.9999961024153613,TN
0,0,1.0,TN
0,0,0.9999954257926751,TN
0,0,0.9999997802922114,TN
0,0,0.99,TN
0,0,1.0,TN
0,0,1.0,TN
0,0,0.9989255859274835,TN
0,0,0.9999321322296163,TN
0,0,1.0,TN
0,0,0.9999640347664206,TN
0,0,1.0,TN
0,0,1.0,TN
0,0,1.0,TN
0,0,0.9998711958580628,TN
0,0,1.0,TN
0,0,1.0,TN
0,0,1.0,TN
0,0,1.0,TN
0,0,1.0,TN
0,0,0.999061998020844,TN
0,0,0.9999980163674184,TN
0,0,1.0,TN
0,0,1.0,TN
0,0,1.0,TN
0,0,0.9998599968374318,TN
0,0,0.9999993233773138,TN
0,0,1.0,TN
0,0,0.9999958847736626,TN
0,0,1.0,TN
0,0,1.0,TN
0,0,1.0,TN
0,0,0.9999986929901046,TN
0,0,1.0,TN
0,0,1.0,TN
0,0,1.0,TN
0,0,0.9976776449930392,TN
0,0,1.0,TN
0,0,1.0,TN
0,0,1.0,TN
0,0,0.9999826166230619,TN
0,0,1.0,TN
0,0,0.997197887885354,TN
0,0,1.0,TN
0,0,0.9999640347664206,TN
0,0,0.9999943533158857,TN
0,0,1.0,TN
0,0,0.9999362380446334,TN
0,0,1.0,TN
0,0,1.0,TN
0,0,0.9989040718616448,TN
0,0,0.9985422003995662,TN
0,0,1.0,TN
0,0,1.0,TN
0,0,1.0,TN
0,0,0.9987972176033142,TN
0,0,1.0,TN
0,0,1.0,TN
0,0,1.0,TN
0,0,1.0,TN
0,0,1.0,TN
0,0,1.0,TN
0,0,0.9977162091691539,TN
0,0,0.999975910760418,TN
0,0,1.0,TN
0,0,0.9999865610850373,TN
0,0,0.999995665065874,TN
0,0,1.0,TN
0,0,1.0,TN
0,0,1.0,TN
0,0,1.0,TN
0,0,0.9999980163674184,TN
0,0,0.9985317460317461,TN
0,0,0.9999915349887134,TN
0,0,1.0,TN
0,0,1.0,TN
0,0,0.9999781539267354,TN
0,0,0.9996661020085833,TN
0,0,0.9999321322296163,TN
0,0,1.0,TN
0,0,1.0,TN
0,0,1.0,TN
0,0,1.0,TN
0,0,1.0,TN
0,0,1.0,TN
0,0,1.0,TN
0,0,1.0,TN
0,0,1.0,TN
0,0,0.9999911866808125,TN
0,0,0.9999788619228545,TN
0,0,1.0,TN
0,0,1.0,TN
0,0,1.0,TN
0,0,0.9999980163674184,TN
0,0,0.9997991284216261,TN
0,0,1.0,TN
0,0,1.0,TN
0,0,1.0,TN
0,0,1.0,TN
0,0,1.0,TN
0,0,1.0,TN
0,0,1.0,TN
0,0,0.9999943921296526,TN
0,0,1.0,TN
0,0,1.0,TN
0,0,1.0,TN
0,0,0.9999938176308386,TN
0,0,1.0,TN
0,0,1.0,TN
0,0,1.0,TN
0,0,1.0,TN
0,0,1.0,TN
0,0,1.0,TN
0,0,1.0,TN
0,0,0.9998414553933145,TN
0,0,1.0,TN
0,0,1.0,TN
0,0,0.9999963815968013,TN
0,0,0.9999963815968013,TN
0,0,1.0,TN
0,0,0.9999711313872389,TN
0,0,0.9999477611940298,TN
0,0,1.0,TN
0,0,0.9999986929901046,TN
0,0,0.9999865610850373,TN
0,0,0.999994197282656,TN
0,0,1.0,TN
0,0,1.0,TN
0,0,0.9959861692465194,TN
0,0,1.0,TN
0,0,1.0,TN
0,0,1.0,TN
0,0,1.0,TN
0,0,1.0,TN
0,0,1.0,TN
0,0,1.0,TN
0,0,0.9999980163674184,TN
0,0,0.9999640347664206,TN
0,0,0.9999982955488583,TN
0,0,1.0,TN
0,0,1.0,TN
0,0,0.9999990441958738,TN
0,0,0.99999972081856,TN
0,0,1.0,TN
0,0,1.0,TN
0,0,1.0,TN
0,0,0.999983147558899,TN
0,0,1.0,TN
0,0,0.9999668574109166,TN
0,0,0.9999963815968013,TN
0,0,0.9999874256949545,TN
0,0,0.9999826166230619,TN
0,0,1.0,TN
0,0,0.9999995011107714,TN
0,0,1.0,TN
0,0,0.9999705910615614,TN
0,0,0.9994408233624505,TN
0,0,0.9986747275663381,TN
0,0,0.9979830898092092,TN
0,0,0.9992849400980485,TN
0,0,0.9999986929901046,TN
0,0,1.0,TN
0,0,0.9991539381161377,TN
0,0,1.0,TN
0,0,1.0,TN
0,0,0.9999786422150659,TN
0,0,1.0,TN
0,0,0.9999975315837284,TN
0,0,0.9999990441958738,TN
0,0,0.9996698778314976,TN
0,0,1.0,TN
0,0,0.9998680368621148,TN
0,0,0.9996909476470905,TN
0,0,1.0,TN
0,0,0.9999993233773138,TN
0,0,1.0,TN
0,0,1.0,TN
0,0,1.0,TN
0,0,1.0,TN
0,0,1.0,TN
0,0,1.0,TN
0,0,0.9997451610624286,TN
0,0,1.0,TN
0,0,0.99999972081856,TN
0,0,1.0,TN
0,0,1.0,TN
0,0,1.0,TN
0,0,1.0,TN
0,0,0.9999943921296526,TN
0,0,0.9997672591775122,TN
0,0,1.0,TN
0,0,1.0,TN
0,0,1.0,TN
0,0,0.9999986929901046,TN
0,0,1.0,TN
0,0,1.0,TN
0,0,0.9999954257926751,TN
0,0,1.0,TN
0,0,1.0,TN
0,0,0.9999954227356759,TN
0,0,0.99999972081856,TN
0,0,1.0,TN
0,0,0.999997773979479,TN
0,0,1.0,TN
0,0,0.9999321322296163,TN
0,0,1.0,TN
0,0,0.9999140364667872,TN
0,0,1.0,TN
0,0,1.0,TN
0,0,1.0,TN
0,0,1.0,TN
0,0,1.0,TN
0,0,1.0,TN
0,0,1.0,TN
0,0,0.9999958847736626,TN
0,0,1.0,TN
0,0,1.0,TN
0,0,0.9999905825373335,TN
0,0,1.0,TN
0,0,0.9999997802922114,TN
0,0,1.0,TN
0,0,0.9999468376022423,TN
0,0,0.9992092159748036,TN
0,0,1.0,TN
0,0,1.0,TN
0,0,1.0,TN
0,0,0.9999321322296163,TN
0,0,0.99999972081856,TN
0,0,1.0,TN
0,0,1.0,TN
0,0,1.0,TN
0,0,0.9999421129221194,TN
0,0,1.0,TN
0,0,1.0,TN
0,0,1.0,TN
0,0,0.9996886062950643,TN
0,0,1.0,TN
0,0,1.0,TN
0,0,0.9999793031946912,TN
0,0,0.9999997802922114,TN
0,0,1.0,TN
0,0,1.0,TN
0,0,1.0,TN
0,0,1.0,TN
0,0,0.9998774022599412,TN
0,0,0.9903058486853873,TN
0,0,1.0,TN
0,0,1.0,TN
0,0,1.0,TN
0,0,0.9999980163674184,TN
0,0,1.0,TN
0,0,1.0,TN
0,0,1.0,TN
0,0,1.0,TN
0,0,0.9999781539267354,TN
0,0,1.0,TN
0,0,0.9999791411042945,TN
0,0,0.9999963815968013,TN
0,0,1.0,TN
0,0,1.0,TN
0,0,0.9984810192282277,TN
0,0,1.0,TN
0,0,1.0,TN
0,0,1.0,TN
0,0,0.9999993984874616,TN
0,0,1.0,TN
0,0,1.0,TN
0,0,1.0,TN
0,0,1.0,TN
0,0,0.9999640347664206,TN
0,0,1.0,TN
0,0,1.0,TN
0,0,1.0,TN
0,0,0.9964201681995755,TN
0,0,0.9999865610850373,TN
0,0,1.0,TN
0,0,1.0,TN
0,0,1.0,TN
0,0,0.9999986929901046,TN
0,0,1.0,TN
0,0,0.9999997802922114,TN
0,0,1.0,TN
0,0,1.0,TN
0,0,0.9999980163674184,TN
0,0,0.9972647898098344,TN
0,0,1.0,TN
0,0,0.9999450925160631,TN
0,0,1.0,TN
0,0,1.0,TN
0,0,0.9999412861167849,TN
0,0,1.0,TN
0,0,0.9999918962722854,TN
0,0,1.0,TN
0,0,1.0,TN
0,0,0.9999963815968013,TN
0,0,1.0,TN
0,0,0.9999963815968013,TN
0,0,1.0,TN
0,0,0.9854737607146902,TN
0,0,1.0,TN
0,0,1.0,TN
0,0,1.0,TN
0,0,1.0,TN
0,0,1.0,TN
0,0,1.0,TN
0,0,1.0,TN
0,0,1.0,TN
0,0,0.9999995011107714,TN
0,0,1.0,TN
0,0,1.0,TN
0,0,1.0,TN
0,0,0.9999943921296526,TN
0,0,1.0,TN
0,0,1.0,TN
0,0,0.9999980163674184,TN
0,0,1.0,TN
0,0,1.0,TN
0,0,1.0,TN
0,0,0.9999989721715445,TN
0,0,0.9999795094272129,TN
0,0,1.0,TN
0,0,1.0,TN
0,0,1.0,TN
0,0,0.99999972081856,TN
0,0,1.0,TN
0,0,1.0,TN
0,0,1.0,TN
0,0,0.9998705943455244,TN
0,0,1.0,TN
0,0,1.0,TN
0,0,1.0,TN
0,0,1.0,TN
0,0,1.0,TN
0,0,0.9997555371310749,TN
0,0,1.0,TN
0,0,0.9997991284216261,TN
0,0,1.0,TN
0,0,1.0,TN
0,0,1.0,TN
0,0,1.0,TN
0,0,1.0,TN
0,0,0.9999986929901046,TN
0,0,1.0,TN
0,0,0.9998229018627417,TN
0,0,0.9999995011107714,TN
0,0,1.0,TN
0,0,0.9655655520730143,TN
0,0,1.0,TN
0,0,0.9938449827894702,TN
0,0,0.9994251751513691,TN
0,0,1.0,TN
0,0,1.0,TN
0,0,0.9027568714219153,TN
0,0,0.9999961618890127,TN
0,0,0.9999921649310256,TN
0,0,0.9990092473476027,TN
0,0,1.0,TN
0,0,1.0,TN
0,0,1.0,TN
0,0,1.0,TN
0,0,1.0,TN
0,0,1.0,TN
0,0,0.9999980163674184,TN
0,0,1.0,TN
0,0,1.0,TN
0,0,1.0,TN
0,0,1.0,TN
0,0,0.9999996776689015,TN
0,0,1.0,TN
0,0,1.0,TN
0,0,1.0,TN
0,0,0.9999773242630385,TN
0,0,0.9999964428835973,TN
0,0,0.9999634925463948,TN
0,0,1.0,TN
0,0,1.0,TN
0,0,1.0,TN
0,0,1.0,TN
0,0,1.0,TN
0,0,1.0,TN
0,0,0.9999989721715445,TN
0,0,1.0,TN
0,0,1.0,TN
0,0,0.9999986929901046,TN
0,0,1.0,TN
0,0,1.0,TN
0,0,1.0,TN
0,0,1.0,TN
0,0,1.0,TN
0,0,1.0,TN
0,0,1.0,TN
0,0,0.9999793031946912,TN
0,0,1.0,TN
0,0,0.9998414553933145,TN
0,0,1.0,TN
0,0,0.9909851758150805,TN
0,0,1.0,TN
0,0,1.0,TN
0,0,1.0,TN
0,0,1.0,TN
0,0,0.99999972081856,TN
0,0,0.9999773242630385,TN
0,0,1.0,TN
0,0,0.9999961024153613,TN
0,0,1.0,TN
0,0,1.0,TN
0,0,1.0,TN
0,0,1.0,TN
0,0,0.99999972081856,TN
0,0,0.999976493727552,TN
0,0,1.0,TN
0,0,1.0,TN
0,0,1.0,TN
0,0,0.9999321322296163,TN
0,0,1.0,TN
0,0,1.0,TN
0,0,0.9999995011107714,TN
0,0,1.0,TN
0,0,1.0,TN
0,0,1.0,TN
0,0,0.9999963815968013,TN
0,0,1.0,TN
0,0,0.999994651090012,TN
0,0,0.9799993233773138,TN
0,0,1.0,TN
0,0,0.99,TN
0,0,0.9999957800842628,TN
0,0,1.0,TN
0,0,1.0,TN
0,0,0.998210910158901,TN
0,0,0.9989743589743589,TN
0,0,0.99999972081856,TN
0,0,0.99999387710449,TN
0,0,1.0,TN
0,0,1.0,TN
0,0,1.0,TN
0,0,0.9999279787483465,TN
0,0,1.0,TN
0,0,1.0,TN
0,0,1.0,TN
0,0,1.0,TN
0,0,0.9998495945637322,TN
0,0,0.9994529457688198,TN
0,0,1.0,TN
0,0,1.0,TN
0,0,0.9999989721715445,TN
0,0,0.9999905028747256,TN
0,0,1.0,TN
0,0,0.9999905825373335,TN
0,0,0.9999997802922114,TN
0,0,1.0,TN
0,0,0.9999996776689015,TN
0,0,1.0,TN
0,0,1.0,TN
0,0,0.999957347937204,TN
0,0,1.0,TN
0,0,1.0,TN
0,0,0.9999989721715445,TN
0,0,1.0,TN
0,0,1.0,TN
0,0,1.0,TN
0,0,1.0,TN
0,0,1.0,TN
0,0,1.0,TN
0,0,1.0,TN
0,0,0.9999173774094217,TN
0,0,1.0,TN
0,0,1.0,TN
0,0,0.99999972081856,TN
0,0,0.99999972081856,TN
0,0,1.0,TN
0,0,0.99999972081856,TN
0,0,1.0,TN
0,0,0.9997142857142858,TN
0,0,0.9999791411042945,TN
0,0,1.0,TN
0,0,1.0,TN
0,0,1.0,TN
0,0,1.0,TN
0,0,1.0,TN
0,0,1.0,TN
0,0,0.9999980163674184,TN
0,0,1.0,TN
0,0,0.9990378158750444,TN
0,0,1.0,TN
0,0,0.998993671635467,TN
0,0,0.9999993233773138,TN
0,0,0.9999963815968013,TN
0,0,1.0,TN
0,0,0.9999867242557221,TN
0,0,0.9998703746377358,TN
0,0,1.0,TN
0,0,1.0,TN
0,0,0.9981452711678871,TN
0,0,0.9958175752148389,TN
0,0,1.0,TN
0,0,1.0,TN
0,0,1.0,TN
0,0,1.0,TN
0,0,1.0,TN
0,0,1.0,TN
0,0,1.0,TN
0,0,0.9968645377851714,TN
0,0,0.99999972081856,TN
0,0,1.0,TN
0,0,1.0,TN
0,0,0.9999957800842628,TN
0,0,0.9999982955488583,TN
0,0,1.0,TN
0,0,1.0,TN
0,0,1.0,TN
0,0,0.9999986929901046,TN
0,0,1.0,TN
0,0,1.0,TN
0,0,1.0,TN
0,0,1.0,TN
0,0,0.9999986929901046,TN
0,0,0.9999997802922114,TN
0,0,0.9999812972394139,TN
0,0,1.0,TN
0,0,0.99999972081856,TN
0,0,1.0,TN
0,0,0.9999982955488583,TN
0,0,1.0,TN
0,0,1.0,TN
0,0,1.0,TN
0,0,1.0,TN
0,0,0.9999872399628285,TN
0,0,1.0,TN
0,0,1.0,TN
0,0,1.0,TN
0,0,1.0,TN
0,0,1.0,TN
0,0,1.0,TN
0,0,1.0,TN
0,0,0.9999640347664206,TN
0,0,1.0,TN
0,0,0.9997927295208083,TN
0,0,1.0,TN
0,0,0.9999986929901046,TN
0,0,1.0,TN
0,0,1.0,TN
0,0,1.0,TN
0,0,0.9992934204654059,TN
0,0,1.0,TN
0,0,1.0,TN
0,0,1.0,TN
0,0,0.9999203149557377,TN
0,0,0.9999937796203292,TN
0,0,1.0,TN
0,0,0.9999997802922114,TN
0,0,0.999975212146223,TN
0,0,1.0,TN
0,0,1.0,TN
0,0,1.0,TN
0,0,0.9999986929901046,TN
0,0,1.0,TN
0,0,0.9999901588523571,TN
0,0,1.0,TN
0,0,1.0,TN
0,0,0.9999786422150659,TN
0,0,0.9999987941274004,TN
0,0,1.0,TN
0,0,1.0,TN
0,0,1.0,TN
0,0,1.0,TN
0,0,1.0,TN
0,0,1.0,TN
0,0,0.9999958847736626,TN
0,0,0.999540056743946,TN
0,0,1.0,TN
0,0,1.0,TN
0,0,1.0,TN
0,0,0.9999986929901046,TN
0,0,0.9999921649310256,TN
0,0,1.0,TN
0,0,1.0,TN
0,0,1.0,TN
0,0,0.9999899059146473,TN
0,0,1.0,TN
0,0,1.0,TN
0,0,1.0,TN
0,0,1.0,TN
0,0,1.0,TN
0,0,0.9999990441958738,TN
0,0,0.9994835616892067,TN
0,0,0.9998628638099087,TN
0,0,0.9997991284216261,TN
0,0,1.0,TN
0,0,0.9999823969152735,TN
0,0,0.9999943921296526,TN
0,0,1.0,TN
0,0,0.999994197282656,TN
0,0,1.0,TN
0,0,1.0,TN
0,0,0.9999755982153977,TN
0,0,0.9999804608671724,TN
0,0,1.0,TN
0,0,0.9999362510619566,TN
0,0,0.9274500947920151,TN
0,0,0.99999972081856,TN
0,0,1.0,TN
0,0,0.9999733226928257,TN
0,0,1.0,TN
0,0,1.0,TN
0,0,1.0,TN
0,0,1.0,TN
0,0,1.0,TN
0,0,0.9786627721449621,TN
0,0,1.0,TN
0,0,0.9999919471332858,TN
0,0,1.0,TN
0,0,0.9999932354428843,TN
0,0,1.0,TN
0,0,1.0,TN
0,0,1.0,TN
0,0,1.0,TN
0,0,0.9997436120993619,TN
0,0,1.0,TN
0,0,0.9999963815968013,TN
0,0,1.0,TN
0,0,1.0,TN
0,0,0.9999997802922114,TN
0,0,1.0,TN
0,0,0.9999963815968013,TN
0,0,0.9998470137812493,TN
0,0,1.0,TN
0,0,1.0,TN
0,0,1.0,TN
0,0,1.0,TN
0,0,1.0,TN
0,0,1.0,TN
0,0,1.0,TN
0,0,0.9999958847736626,TN
0,0,0.999995665065874,TN
0,0,1.0,TN
0,0,1.0,TN
0,0,1.0,TN
0,0,0.9999823969152735,TN
0,0,1.0,TN
0,0,0.9999938997821352,TN
0,0,1.0,TN
0,0,1.0,TN
0,0,1.0,TN
0,0,1.0,TN
0,0,0.9999948953547728,TN
0,0,1.0,TN
0,0,0.9999963815968013,TN
0,0,0.9991946729128545,TN
0,0,1.0,TN
0,0,1.0,TN
0,0,1.0,TN
0,0,1.0,TN
0,0,1.0,TN
0,0,1.0,TN
0,0,1.0,TN
0,0,1.0,TN
0,0,0.9956623741566729,TN
0,0,0.9999805276871586,TN
0,0,1.0,TN
0,0,0.99999972081856,TN
0,0,1.0,TN
0,0,0.99999972081856,TN
0,0,0.9999858844623511,TN
0,0,0.9999793031946912,TN
0,0,0.9984821146328574,TN
0,0,1.0,TN
0,0,1.0,TN
0,0,0.9981191899617007,TN
0,0,1.0,TN
0,0,0.99999972081856,TN
0,0,0.9999773242630385,TN
0,0,1.0,TN
0,0,1.0,TN
0,0,0.9999943979642196,TN
0,0,0.9990837526474904,TN
0,0,0.9999980163674184,TN
0,0,1.0,TN
0,0,0.9999982955488583,TN
0,0,1.0,TN
0,0,1.0,TN
0,0,1.0,TN
0,0,1.0,TN
0,0,1.0,TN
0,0,1.0,TN
0,0,1.0,TN
0,0,1.0,TN
0,0,1.0,TN
0,0,1.0,TN
0,0,0.999997773979479,TN
0,0,0.9999995011107714,TN
0,0,1.0,TN
0,0,1.0,TN
0,0,1.0,TN
0,0,1.0,TN
0,0,1.0,TN
0,0,0.9999980163674184,TN
0,0,1.0,TN
0,0,0.9999886826537445,TN
0,0,1.0,TN
0,0,1.0,TN
0,0,1.0,TN
0,0,1.0,TN
0,0,0.9999986929901046,TN
0,0,1.0,TN
0,0,0.99999972081856,TN
0,0,1.0,TN
0,0,0.9999886826537445,TN
0,0,0.9999826166230619,TN
0,0,1.0,TN
0,0,1.0,TN
0,0,1.0,TN
0,0,1.0,TN
0,0,0.9999938997821352,TN
0,0,1.0,TN
0,0,1.0,TN
0,0,0.9999958827075727,TN
0,0,1.0,TN
0,0,1.0,TN
0,0,1.0,TN
0,0,1.0,TN
0,0,1.0,TN
0,0,0.9999704163404641,TN
0,0,0.99999972081856,TN
0,0,1.0,TN
0,0,0.9999793031946912,TN
0,0,0.9924639956592125,TN
0,0,1.0,TN
0,0,1.0,TN
0,0,0.9820327244244139,TN
0,0,1.0,TN
0,0,0.9999709721610195,TN
0,0,0.99999972081856,TN
0,0,1.0,TN
0,0,0.9999982955488583,TN
0,0,1.0,TN
0,0,1.0,TN
0,0,0.9999986929901046,TN
0,0,0.9999890603051331,TN
0,0,1.0,TN
0,0,0.9995099907917983,TN
0,0,1.0,TN
0,0,1.0,TN
0,0,0.999993620600695,TN
0,0,1.0,TN
0,0,0.9999989798520785,TN
0,0,1.0,TN
0,0,1.0,TN
0,0,0.9999789982198632,TN
0,0,1.0,TN
0,0,1.0,TN
0,0,0.9999990441958738,TN
0,0,0.9999997802922114,TN
0,0,0.998577263039612,TN
0,0,1.0,TN
0,0,1.0,TN
0,0,1.0,TN
0,0,1.0,TN
0,0,0.9993860970108812,TN
0,0,1.0,TN
0,0,1.0,TN
0,0,1.0,TN
0,0,1.0,TN
0,0,1.0,TN
0,0,1.0,TN
0,0,1.0,TN
0,0,1.0,TN
0,0,0.99999972081856,TN
0,0,1.0,TN
0,0,0.99999359792305,TN
0,0,1.0,TN
0,0,1.0,TN
0,0,1.0,TN
0,0,0.99999972081856,TN
0,0,0.9999963815968013,TN
0,0,1.0,TN
0,0,0.9999826166230619,TN
0,0,1.0,TN
0,0,1.0,TN
0,0,0.9616456720594238,TN
0,0,1.0,TN
0,0,1.0,TN
0,0,1.0,TN
0,0,1.0,TN
0,0,0.9700110417925636,TN
0,0,0.9994538581852628,TN
0,0,1.0,TN
0,0,1.0,TN
0,0,1.0,TN
0,0,0.999994651090012,TN
0,0,0.99999972081856,TN
0,0,0.9999758179231865,TN
0,0,0.9999733226928257,TN
0,0,1.0,TN
0,0,1.0,TN
0,0,1.0,TN
0,0,1.0,TN
0,0,0.99,TN
0,0,0.9999963815968013,TN
0,0,1.0,TN
0,0,1.0,TN
0,0,0.9999627213420317,TN
0,0,0.9999993233773138,TN
0,0,1.0,TN
0,0,1.0,TN
0,0,0.9999963815968013,TN
0,0,0.9834220467118518,TN
0,0,0.9999886510611856,TN
0,0,1.0,TN
0,0,1.0,TN
0,0,1.0,TN
0,0,1.0,TN
0,0,1.0,TN
0,0,1.0,TN
0,0,1.0,TN
0,0,1.0,TN
0,0,0.9058892829886441,TN
0,0,0.9999942292895614,TN
0,0,1.0,TN
0,0,1.0,TN
0,0,1.0,TN
0,0,1.0,TN
0,0,0.9999963815968013,TN
0,0,1.0,TN
0,0,0.999874976996185,TN
0,0,0.9999963815968013,TN
0,0,0.9938367718235233,TN
0,0,0.9999963815968013,TN
0,0,0.9992738167010458,TN
0,0,0.9997991284216261,TN
0,0,1.0,TN
0,0,0.9998414553933145,TN
0,0,1.0,TN
0,0,1.0,TN
0,0,0.99999972081856,TN
0,0,0.9999982955488583,TN
0,0,1.0,TN
0,0,1.0,TN
0,0,1.0,TN
0,0,1.0,TN
0,0,1.0,TN
0,0,0.9999899059146473,TN
0,0,0.9999986929901046,TN
0,0,1.0,TN
0,0,1.0,TN
0,0,0.9999918460388529,TN
0,0,1.0,TN
0,0,1.0,TN
0,0,1.0,TN
0,0,0.9972647898098344,TN
0,0,1.0,TN
0,0,0.9999954257926751,TN
0,0,0.99,TN
0,0,1.0,TN
0,0,1.0,TN
0,0,1.0,TN
0,0,0.9999993233773138,TN
0,0,1.0,TN
0,0,0.9961469740008552,TN
0,0,1.0,TN
0,0,1.0,TN
0,0,0.9999989721715445,TN
0,0,1.0,TN
0,0,1.0,TN
0,0,0.9999886826537445,TN
0,0,0.9998968048019711,TN
0,0,0.9999934891541996,TN
0,0,1.0,TN
0,0,0.9999993233773138,TN
0,0,1.0,TN
0,0,0.9999929131117858,TN
0,0,0.9999990441958738,TN
0,0,0.9999954227356759,TN
0,0,0.9999823967319001,TN
0,0,0.9998414553933145,TN
0,0,1.0,TN
0,0,1.0,TN
0,0,0.9999995011107714,TN
0,0,0.9999963815968013,TN
0,0,0.9999980664185237,TN
0,0,0.9999704758141154,TN
0,0,1.0,TN
0,0,0.9999957800842628,TN
0,0,1.0,TN
0,0,1.0,TN
0,0,1.0,TN
0,0,1.0,TN
0,0,0.9999586609044036,TN
0,0,1.0,TN
0,0,1.0,TN
0,0,0.9999858900650794,TN
0,0,0.9999665802955665,TN
0,0,0.9999191374663073,TN
0,0,0.9985988592001679,TN
0,0,0.9999936800743464,TN
0,0,1.0,TN
0,0,0.9979404982938014,TN
0,0,1.0,TN
0,0,1.0,TN
0,0,1.0,TN
0,0,1.0,TN
0,0,0.9890476100223645,TN
0,0,1.0,TN
0,0,0.9999826166230619,TN
0,0,0.9999980163674184,TN
0,0,1.0,TN
0,0,0.9999660688317984,TN
0,0,0.9999812972394139,TN
0,0,0.9999993984874616,TN
0,0,1.0,TN
0,0,1.0,TN
0,0,0.9999633726872851,TN
0,0,1.0,TN
0,0,0.997895718466427,TN
0,0,0.9997511965441289,TN
0,0,0.9999640347664206,TN
0,0,1.0,TN
0,0,0.9997991284216261,TN
0,0,1.0,TN
0,0,0.9999993233773138,TN
0,0,0.9999051189710007,TN
0,0,1.0,TN
0,0,1.0,TN
0,0,0.9999704163404641,TN
0,0,1.0,TN
0,0,0.9999993233773138,TN
0,0,0.9988926006721341,TN
0,0,1.0,TN
0,0,1.0,TN
0,0,1.0,TN
0,0,1.0,TN
0,0,1.0,TN
0,0,1.0,TN
0,0,1.0,TN
0,0,1.0,TN
0,0,0.9928089887640449,TN
0,0,0.9999865610850373,TN
0,0,0.999992081399156,TN
0,0,1.0,TN
0,0,0.9999982955488583,TN
0,0,1.0,TN
0,0,0.999984162642749,TN
0,0,1.0,TN
0,0,0.9999805276871586,TN
0,0,1.0,TN
0,0,1.0,TN
0,0,1.0,TN
0,0,0.9999916679518459,TN
0,0,0.9999986929901046,TN
0,0,0.9999997802922114,TN
0,0,0.9999141215984427,TN
0,0,1.0,TN
0,0,1.0,TN
0,0,0.9996886062950643,TN
0,0,0.9999804608671724,TN
0,0,1.0,TN
0,0,1.0,TN
0,0,1.0,TN
0,0,1.0,TN
0,0,0.9999921649310256,TN
0,0,1.0,TN
0,0,1.0,TN
0,0,0.9999915349887134,TN
0,0,1.0,TN
0,0,1.0,TN
0,0,1.0,TN
0,0,0.9999963815968013,TN
0,0,0.998942400695617,TN
0,0,0.9999927490143059,TN
0,0,1.0,TN
0,0,1.0,TN
0,0,1.0,TN
0,0,1.0,TN
0,0,1.0,TN
0,0,0.9990083754257814,TN
0,0,1.0,TN
0,0,0.9982716235373078,TN
0,0,1.0,TN
0,0,0.9999990441958738,TN
0,0,1.0,TN
0,0,0.9999957800842628,TN
0,0,1.0,TN
0,0,0.9999986929901046,TN
0,0,1.0,TN
0,0,0.9994835616892067,TN
0,0,0.9999993233773138,TN
0,0,1.0,TN
0,0,1.0,TN
0,0,0.9999957800842628,TN
0,0,1.0,TN
0,0,1.0,TN
0,0,1.0,TN
0,0,0.9999755982153977,TN
0,0,0.9985034093867653,TN
0,0,1.0,TN
0,0,1.0,TN
0,0,0.9990083754257814,TN
0,0,0.9999074843422924,TN
0,0,1.0,TN
0,0,1.0,TN
0,0,1.0,TN
0,0,1.0,TN
0,0,1.0,TN
0,0,1.0,TN
0,0,0.999994651090012,TN
0,0,0.999993620600695,TN
0,0,1.0,TN
0,0,1.0,TN
0,0,1.0,TN
0,0,1.0,TN
0,0,0.9998711958580628,TN
0,0,1.0,TN
0,0,0.9999982955488583,TN
0,0,1.0,TN
0,0,1.0,TN
0,0,0.9999963815968013,TN
0,0,1.0,TN
0,0,1.0,TN
0,0,1.0,TN
0,0,1.0,TN
0,0,1.0,TN
0,0,0.9999823967319001,TN
0,0,1.0,TN
0,0,1.0,TN
0,0,1.0,TN
0,0,1.0,TN
0,0,0.9999805276871586,TN
0,0,1.0,TN
0,0,1.0,TN
0,0,0.9988500563087764,TN
0,0,1.0,TN
0,0,0.9999997802922114,TN
0,0,1.0,TN
0,0,1.0,TN
0,0,0.9926118353310868,TN
0,0,1.0,TN
0,0,1.0,TN
0,0,0.9999766348601398,TN
0,0,1.0,TN
0,0,0.9983314087471034,TN
0,0,0.99999972081856,TN
0,0,0.9986083640900452,TN
0,0,1.0,TN
0,0,0.9847919736739575,TN
0,0,1.0,TN
0,0,1.0,TN
0,0,1.0,TN
0,0,0.9999841140515596,TN
0,0,1.0,TN
0,0,0.9998774022599412,TN
0,0,0.994854089320759,TN
0,0,1.0,TN
0,0,1.0,TN
0,0,0.9999980163674184,TN
0,0,1.0,TN
0,0,1.0,TN
0,0,1.0,TN
0,0,1.0,TN
0,0,1.0,TN
0,0,1.0,TN
0,0,1.0,TN
0,0,0.9999865610850373,TN
0,0,0.9999963815968013,TN
0,0,0.9999933177413967,TN
0,0,0.9999823969152735,TN
0,0,0.9999982955488583,TN
0,0,1.0,TN
0,0,0.9991056584901594,TN
0,0,0.9990092473476027,TN
0,0,1.0,TN
0,0,1.0,TN
0,0,1.0,TN
0,0,1.0,TN
0,0,1.0,TN
0,0,0.9999789982198632,TN
0,0,0.9994650588106144,TN
0,0,1.0,TN
0,0,1.0,TN
0,0,1.0,TN
0,0,1.0,TN
0,0,1.0,TN
0,0,0.9999980664185237,TN
0,0,1.0,TN
0,0,0.9999989798520785,TN
0,0,1.0,TN
0,0,1.0,TN
0,0,1.0,TN
0,0,0.9998711958580628,TN
0,0,1.0,TN
0,0,0.9999963815968013,TN
0,0,0.999994651090012,TN
0,0,0.9999995011107714,TN
0,0,1.0,TN
0,0,1.0,TN
0,0,1.0,TN
0,0,1.0,TN
0,0,1.0,TN
0,0,0.9994953748772913,TN
0,0,0.999995665065874,TN
0,0,1.0,TN
0,0,1.0,TN
0,0,1.0,TN
0,0,1.0,TN
0,0,1.0,TN
0,0,0.999947085607434,TN
0,0,1.0,TN
0,0,1.0,TN
0,0,0.9999995011107714,TN
0,0,1.0,TN
0,0,0.9999863413772487,TN
0,0,0.9995096868789269,TN
0,0,1.0,TN
0,0,1.0,TN
0,0,0.9999990441958738,TN
0,0,1.0,TN
0,0,0.9999933177413967,TN
0,0,0.9999865610850373,TN
0,0,1.0,TN
0,0,1.0,TN
0,0,1.0,TN
0,0,1.0,TN
0,0,0.9999954227356759,TN
0,0,0.9998462936707888,TN
0,0,0.9999826166230619,TN
0,0,1.0,TN
0,0,1.0,TN
0,0,1.0,TN
0,0,1.0,TN
0,0,0.9999982955488583,TN
0,0,1.0,TN
0,0,0.99999972081856,TN
0,0,1.0,TN
0,0,1.0,TN
0,0,0.9999007003205199,TN
0,0,1.0,TN
0,0,1.0,TN
0,0,0.9999629618923679,TN
0,0,1.0,TN
0,0,0.9999963815968013,TN
0,0,0.9999937796203292,TN
0,0,0.9999882530980208,TN
0,0,0.9999748860874463,TN
0,0,0.9999995011107714,TN
0,0,0.9999963815968013,TN
0,0,0.9999640347664206,TN
0,0,0.9999963815968013,TN
0,0,1.0,TN
0,0,1.0,TN
0,0,1.0,TN
0,0,0.99999972081856,TN
0,0,1.0,TN
0,0,1.0,TN
0,0,1.0,TN
0,0,1.0,TN
0,0,1.0,TN
0,0,1.0,TN
0,0,0.9847919736739575,TN
0,0,1.0,TN
0,0,1.0,TN
0,0,1.0,TN
0,0,1.0,TN
0,0,0.9999982955488583,TN
0,0,1.0,TN
0,0,0.9999865610850373,TN
0,0,0.9999704163404641,TN
0,0,0.999995665065874,TN
0,0,1.0,TN
0,0,1.0,TN
0,0,0.9998680368621148,TN
0,0,0.9984979975419022,TN
0,0,1.0,TN
0,0,1.0,TN
0,0,0.9999986929901046,TN
0,0,0.9999793031946912,TN
0,0,0.9988439372155353,TN
0,0,0.9999963815968013,TN
0,0,1.0,TN
0,0,1.0,TN
0,0,0.9998705943455244,TN
0,0,0.9995902067637616,TN
0,0,1.0,TN
0,0,0.9998711958580628,TN
0,0,0.9999805276871586,TN
0,0,0.9999996776689015,TN
0,0,0.9999980163674184,TN
0,0,0.9999537539254452,TN
0,0,1.0,TN
0,0,1.0,TN
0,0,1.0,TN
0,0,1.0,TN
0,0,0.9999943979642196,TN
0,0,0.9998413573035962,TN
0,0,0.9999886826537445,TN
0,0,0.9983897222014531,TN
0,0,0.9999997802922114,TN
0,0,0.9986194312161413,TN
0,0,0.9999191374663073,TN
0,0,0.9999819738621001,TN
0,0,1.0,TN
0,0,0.9999918460388529,TN
0,0,1.0,TN
0,0,1.0,TN
0,0,0.9997959183673469,TN
0,0,0.9995902067637616,TN
0,0,1.0,TN
0,0,0.99999972081856,TN
0,0,0.9998784427550084,TN
0,0,0.9999823967319001,TN
0,0,0.998914112347437,TN
0,0,0.9999829426818385,TN
0,0,1.0,TN
0,0,0.9990291956141526,TN
0,0,0.9999686574971741,TN
0,0,0.9999890603051331,TN
0,0,0.999979265191078,TN
0,0,0.9999997802922114,TN
0,0,1.0,TN
0,0,1.0,TN
0,0,1.0,TN
0,0,1.0,TN
0,0,0.9999982955488583,TN
0,0,0.9989450968401304,TN
0,0,0.9999961618890127,TN
0,0,1.0,TN
0,0,0.99999972081856,TN
0,0,1.0,TN
0,0,0.99999972081856,TN
0,0,1.0,TN
0,0,1.0,TN
0,0,0.9997764526846646,TN
0,0,0.9999373111194468,TN
0,0,1.0,TN
0,0,1.0,TN
0,0,1.0,TN
0,0,1.0,TN
0,0,1.0,TN
0,0,1.0,TN
0,0,0.9998624085156778,TN
0,0,1.0,TN
0,0,0.9999982955488583,TN
0,0,0.99999972081856,TN
0,0,1.0,TN
0,0,1.0,TN
0,0,1.0,TN
0,0,0.9999997802922114,TN
0,0,1.0,TN
0,0,0.9999993233773138,TN
0,0,1.0,TN
0,0,0.998953507158343,TN
0,0,1.0,TN
0,0,1.0,TN
0,0,1.0,TN
0,0,1.0,TN
0,0,0.9999191374663073,TN
0,0,0.9999627213420317,TN
0,0,1.0,TN
0,0,0.9999986929901046,TN
0,0,0.99,TN
0,0,0.9999854391424039,TN
0,0,0.9999779659237086,TN
0,0,0.9999961024153613,TN
0,0,0.9994692551235069,TN
0,0,1.0,TN
0,0,0.9999995011107714,TN
0,0,0.9999916679518459,TN
0,0,1.0,TN
0,0,1.0,TN
0,0,0.9999989798520785,TN
0,0,0.9988062833280817,TN
0,0,1.0,TN
0,0,1.0,TN
0,0,1.0,TN
0,0,1.0,TN
0,0,1.0,TN
0,0,0.9999788305494216,TN
0,0,1.0,TN
0,0,1.0,TN
0,0,0.99999972081856,TN
0,0,1.0,TN
0,0,0.9975327738299435,TN
0,0,0.9999989798520785,TN
0,0,0.9999986929901046,TN
0,0,0.9997764526846646,TN
0,0,1.0,TN
0,0,1.0,TN
0,0,1.0,TN
0,0,1.0,TN
0,0,0.9992913248796985,TN
0,0,1.0,TN
0,0,0.9999829426818385,TN
0,0,0.9999989721715445,TN
0,0,0.9999963815968013,TN
0,0,0.9999961308641323,TN
0,0,0.9999940968122786,TN
0,0,0.9989882181994156,TN
0,0,0.9999787785120747,TN
0,0,0.9999804608671724,TN
0,0,1.0,TN
0,0,1.0,TN
0,0,1.0,TN
0,0,1.0,TN
0,0,1.0,TN
0,0,0.9953953630995346,TN
0,0,1.0,TN
0,0,0.9999911866808125,TN
0,0,1.0,TN
0,0,1.0,TN
0,0,1.0,TN
0,0,1.0,TN
0,0,0.9999754955920879,TN
0,0,1.0,TN
0,0,1.0,TN
0,0,0.9999958827075727,TN
0,0,0.9999945730236743,TN
0,0,0.9999980664185237,TN
0,0,1.0,TN
0,0,1.0,TN
0,0,1.0,TN
0,0,1.0,TN
0,0,0.999995665065874,TN
0,0,0.9999993233773138,TN
0,0,0.99999972081856,TN
0,0,0.9999997802922114,TN
0,0,0.9999980163674184,TN
0,0,0.9998279862671289,TN
0,0,1.0,TN
0,0,1.0,TN
0,0,0.9362819789836121,TN
0,0,0.9999865610850373,TN
0,0,1.0,TN
0,0,1.0,TN
0,0,1.0,TN
0,0,1.0,TN
0,0,0.9999961618890127,TN
0,0,1.0,TN
0,0,0.9999781539267354,TN
0,0,1.0,TN
0,0,0.9999789982198632,TN
0,0,1.0,TN
0,0,0.99999972081856,TN
0,0,0.996705682622885,TN
0,0,1.0,TN
0,0,0.9999993233773138,TN
0,0,1.0,TN
0,0,0.9999957800842628,TN
0,0,1.0,TN
0,0,0.9998661032806385,TN
0,0,1.0,TN
0,0,0.9999991787796729,TN
0,0,0.9999788305494216,TN
0,0,0.9999943921296526,TN
0,0,0.9999993984874616,TN
0,0,1.0,TN
0,0,1.0,TN
0,0,0.99999972081856,TN
0,0,1.0,TN
0,0,1.0,TN
0,0,0.9999399759903962,TN
0,0,1.0,TN
0,0,1.0,TN
0,0,0.99999972081856,TN
0,0,0.999947085607434,TN
0,0,1.0,TN
0,0,1.0,TN
0,0,1.0,TN
0,0,0.9995783356590243,TN
0,0,0.9998157477480143,TN
0,0,0.9999990441958738,TN
0,0,1.0,TN
0,0,1.0,TN
0,0,1.0,TN
0,0,1.0,TN
0,0,1.0,TN
0,0,0.99999972081856,TN
0,0,1.0,TN
0,0,0.9999516574585635,TN
0,0,1.0,TN
0,0,1.0,TN
0,0,1.0,TN
0,0,1.0,TN
0,0,1.0,TN
0,0,0.9999957800842628,TN
0,0,0.9998680368621148,TN
0,0,1.0,TN
0,0,1.0,TN
0,0,0.9999990441958738,TN
0,0,1.0,TN
0,0,1.0,TN
0,0,1.0,TN
0,0,1.0,TN
0,0,1.0,TN
0,0,0.9997627044035653,TN
0,0,0.9999980163674184,TN
0,0,1.0,TN
0,0,1.0,TN
0,0,1.0,TN
0,0,0.9999912298398016,TN
0,0,1.0,TN
0,0,1.0,TN
0,0,1.0,TN
0,0,1.0,TN
0,0,1.0,TN
0,0,0.9997971170041302,TN
0,0,0.99999972081856,TN
0,0,0.9999990441958738,TN
0,0,1.0,TN
0,0,1.0,TN
0,0,1.0,TN
0,0,1.0,TN
0,0,1.0,TN
0,0,1.0,TN
0,0,1.0,TN
0,0,1.0,TN
0,0,1.0,TN
0,0,1.0,TN
0,0,1.0,TN
0,0,1.0,TN
0,0,1.0,TN
0,0,1.0,TN
0,0,0.9991063829787233,TN
0,0,1.0,TN
0,0,1.0,TN
0,0,0.9999961024153613,TN
0,0,0.9999865610850373,TN
0,0,1.0,TN
0,0,1.0,TN
0,0,1.0,TN
0,0,1.0,TN
0,0,1.0,TN
0,0,1.0,TN
0,0,1.0,TN
0,0,1.0,TN
0,0,1.0,TN
0,0,1.0,TN
0,0,1.0,TN
0,0,1.0,TN
0,0,0.9999943533158857,TN
0,0,1.0,TN
0,0,1.0,TN
0,0,1.0,TN
0,0,0.9999279787483465,TN
0,0,1.0,TN
0,0,0.9999994579611129,TN
0,0,1.0,TN
0,0,0.99999972081856,TN
0,0,0.9999980664185237,TN
0,0,0.9999957800842628,TN
0,0,0.9999872399628285,TN
0,0,1.0,TN
0,0,1.0,TN
0,0,0.9979169627230969,TN
0,0,0.9999963815968013,TN
0,0,0.9999865610850373,TN
0,0,1.0,TN
0,0,1.0,TN
0,0,0.9999886510611856,TN
0,0,0.9996339899441498,TN
0,0,1.0,TN
0,0,0.9999958827075727,TN
0,0,1.0,TN
0,0,1.0,TN
0,0,0.9999865610850373,TN
0,0,1.0,TN
0,0,0.9999667979372654,TN
0,0,1.0,TN
0,0,0.9999916679518459,TN
0,0,1.0,TN
0,0,1.0,TN
0,0,0.999947085607434,TN
0,0,0.9999640347664206,TN
0,0,1.0,TN
0,0,0.9999990441958738,TN
0,0,1.0,TN
0,0,0.99999972081856,TN
0,0,0.9999986929901046,TN
0,0,1.0,TN
0,0,0.9997991284216261,TN
0,0,0.9896789429067965,TN
0,0,1.0,TN
0,0,1.0,TN
0,0,0.9999986929901046,TN
0,0,0.9999996776689015,TN
0,0,0.9999963815968013,TN
0,0,1.0,TN
0,0,1.0,TN
0,0,1.0,TN
0,0,1.0,TN
0,0,0.9999963815968013,TN
0,0,1.0,TN
0,0,0.9999963815968013,TN
0,0,0.9999986929901046,TN
0,0,1.0,TN
0,0,0.9999989721715445,TN
0,0,1.0,TN
0,0,1.0,TN
0,0,0.99999972081856,TN
0,0,1.0,TN
0,0,1.0,TN
0,0,0.99999972081856,TN
0,0,1.0,TN
0,0,1.0,TN
0,0,0.9997024330778161,TN
0,0,1.0,TN
0,0,1.0,TN
0,0,0.9998968048019711,TN
0,0,0.9985792679066886,TN
0,0,0.9999886826537445,TN
0,0,1.0,TN
0,0,1.0,TN
0,0,1.0,TN
0,0,0.9999788305494216,TN
0,0,1.0,TN
0,0,0.9999963815968013,TN
0,0,1.0,TN
0,0,1.0,TN
0,0,0.9999997802922114,TN
0,0,1.0,TN
0,0,1.0,TN
0,0,1.0,TN
0,0,1.0,TN
0,0,0.9999993233773138,TN
0,0,0.9997650556473684,TN
0,0,1.0,TN
0,0,1.0,TN
0,0,0.9999279787483465,TN
0,0,0.9873688852503002,TN
0,0,1.0,TN
0,0,1.0,TN
0,0,1.0,TN
0,0,0.9999660688317984,TN
0,0,1.0,TN
0,0,1.0,TN
0,0,1.0,TN
0,0,0.9999915349887134,TN
0,0,1.0,TN
0,0,0.99999972081856,TN
0,0,0.9673372767475577,TN
0,0,1.0,TN
0,0,0.9999980163674184,TN
0,0,1.0,TN
0,0,1.0,TN
0,0,1.0,TN
0,0,1.0,TN
0,0,1.0,TN
0,0,1.0,TN
0,0,0.9999963815968013,TN
0,0,1.0,TN
0,0,0.99999972081856,TN
0,0,0.9999074843422924,TN
0,0,1.0,TN
0,0,1.0,TN
0,0,0.9808979823531085,TN
0,0,0.9999963815968013,TN
0,0,0.9982716235373078,TN
0,0,1.0,TN
0,0,0.5775378464913496,TN
0,0,1.0,TN
0,0,1.0,TN
0,0,0.9999872399628285,TN
0,0,0.9999804608671724,TN
0,0,0.9998360655737705,TN
0,0,1.0,TN
0,0,0.9999227147669498,TN
0,0,0.9999748061701684,TN
0,0,0.9999994579611129,TN
0,0,1.0,TN
0,0,0.9999781539267354,TN
0,0,0.9999961024153613,TN
0,0,0.9997991284216261,TN
0,0,1.0,TN
0,0,0.9994078539828348,TN
0,0,0.9989027365385457,TN
0,0,1.0,TN
0,0,1.0,TN
0,0,0.999979265191078,TN
0,0,1.0,TN
0,0,0.9872038136396103,TN
0,0,1.0,TN
0,0,0.9999989721715445,TN
0,0,1.0,TN
0,0,1.0,TN
0,0,1.0,TN
0,0,1.0,TN
0,0,0.9999805871121168,TN
0,0,0.99,TN
0,0,1.0,TN
0,0,0.9999482285899398,TN
0,0,0.9999874256949545,TN
0,0,1.0,TN
0,0,1.0,TN
0,0,1.0,TN
0,0,1.0,TN
0,0,0.9973639238488761,TN
0,0,0.9999557839614606,TN
0,0,0.9999993233773138,TN
0,0,1.0,TN
0,0,1.0,TN
0,0,1.0,TN
0,0,0.9999828767123288,TN
0,0,1.0,TN
0,0,1.0,TN
0,0,0.9988050501378117,TN
0,0,0.99999972081856,TN
0,0,1.0,TN
0,0,0.9986473909535372,TN
0,0,1.0,TN
0,0,0.9999921649310256,TN
0,0,1.0,TN
0,0,1.0,TN
0,0,1.0,TN
0,0,0.9906751399101517,TN
0,0,1.0,TN
0,0,1.0,TN
0,0,1.0,TN
0,0,1.0,TN
0,0,0.9999886826537445,TN
0,0,1.0,TN
0,0,0.9999982955488583,TN
0,0,1.0,TN
0,0,1.0,TN
0,0,0.9999087275018408,TN
0,0,1.0,TN
0,0,1.0,TN
0,0,1.0,TN
0,0,0.9999990441958738,TN
0,0,0.9838657055821136,TN
0,0,0.9999986929901046,TN
0,0,0.9988955181546477,TN
0,0,1.0,TN
0,0,0.9999626858048484,TN
0,0,0.9999990441958738,TN
0,0,0.999985981181291,TN
0,0,1.0,TN
0,0,0.9999321322296163,TN
0,0,1.0,TN
0,0,0.99999972081856,TN
0,0,0.9847919736739575,TN
0,0,1.0,TN
0,0,0.9999788305494216,TN
0,0,1.0,TN
0,0,1.0,TN
0,0,1.0,TN
0,0,0.9999890603051331,TN
0,0,1.0,TN
0,0,0.9999963815968013,TN
0,0,1.0,TN
0,0,0.9983057430032136,TN
0,0,0.9989909143439291,TN
0,0,1.0,TN
0,0,0.9999995011107714,TN
0,0,1.0,TN
0,0,0.9999982955488583,TN
0,0,1.0,TN
0,0,0.9997398842053471,TN
0,0,0.9561634805936332,TN
0,0,0.9994835616892067,TN
0,0,0.9975694299339292,TN
0,0,1.0,TN
0,0,1.0,TN
0,0,1.0,TN
0,0,0.9999826166230619,TN
0,0,0.9999355614219472,TN
0,0,0.9999990441958738,TN
0,0,0.9999953537683459,TN
0,0,1.0,TN
0,0,1.0,TN
0,0,0.99999972081856,TN
0,0,1.0,TN
0,0,0.9999823967319001,TN
0,0,1.0,TN
0,0,0.9999963815968013,TN
0,0,0.9999886826537445,TN
0,0,0.9999865610850373,TN
0,0,1.0,TN
0,0,1.0,TN
0,0,0.9999980163674184,TN
0,0,0.9999961024153613,TN
0,0,0.9998470137812493,TN
0,0,1.0,TN
0,0,1.0,TN
0,0,0.9999704163404641,TN
0,0,0.9999958847736626,TN
0,0,1.0,TN
0,0,1.0,TN
0,0,1.0,TN
0,0,1.0,TN
0,0,0.9999961618890127,TN
0,0,1.0,TN
0,0,1.0,TN
0,0,1.0,TN
0,0,1.0,TN
0,0,0.9999997802922114,TN
0,0,1.0,TN
0,0,0.9998711958580628,TN
0,0,0.9999986929901046,TN
0,0,1.0,TN
0,0,0.9999773242630385,TN
0,0,1.0,TN
0,0,0.9999650311693739,TN
0,0,1.0,TN
0,0,0.9999805276871586,TN
0,0,1.0,TN
0,0,1.0,TN
0,0,0.9999989721715445,TN
0,0,0.9999993233773138,TN
0,0,1.0,TN
0,0,0.9999865610850373,TN
0,0,1.0,TN
0,0,0.9999997802922114,TN
0,0,0.9999990441958738,TN
0,0,1.0,TN
0,0,0.9999922663704639,TN
0,0,0.9999333554905192,TN
0,0,0.9999963815968013,TN
0,0,1.0,TN
0,0,0.9999980163674184,TN
0,0,0.9999990441958738,TN
0,0,1.0,TN
0,0,1.0,TN
0,0,0.99999972081856,TN
0,0,1.0,TN
0,0,1.0,TN
0,0,1.0,TN
0,0,1.0,TN
0,0,0.9999990441958738,TN
0,0,0.9999886826537445,TN
0,0,1.0,TN
0,0,1.0,TN
0,0,1.0,TN
0,0,0.9998279862671289,TN
0,0,1.0,TN
0,0,1.0,TN
0,0,1.0,TN
0,0,1.0,TN
0,0,1.0,TN
0,0,1.0,TN
0,0,1.0,TN
0,0,0.999975256274302,TN
0,0,0.9999935206599698,TN
0,0,1.0,TN
0,0,1.0,TN
0,0,0.9999685659784195,TN
0,0,0.9985663611639987,TN
0,0,1.0,TN
0,0,0.9999958847736626,TN
0,0,0.9999963815968013,TN
0,0,1.0,TN
0,0,1.0,TN
0,0,0.9983166179134471,TN
0,0,0.9999997802922114,TN
0,0,1.0,TN
0,0,0.9999412532410955,TN
0,0,1.0,TN
0,0,1.0,TN
0,0,0.99999972081856,TN
0,0,0.9999989721715445,TN
0,0,1.0,TN
0,0,1.0,TN
0,0,0.9999945730236743,TN
0,0,0.9989255859274835,TN
0,0,1.0,TN
0,0,0.9992970212744805,TN
0,0,1.0,TN
0,0,1.0,TN
0,0,0.9999989721715445,TN
0,0,0.999980415799255,TN
0,0,1.0,TN
0,0,0.9999867242557221,TN
0,0,1.0,TN
0,0,1.0,TN
0,0,0.9999648354838412,TN
0,0,1.0,TN
0,0,0.9144680993552705,TN
0,0,0.9999989721715445,TN
0,0,1.0,TN
0,0,1.0,TN
0,0,1.0,TN
0,0,0.9716486623685396,TN
0,0,1.0,TN
0,0,1.0,TN
0,0,1.0,TN
0,0,1.0,TN
0,0,1.0,TN
0,0,0.99999972081856,TN
0,0,1.0,TN
0,0,1.0,TN
0,0,0.9999990441958738,TN
0,0,0.999993620600695,TN
0,0,1.0,TN
0,0,1.0,TN
0,0,1.0,TN
0,0,0.9999191374663073,TN
0,0,0.9999982955488583,TN
0,0,0.9999993233773138,TN
0,0,0.992414081249409,TN
0,0,1.0,TN
0,0,1.0,TN
0,0,1.0,TN
0,0,0.9999900737751024,TN
0,0,1.0,TN
0,0,1.0,TN
0,0,1.0,TN
0,0,1.0,TN
0,0,0.9999980163674184,TN
0,0,1.0,TN
0,0,1.0,TN
0,0,0.99999972081856,TN
0,0,1.0,TN
0,0,0.9999996776689015,TN
0,0,1.0,TN
0,0,0.9999788305494216,TN
0,0,0.9999321322296163,TN
0,0,0.9999993233773138,TN
0,0,0.9999963815968013,TN
0,0,1.0,TN
0,0,0.9999955624425642,TN
0,0,1.0,TN
0,0,0.9999919902829444,TN
0,0,1.0,TN
0,0,0.9999704163404641,TN
0,0,0.9998519457004218,TN
0,0,1.0,TN
0,0,1.0,TN
0,0,1.0,TN
0,0,1.0,TN
0,0,0.9999982955488583,TN
0,0,1.0,TN
0,0,0.9999980664185237,TN
0,0,0.9999879466112904,TN
0,0,0.9999872399628285,TN
0,0,0.9999781539267354,TN
0,0,1.0,TN
0,0,0.9988461538461538,TN
0,0,1.0,TN
0,0,1.0,TN
0,0,1.0,TN
0,0,1.0,TN
0,0,1.0,TN
0,0,1.0,TN
0,0,0.99999972081856,TN
0,0,1.0,TN
0,0,1.0,TN
0,0,1.0,TN
0,0,1.0,TN
0,0,0.9999980163674184,TN
0,0,1.0,TN
0,0,1.0,TN
0,0,1.0,TN
0,0,0.9999989721715445,TN
0,0,1.0,TN
0,0,1.0,TN
0,0,1.0,TN
0,0,1.0,TN
0,0,0.9999100956963843,TN
0,0,1.0,TN
0,0,0.9896661020085833,TN
0,0,0.9999865610850373,TN
0,0,1.0,TN
0,0,1.0,TN
0,0,1.0,TN
0,0,1.0,TN
0,0,1.0,TN
0,0,1.0,TN
0,0,1.0,TN
0,0,1.0,TN
0,0,1.0,TN
0,0,0.9999986929901046,TN
0,0,1.0,TN
0,0,1.0,TN
0,0,1.0,TN
0,0,0.9999996776689015,TN
0,0,0.9899755982153977,TN
0,0,0.9996909476470905,TN
0,0,1.0,TN
0,0,1.0,TN
0,0,0.997197887885354,TN
0,0,1.0,TN
0,0,0.9996925830740904,TN
0,0,0.9999826166230619,TN
0,0,1.0,TN
0,0,1.0,TN
0,0,1.0,TN
0,0,1.0,TN
0,0,0.9999074843422924,TN
0,0,1.0,TN
0,0,1.0,TN
0,0,1.0,TN
0,0,0.9999996776689015,TN
0,0,1.0,TN
0,0,1.0,TN
0,0,1.0,TN
0,0,0.9999919902829444,TN
0,0,0.9999824458587,TN
0,0,0.9999958847736626,TN
0,0,0.99999972081856,TN
0,0,0.9999723443945663,TN
0,0,1.0,TN
0,0,1.0,TN
0,0,0.9999993233773138,TN
0,0,1.0,TN
0,0,1.0,TN
0,0,0.99999972081856,TN
0,0,1.0,TN
0,0,1.0,TN
0,0,1.0,TN
0,0,1.0,TN
0,0,1.0,TN
0,0,0.9999748860874463,TN
0,0,1.0,TN
0,0,1.0,TN
0,0,1.0,TN
0,0,0.9999826166230619,TN
0,0,1.0,TN
0,0,1.0,TN
0,0,0.9999989721715445,TN
0,0,1.0,TN
0,0,0.9999781539267354,TN
0,0,0.9999963815968013,TN
0,0,0.9987902387369791,TN
0,0,1.0,TN
0,0,0.9999793031946912,TN
0,0,0.9983828048901572,TN
0,0,1.0,TN
0,0,0.9836624938870219,TN
0,0,0.9999946771456597,TN
0,0,0.99999972081856,TN
0,0,0.9999993233773138,TN
0,0,1.0,TN
0,0,0.9999963815968013,TN
0,0,1.0,TN
0,0,1.0,TN
0,0,1.0,TN
0,0,1.0,TN
0,0,1.0,TN
0,0,1.0,TN
0,0,0.9999993233773138,TN
0,0,0.9999865610850373,TN
0,0,1.0,TN
0,0,0.9984501478606157,TN
0,0,1.0,TN
0,0,0.9999938176308386,TN
0,0,1.0,TN
0,0,0.9999858844623511,TN
0,0,1.0,TN
0,0,1.0,TN
0,0,0.9999980664185237,TN
0,0,0.999979265191078,TN
0,0,1.0,TN
0,0,0.9999829426818385,TN
0,0,0.9999986929901046,TN
0,0,1.0,TN
0,0,0.998224930303529,TN
0,0,0.9997994388058483,TN
0,0,1.0,TN
0,0,1.0,TN
0,0,1.0,TN
0,0,1.0,TN
0,0,0.9999773242630385,TN
0,0,0.9999986929901046,TN
0,0,0.9999640347664206,TN
0,0,1.0,TN
0,0,0.9999995011107714,TN
0,0,1.0,TN
0,0,0.9996701589628946,TN
0,0,1.0,TN
0,0,0.979296879857488,TN
0,0,0.9999865610850373,TN
0,0,1.0,TN
0,0,1.0,TN
0,0,1.0,TN
0,0,1.0,TN
0,0,1.0,TN
0,0,1.0,TN
0,0,0.9999951637753165,TN
0,0,1.0,TN
0,0,1.0,TN
0,0,0.9981615825247391,TN
0,0,0.9995096868789269,TN
0,0,0.9999640347664206,TN
0,0,1.0,TN
0,0,1.0,TN
0,0,1.0,TN
0,0,0.9999919902829444,TN
0,0,0.9999963815968013,TN
0,0,1.0,TN
0,0,0.9999918633034989,TN
0,0,1.0,TN
0,0,1.0,TN
0,0,1.0,TN
0,0,1.0,TN
0,0,0.9999890603051331,TN
0,0,1.0,TN
0,0,0.99999972081856,TN
0,0,1.0,TN
0,0,1.0,TN
0,0,1.0,TN
0,0,0.99999972081856,TN
0,0,1.0,TN
0,0,0.9976763683061689,TN
0,0,0.9999594482961808,TN
0,0,0.9999989721715445,TN
0,0,1.0,TN
0,0,1.0,TN
0,0,0.9999986929901046,TN
0,0,1.0,TN
0,0,1.0,TN
0,0,0.9999963815968013,TN
0,0,1.0,TN
0,0,0.9998680368621148,TN
0,0,1.0,TN
0,0,1.0,TN
0,0,0.9998699467349175,TN
0,0,1.0,TN
0,0,1.0,TN
0,0,0.99999972081856,TN
0,0,1.0,TN
0,0,1.0,TN
0,0,1.0,TN
0,0,1.0,TN
0,0,0.9931154489136463,TN
0,0,1.0,TN
0,0,0.9999980163674184,TN
0,0,0.9999963815968013,TN
0,0,0.9972647898098344,TN
0,0,1.0,TN
0,0,0.9999963815968013,TN
0,0,0.9999897845557976,TN
0,0,1.0,TN
0,0,1.0,TN
0,0,1.0,TN
0,0,0.9999993233773138,TN
0,0,0.9999762741318174,TN
0,0,1.0,TN
0,0,1.0,TN
0,0,0.9962416963645454,TN
0,0,1.0,TN
0,0,1.0,TN
0,0,1.0,TN
0,0,0.9999980163674184,TN
0,0,1.0,TN
0,0,0.9999911866808125,TN
0,0,1.0,TN
0,0,1.0,TN
0,0,0.9999865404491584,TN
0,0,1.0,TN
0,0,0.9999886826537445,TN
0,0,0.9999704163404641,TN
0,0,1.0,TN
0,0,1.0,TN
0,0,1.0,TN
0,0,0.9999993233773138,TN
0,0,1.0,TN
0,0,1.0,TN
0,0,1.0,TN
0,0,0.9999946771456597,TN
0,0,0.9998157477480143,TN
0,0,1.0,TN
0,0,0.99999972081856,TN
0,0,0.9984230787351465,TN
0,0,1.0,TN
0,0,0.9999872399628285,TN
0,0,1.0,TN
0,0,1.0,TN
0,0,1.0,TN
0,0,0.9992970212744805,TN
0,0,0.99999972081856,TN
0,0,1.0,TN
0,0,0.99999972081856,TN
0,0,0.9989162650426145,TN
0,0,1.0,TN
0,0,1.0,TN
0,0,1.0,TN
0,0,1.0,TN
0,0,0.9999704163404641,TN
0,0,0.9988641979376337,TN
0,0,0.9999640347664206,TN
0,0,1.0,TN
0,0,0.9999997802922114,TN
0,0,1.0,TN
0,0,1.0,TN
0,0,0.9999993233773138,TN
0,0,1.0,TN
0,0,1.0,TN
0,0,0.9993860905298991,TN
0,0,0.9934191081109551,TN
0,0,0.9999793031946912,TN
0,0,1.0,TN
0,0,0.9999997802922114,TN
0,0,0.9999989721715445,TN
0,0,1.0,TN
0,0,1.0,TN
0,0,0.9995614226761422,TN
0,0,0.9999993233773138,TN
0,0,1.0,TN
0,0,1.0,TN
0,0,1.0,TN
0,0,0.9999954257926751,TN
0,0,0.9999982955488583,TN
0,0,0.9999986929901046,TN
0,0,1.0,TN
0,0,0.9999919471332858,TN
0,0,0.9999826166230619,TN
0,0,1.0,TN
0,0,1.0,TN
0,0,1.0,TN
0,0,0.9996436873727998,TN
0,0,1.0,TN
0,0,1.0,TN
0,0,0.9999795766406521,TN
0,0,1.0,TN
0,0,1.0,TN
0,0,1.0,TN
0,0,0.9997625190921907,TN
0,0,1.0,TN
0,0,0.9999865610850373,TN
0,0,0.9997764526846646,TN
0,0,1.0,TN
0,0,1.0,TN
0,0,1.0,TN
0,0,1.0,TN
0,0,1.0,TN
0,0,1.0,TN
0,0,1.0,TN
0,0,1.0,TN
0,0,0.9999668574109166,TN
0,0,1.0,TN
0,0,0.9999540221879195,TN
0,0,0.9999865610850373,TN
0,0,1.0,TN
0,0,1.0,TN
0,0,1.0,TN
0,0,1.0,TN
0,0,0.9997488433575676,TN
0,0,0.9999993984874616,TN
0,0,0.9999993233773138,TN
0,0,0.9985979107331354,TN
0,0,0.9999945730236743,TN
0,0,1.0,TN
0,0,1.0,TN
0,0,1.0,TN
0,0,0.9999793031946912,TN
0,0,1.0,TN
0,0,1.0,TN
0,0,1.0,TN
0,0,1.0,TN
0,0,0.999953294149768,TN
0,0,1.0,TN
0,0,1.0,TN
0,0,1.0,TN
0,0,0.9999321322296163,TN
0,0,0.9986102781291835,TN
0,0,0.9999453496368647,TN
0,0,0.9988361888891848,TN
0,0,1.0,TN
0,0,0.9999995011107714,TN
0,0,0.9978270024420044,TN
0,0,1.0,TN
0,0,0.9999980664185237,TN
0,0,0.99999972081856,TN
0,0,1.0,TN
0,0,0.9999986929901046,TN
0,0,1.0,TN
0,0,1.0,TN
0,0,0.9975540785744993,TN
0,0,0.9678206907427278,TN
0,0,1.0,TN
0,0,1.0,TN
0,0,0.9999963815968013,TN
0,0,0.9999321322296163,TN
0,0,1.0,TN
0,0,0.9999788305494216,TN
0,0,1.0,TN
0,0,1.0,TN
0,0,1.0,TN
0,0,1.0,TN
0,0,0.9999865610850373,TN
0,0,1.0,TN
0,0,1.0,TN
0,0,1.0,TN
0,0,1.0,TN
0,0,1.0,TN
0,0,1.0,TN
0,0,1.0,TN
0,0,0.9999355614219472,TN
0,0,0.9999865610850373,TN
0,0,1.0,TN
0,0,1.0,TN
0,0,0.99999972081856,TN
0,0,0.9999958847736626,TN
0,0,0.9999982955488583,TN
0,0,1.0,TN
0,0,0.9999826166230619,TN
0,0,1.0,TN
0,0,0.9989625579219827,TN
0,0,0.9999921649310256,TN
0,0,1.0,TN
0,0,0.9999989721715445,TN
0,0,1.0,TN
0,0,1.0,TN
0,0,1.0,TN
0,0,1.0,TN
0,0,0.9999865610850373,TN
0,0,1.0,TN
0,0,0.9999640347664206,TN
0,0,0.9999781539267354,TN
0,0,1.0,TN
0,0,1.0,TN
0,0,0.99999972081856,TN
0,0,0.9999986929901046,TN
0,0,1.0,TN
0,0,1.0,TN
0,0,0.9998784427550084,TN
0,0,1.0,TN
0,0,1.0,TN
0,0,0.9990591617574061,TN
0,0,1.0,TN
0,0,1.0,TN
0,0,1.0,TN
0,0,0.9999963815968013,TN
0,0,1.0,TN
0,0,1.0,TN
0,0,1.0,TN
0,0,1.0,TN
0,0,0.99999972081856,TN
0,0,1.0,TN
0,0,0.9999989721715445,TN
0,0,0.9999997802922114,TN
0,0,1.0,TN
0,0,1.0,TN
0,0,0.99999972081856,TN
0,0,1.0,TN
0,0,0.9999890603051331,TN
0,0,0.9997436120993619,TN
0,0,0.9187681603241419,TN
0,0,1.0,TN
0,0,0.9999963815968013,TN
0,0,1.0,TN
0,0,1.0,TN
0,0,1.0,TN
0,0,1.0,TN
0,0,1.0,TN
0,0,1.0,TN
0,0,1.0,TN
0,0,1.0,TN
0,0,1.0,TN
0,0,1.0,TN
0,0,1.0,TN
0,0,1.0,TN
0,0,0.99999972081856,TN
0,0,1.0,TN
0,0,0.99999972081856,TN
0,0,0.99999972081856,TN
0,0,0.9999781539267354,TN
0,0,1.0,TN
0,0,0.9999982955488583,TN
0,0,0.9999938997821352,TN
0,0,1.0,TN
0,0,1.0,TN
0,0,0.99999972081856,TN
0,0,1.0,TN
0,0,1.0,TN
0,0,1.0,TN
0,0,1.0,TN
0,0,1.0,TN
0,0,0.999993692178301,TN
0,0,1.0,TN
0,0,1.0,TN
0,0,1.0,TN
0,0,0.9999996776689015,TN
0,0,1.0,TN
0,0,0.9972991111994968,TN
0,0,1.0,TN
0,0,0.9987709202426052,TN
0,0,1.0,TN
0,0,0.9847919736739575,TN
0,0,1.0,TN
0,0,0.9999996776689015,TN
0,0,1.0,TN
0,0,1.0,TN
0,0,0.99999972081856,TN
0,0,1.0,TN
0,0,0.9999989798520785,TN
0,0,1.0,TN
0,0,1.0,TN
0,0,0.999979265191078,TN
0,0,0.9999865404491584,TN
0,0,0.99999972081856,TN
0,0,1.0,TN
0,0,0.9999922663704639,TN
0,0,1.0,TN
0,0,0.9995096868789269,TN
0,0,1.0,TN
0,0,0.999979265191078,TN
0,0,1.0,TN
0,0,1.0,TN
0,0,0.9992934204654059,TN
0,0,1.0,TN
0,0,0.9999996776689015,TN
0,0,1.0,TN
0,0,0.9999784522699248,TN
0,0,1.0,TN
0,0,1.0,TN
0,0,1.0,TN
0,0,1.0,TN
0,0,1.0,TN
0,0,0.9999918460388529,TN
0,0,1.0,TN
0,0,1.0,TN
0,0,0.9999919440393654,TN
0,0,1.0,TN
0,0,0.9999963257111288,TN
0,0,1.0,TN
0,0,1.0,TN
0,0,0.9997991284216261,TN
0,0,0.9999996776689015,TN
0,0,0.9999890603051331,TN
0,0,0.9999963815968013,TN
0,0,1.0,TN
0,0,1.0,TN
0,0,0.9999980163674184,TN
0,0,1.0,TN
0,0,0.9999886826537445,TN
0,0,1.0,TN
0,0,0.9999996776689015,TN
0,0,1.0,TN
0,0,0.9999986929901046,TN
0,0,0.9999723443945663,TN
0,0,0.9999627213420317,TN
0,0,0.6803922532727461,TN
0,0,0.9995993098904603,TN
0,0,0.9999997802922114,TN
0,0,0.9999826166230619,TN
0,0,0.9999865610850373,TN
0,0,1.0,TN
0,0,1.0,TN
0,0,1.0,TN
0,0,0.9999980163674184,TN
0,0,0.9997659994155434,TN
0,0,1.0,TN
0,0,1.0,TN
0,0,1.0,TN
0,0,1.0,TN
0,0,1.0,TN
0,0,0.9999343485283815,TN
0,0,1.0,TN
0,0,0.9899993233773138,TN
0,0,0.9999406309211436,TN
0,0,0.99999972081856,TN
0,0,0.9999704163404641,TN
0,0,1.0,TN
0,0,0.9999612559425508,TN
0,0,0.9995461479786423,TN
0,0,1.0,TN
0,0,0.9999899059146473,TN
0,0,0.9999963815968013,TN
0,0,0.9986343831788536,TN
0,0,0.9999964428835973,TN
0,0,1.0,TN
0,0,1.0,TN
0,0,1.0,TN
0,0,1.0,TN
0,0,1.0,TN
0,0,0.9999997802922114,TN
0,0,1.0,TN
0,0,1.0,TN
0,0,1.0,TN
0,0,1.0,TN
0,0,1.0,TN
0,0,0.99999972081856,TN
0,0,1.0,TN
0,0,0.9999958847736626,TN
0,0,1.0,TN
0,0,1.0,TN
0,0,1.0,TN
0,0,0.9999980163674184,TN
0,0,1.0,TN
0,0,1.0,TN
0,0,0.9999963815968013,TN
0,0,1.0,TN
0,0,1.0,TN
0,0,0.9999826166230619,TN
0,0,0.9999986929901046,TN
0,0,1.0,TN
0,0,1.0,TN
0,0,0.9987709202426052,TN
0,0,1.0,TN
0,0,0.9987972176033142,TN
0,0,0.9999640347664206,TN
0,0,1.0,TN
0,0,0.999968904324524,TN
0,0,0.9999640347664206,TN
0,0,1.0,TN
0,0,0.9998987430659975,TN
0,0,1.0,TN
0,0,0.9998605983499701,TN
0,0,0.9988461538461538,TN
0,0,1.0,TN
0,0,1.0,TN
0,0,1.0,TN
0,0,0.9700205870743016,TN
0,0,1.0,TN
0,0,0.9998711958580628,TN
0,0,1.0,TN
0,0,1.0,TN
0,0,0.9916941230407244,TN
0,0,0.9999980163674184,TN
0,0,1.0,TN
0,0,1.0,TN
0,0,1.0,TN
0,0,0.9948187561251127,TN
0,0,0.9999905825373335,TN
0,0,1.0,TN
0,0,0.9999980163674184,TN
0,0,1.0,TN
0,0,1.0,TN
0,0,0.9999890603051331,TN
0,0,1.0,TN
0,0,1.0,TN
0,0,0.9983057430032136,TN
0,0,0.999984373011919,TN
0,0,1.0,TN
0,0,1.0,TN
0,0,1.0,TN
0,0,1.0,TN
0,0,1.0,TN
0,0,1.0,TN
0,0,0.993906003638569,TN
0,0,0.9999087275018408,TN
0,0,0.9993068644719264,TN
0,0,0.9999994579611129,TN
0,0,1.0,TN
0,0,1.0,TN
0,0,0.9826992218528393,TN
0,0,0.9999767535599253,TN
0,0,1.0,TN
0,0,1.0,TN
0,0,0.9999993233773138,TN
0,0,1.0,TN
0,0,1.0,TN
0,0,0.99999972081856,TN
0,0,1.0,TN
0,0,1.0,TN
0,0,1.0,TN
0,0,0.9997627044035653,TN
0,0,0.9999989721715445,TN
0,0,1.0,TN
0,0,1.0,TN
0,0,1.0,TN
0,0,1.0,TN
0,0,0.9999919902829444,TN
0,0,1.0,TN
0,0,1.0,TN
0,0,0.9999961024153613,TN
0,0,0.9999993233773138,TN
0,0,1.0,TN
0,0,1.0,TN
0,0,0.9999980163674184,TN
0,0,1.0,TN
0,0,0.9999986929901046,TN
0,0,1.0,TN
0,0,0.9999994579611129,TN
0,0,1.0,TN
0,0,1.0,TN
0,0,1.0,TN
0,0,0.9994835616892067,TN
0,0,1.0,TN
0,0,0.9999980163674184,TN
0,0,1.0,TN
0,0,0.9999779659237086,TN
0,0,1.0,TN
0,0,0.9426359753129963,TN
0,0,0.995722875133343,TN
0,0,0.9995096868789269,TN
0,0,1.0,TN
0,0,1.0,TN
0,0,0.9999886826537445,TN
0,0,1.0,TN
0,0,0.9999757752425888,TN
0,0,0.99999972081856,TN
0,0,1.0,TN
0,0,1.0,TN
0,0,1.0,TN
0,0,1.0,TN
0,0,1.0,TN
0,0,1.0,TN
0,0,1.0,TN
0,0,1.0,TN
0,0,0.9999858844623511,TN
0,0,1.0,TN
0,0,0.999865164907596,TN
0,0,1.0,TN
0,0,1.0,TN
0,0,1.0,TN
0,0,0.9999886826537445,TN
0,0,1.0,TN
0,0,1.0,TN
0,0,0.9999781539267354,TN
0,0,1.0,TN
0,0,1.0,TN
0,0,1.0,TN
0,0,1.0,TN
0,0,1.0,TN
0,0,1.0,TN
0,0,1.0,TN
0,0,1.0,TN
0,0,0.9999886826537445,TN
0,0,1.0,TN
0,0,1.0,TN
0,0,1.0,TN
0,0,0.998953507158343,TN
0,0,1.0,TN
0,0,1.0,TN
0,0,1.0,TN
0,0,0.9999704163404641,TN
0,0,0.99999972081856,TN
0,0,1.0,TN
0,0,1.0,TN
0,0,1.0,TN
0,0,0.9999982955488583,TN
0,0,0.9999993233773138,TN
0,0,1.0,TN
0,0,0.9999994579611129,TN
0,0,1.0,TN
0,0,1.0,TN
0,0,1.0,TN
0,0,1.0,TN
0,0,0.9999781539267354,TN
0,0,1.0,TN
0,0,0.9999850811403753,TN
0,0,1.0,TN
0,0,1.0,TN
0,0,1.0,TN
0,0,0.9997991284216261,TN
0,0,0.9999922663704639,TN
0,0,1.0,TN
0,0,0.9999961618890127,TN
0,0,1.0,TN
0,0,1.0,TN
0,0,1.0,TN
0,0,0.9998568544833912,TN
0,0,1.0,TN
0,0,0.9999850811403753,TN
0,0,0.999975212146223,TN
0,0,0.9998883659380046,TN
0,0,0.9990083754257814,TN
0,0,0.9999963815968013,TN
0,0,1.0,TN
0,0,0.9999060036385689,TN
0,0,1.0,TN
0,0,0.9998194562760857,TN
0,0,1.0,TN
0,0,1.0,TN
0,0,0.9999842392833191,TN
0,0,0.9999993233773138,TN
0,0,1.0,TN
0,0,1.0,TN
0,0,1.0,TN
0,0,1.0,TN
0,0,1.0,TN
0,0,1.0,TN
0,0,0.9999919902829444,TN
0,0,0.99,TN
0,0,1.0,TN
0,0,1.0,TN
0,0,1.0,TN
0,0,0.9999989721715445,TN
0,0,1.0,TN
0,0,1.0,TN
0,0,1.0,TN
0,0,0.9987972176033142,TN
0,0,1.0,TN
0,0,1.0,TN
0,0,1.0,TN
0,0,1.0,TN
0,0,1.0,TN
0,0,1.0,TN
0,0,1.0,TN
0,0,0.9999621011849443,TN
0,0,0.9999958827075727,TN
0,0,0.9999996776689015,TN
0,0,1.0,TN
0,0,1.0,TN
0,0,1.0,TN
0,0,1.0,TN
0,0,1.0,TN
0,0,1.0,TN
0,0,1.0,TN
0,0,1.0,TN
0,0,1.0,TN
0,0,0.9999648354838412,TN
0,0,1.0,TN
0,0,0.9998659366305964,TN
0,0,0.9998923129420093,TN
0,0,1.0,TN
0,0,1.0,TN
0,0,1.0,TN
0,0,0.9999986929901046,TN
0,0,0.9999707386715626,TN
0,0,1.0,TN
0,0,0.9997991284216261,TN
0,0,0.9995314167300399,TN
0,0,0.9999993233773138,TN
0,0,1.0,TN
0,0,0.9999793031946912,TN
0,0,0.999994651090012,TN
0,0,0.9999961618890127,TN
0,0,0.9999922663704639,TN
0,0,1.0,TN
0,0,1.0,TN
0,0,0.9999822660591525,TN
0,0,1.0,TN
0,0,0.9999890603051331,TN
0,0,0.9999986929901046,TN
0,0,1.0,TN
0,0,1.0,TN
0,0,0.9990203707446053,TN
0,0,0.9999633726872851,TN
0,0,1.0,TN
0,0,1.0,TN
0,0,1.0,TN
0,0,1.0,TN
0,0,1.0,TN
0,0,0.9999865610850373,TN
0,0,0.9976823256806854,TN
0,0,1.0,TN
0,0,1.0,TN
0,0,0.9999963815968013,TN
0,0,0.9999919902829444,TN
0,0,1.0,TN
0,0,0.9999954257926751,TN
0,0,1.0,TN
0,0,1.0,TN
0,0,0.9999993233773138,TN
0,0,0.9997627044035653,TN
0,0,1.0,TN
0,0,1.0,TN
0,0,1.0,TN
0,0,1.0,TN
0,0,1.0,TN
0,0,0.9999899059146473,TN
0,0,1.0,TN
0,0,1.0,TN
0,0,0.9999850811403753,TN
0,0,0.9999989721715445,TN
0,0,1.0,TN
0,0,0.9999730408864296,TN
0,0,0.9999920466626753,TN
0,0,0.9999865610850373,TN
0,0,0.9999660688317984,TN
0,0,0.9962269592102103,TN
0,0,1.0,TN
0,0,1.0,TN
0,0,1.0,TN
0,0,1.0,TN
0,0,1.0,TN
0,0,1.0,TN
0,0,1.0,TN
0,0,1.0,TN
0,0,1.0,TN
0,0,1.0,TN
0,0,0.999979265191078,TN
0,0,1.0,TN
0,0,0.9999791411042945,TN
0,0,1.0,TN
0,0,1.0,TN
0,0,0.9999886826537445,TN
0,0,1.0,TN
0,0,0.9994251751513691,TN
0,0,0.9999963815968013,TN
0,0,0.9902862558475494,TN
0,0,0.9999980163674184,TN
0,0,1.0,TN
0,0,1.0,TN
0,0,1.0,TN
0,0,1.0,TN
0,0,1.0,TN
0,0,0.999904367540279,TN
0,0,0.9999982955488583,TN
0,0,1.0,TN
0,0,1.0,TN
0,0,1.0,TN
0,0,0.9999874256949545,TN
0,0,1.0,TN
0,0,1.0,TN
0,0,0.9999865610850373,TN
0,0,0.99999972081856,TN
0,0,0.9991218822100256,TN
0,0,1.0,TN
0,0,1.0,TN
0,0,1.0,TN
0,0,0.9999911866808125,TN
0,0,1.0,TN
0,0,0.99999972081856,TN
0,0,0.9999982955488583,TN
0,0,0.9999865610850373,TN
0,0,1.0,TN
0,0,0.9999997802922114,TN
0,0,0.9997609126099799,TN
0,0,0.9999819738621001,TN
0,0,0.9993535716986086,TN
0,0,0.9999989721715445,TN
0,0,1.0,TN
0,0,1.0,TN
0,0,1.0,TN
0,0,0.9999615378361946,TN
0,0,0.99999972081856,TN
0,0,0.9999922663704639,TN
0,0,1.0,TN
0,0,1.0,TN
0,0,0.9999997802922114,TN
0,0,1.0,TN
0,0,1.0,TN
0,0,1.0,TN
0,0,1.0,TN
0,0,1.0,TN
0,0,1.0,TN
0,0,1.0,TN
0,0,1.0,TN
0,0,1.0,TN
0,0,0.9999885754291192,TN
0,0,0.9999371391787384,TN
0,0,1.0,TN
0,0,1.0,TN
0,0,0.9999961024153613,TN
0,0,0.9999919902829444,TN
0,0,1.0,TN
0,0,1.0,TN
0,0,0.9999788305494216,TN
0,0,1.0,TN
0,0,1.0,TN
0,0,1.0,TN
0,0,1.0,TN
0,0,1.0,TN
0,0,0.9997991284216261,TN
0,0,0.9999788619228545,TN
0,0,1.0,TN
0,0,0.9972991111994968,TN
0,0,1.0,TN
0,0,1.0,TN
0,0,0.9999980163674184,TN
0,0,1.0,TN
0,0,0.9999789982198632,TN
0,0,1.0,TN
0,0,1.0,TN
0,0,1.0,TN
0,0,1.0,TN
0,0,1.0,TN
0,0,1.0,TN
0,0,1.0,TN
0,0,1.0,TN
0,0,1.0,TN
0,0,0.9999899059146473,TN
0,0,0.9989027365385457,TN
0,0,1.0,TN
0,0,1.0,TN
0,0,0.9987140012881074,TN
0,0,0.9998360655737705,TN
0,0,0.9999919902829444,TN
0,0,1.0,TN
0,0,1.0,TN
0,0,1.0,TN
0,0,1.0,TN
0,0,1.0,TN
0,0,0.9999963815968013,TN
0,0,1.0,TN
0,0,0.9999982955488583,TN
0,0,0.9999321322296163,TN
0,0,1.0,TN
0,0,0.9999982955488583,TN
0,0,0.9999146080119172,TN
0,0,0.9999982955488583,TN
0,0,0.9999997802922114,TN
0,0,1.0,TN
0,0,0.99999972081856,TN
0,0,1.0,TN
0,0,1.0,TN
0,0,0.9989327424036887,TN
0,0,1.0,TN
0,0,1.0,TN
0,0,1.0,TN
0,0,0.9999986929901046,TN
0,0,0.9989450968401304,TN
0,0,1.0,TN
0,0,1.0,TN
0,0,0.9999997802922114,TN
0,0,1.0,TN
0,0,0.9999886826537445,TN
0,0,0.9978779272274856,TN
0,0,0.9999826166230619,TN
0,0,1.0,TN
0,0,0.9992738167010458,TN
0,0,0.9999963815968013,TN
0,0,0.999860457905027,TN
0,0,1.0,TN
0,0,0.9999804608671724,TN
0,0,1.0,TN
0,0,0.9999148277197059,TN
0,0,0.999994197282656,TN
0,0,1.0,TN
0,0,1.0,TN
0,0,1.0,TN
0,0,1.0,TN
0,0,1.0,TN
0,0,1.0,TN
0,0,1.0,TN
0,0,0.99999972081856,TN
0,0,1.0,TN
0,0,1.0,TN
0,0,1.0,TN
0,0,0.999968936678614,TN
0,0,1.0,TN
0,0,1.0,TN
0,0,0.9999899059146473,TN
0,0,1.0,TN
0,0,0.9999625468164794,TN
0,0,1.0,TN
0,0,0.9999986929901046,TN
0,0,0.999538392524366,TN
0,0,1.0,TN
0,0,1.0,TN
0,0,1.0,TN
0,0,1.0,TN
0,0,0.99999972081856,TN
0,0,1.0,TN
0,0,1.0,TN
0,0,1.0,TN
0,0,1.0,TN
0,0,0.9837122090137589,TN
0,0,1.0,TN
0,0,1.0,TN
0,0,1.0,TN
0,0,0.9999515846856624,TN
0,0,1.0,TN
0,0,1.0,TN
0,0,1.0,TN
0,0,0.999983147558899,TN
0,0,0.9999958827075727,TN
0,0,0.9999704163404641,TN
0,0,1.0,TN
0,0,1.0,TN
0,0,1.0,TN
0,0,1.0,TN
0,0,0.9987187583640486,TN
0,0,1.0,TN
0,0,0.9999993233773138,TN
0,0,0.9999997802922114,TN
0,0,0.9999961024153613,TN
0,0,0.9999074843422924,TN
0,0,1.0,TN
0,0,1.0,TN
0,0,1.0,TN
0,0,1.0,TN
0,0,0.9975883946477547,TN
0,0,1.0,TN
0,0,1.0,TN
0,0,0.9996431754143703,TN
0,0,0.9999980664185237,TN
0,0,0.9983615785597965,TN
0,0,1.0,TN
0,0,1.0,TN
0,0,1.0,TN
0,0,0.9986901466351388,TN
0,0,1.0,TN
0,0,0.9999788305494216,TN
0,0,1.0,TN
0,0,0.9999371391787384,TN
0,0,0.9988641979376337,TN
0,0,1.0,TN
0,0,1.0,TN
0,0,0.999994197282656,TN
0,0,1.0,TN
0,0,1.0,TN
0,0,1.0,TN
0,0,1.0,TN
0,0,0.9999961618890127,TN
0,0,1.0,TN
0,0,0.9999961308641323,TN
0,0,1.0,TN
0,0,1.0,TN
0,0,1.0,TN
0,0,0.9999823969152735,TN
0,0,1.0,TN
0,0,1.0,TN
0,0,1.0,TN
0,0,1.0,TN
0,0,1.0,TN
0,0,1.0,TN
0,0,1.0,TN
0,0,1.0,TN
0,0,1.0,TN
0,0,0.9990000000000001,TN
0,0,1.0,TN
0,0,0.999979265191078,TN
0,0,1.0,TN
0,0,0.9999993233773138,TN
0,0,1.0,TN
0,0,1.0,TN
0,0,1.0,TN
0,0,0.9999922694643842,TN
0,0,1.0,TN
0,0,0.9999899059146473,TN
0,0,1.0,TN
0,0,1.0,TN
0,0,0.9999997802922114,TN
0,0,0.9998469081576695,TN
0,0,0.9999980163674184,TN
0,0,0.9999963815968013,TN
0,0,0.9999826166230619,TN
0,0,1.0,TN
0,0,0.9984744281564708,TN
0,0,1.0,TN
0,0,1.0,TN
0,0,1.0,TN
0,0,0.9999963815968013,TN
0,0,1.0,TN
0,0,1.0,TN
0,0,1.0,TN
0,0,0.9710207701984608,TN
0,0,1.0,TN
0,0,0.9998157477480143,TN
0,0,0.9999901588523571,TN
0,0,1.0,TN
0,0,1.0,TN
0,0,0.9009746377492032,TN
0,0,1.0,TN
0,0,0.9999963815968013,TN
0,0,0.9999911866808125,TN
0,0,1.0,TN
0,0,1.0,TN
0,0,1.0,TN
0,0,1.0,TN
0,0,0.9999781539267354,TN
0,0,1.0,TN
0,0,0.9999986929901046,TN
0,0,0.9999980163674184,TN
0,0,1.0,TN
0,0,1.0,TN
0,0,1.0,TN
0,0,0.99999972081856,TN
0,0,0.99999972081856,TN
0,0,0.9998631861410072,TN
0,0,0.9990113326112804,TN
0,0,1.0,TN
0,0,0.9999989721715445,TN
0,0,1.0,TN
0,0,0.9999982955488583,TN
0,0,0.9999730408864296,TN
0,0,0.9999995011107714,TN
0,0,1.0,TN
0,0,1.0,TN
0,0,1.0,TN
0,0,1.0,TN
0,0,0.9999963815968013,TN
0,0,1.0,TN
0,0,0.9999823969152735,TN
0,0,0.9665431259154014,TN
0,0,0.9990083754257814,TN
0,0,0.9999793031946912,TN
0,0,1.0,TN
0,0,1.0,TN
0,0,0.9999958827075727,TN
0,0,1.0,TN
0,0,1.0,TN
0,0,1.0,TN
0,0,0.9999745355235368,TN
0,0,1.0,TN
0,0,0.99999972081856,TN
0,0,1.0,TN
0,0,1.0,TN
0,0,0.9999963815968013,TN
0,0,1.0,TN
0,0,0.999947085607434,TN
0,0,1.0,TN
0,0,0.9999938997821352,TN
0,0,1.0,TN
0,0,0.9999879165855147,TN
0,0,1.0,TN
0,0,0.9999279787483465,TN
0,0,1.0,TN
0,0,0.9998279862671289,TN
0,0,0.9999788619228545,TN
0,0,1.0,TN
0,0,1.0,TN
0,0,0.9995352125641864,TN
0,0,0.99999972081856,TN
0,0,0.9999899059146473,TN
0,0,1.0,TN
0,0,1.0,TN
0,0,0.9999938997821352,TN
0,0,1.0,TN
0,0,0.9999704163404641,TN
0,0,1.0,TN
0,0,1.0,TN
0,0,1.0,TN
0,0,1.0,TN
0,0,0.99999972081856,TN
0,0,1.0,TN
0,0,1.0,TN
0,0,1.0,TN
0,0,0.9999800402806238,TN
0,0,1.0,TN
0,0,1.0,TN
0,0,0.9999355614219472,TN
0,0,1.0,TN
0,0,0.9985334471573336,TN
0,0,0.9999919902829444,TN
0,0,1.0,TN
0,0,1.0,TN
0,0,0.9983185491184215,TN
0,0,1.0,TN
0,0,1.0,TN
0,0,1.0,TN
0,0,1.0,TN
0,0,0.9999788305494216,TN
0,0,1.0,TN
0,0,0.9993860970108812,TN
0,0,0.9999943921296526,TN
0,0,0.9987262867953859,TN
0,0,1.0,TN
0,0,0.9999886826537445,TN
0,0,1.0,TN
0,0,0.999475656318707,TN
0,0,1.0,TN
0,0,1.0,TN
0,0,0.9849936853562893,TN
0,0,0.9999997802922114,TN
0,0,0.9999993233773138,TN
0,0,0.9999957800842628,TN
0,0,1.0,TN
0,0,1.0,TN
0,0,0.9999993984874616,TN
0,0,0.9999986929901046,TN
0,0,1.0,TN
0,0,0.9999990441958738,TN
0,0,0.9999858844623511,TN
0,0,1.0,TN
0,0,0.9999475725690398,TN
0,0,0.9999993233773138,TN
0,0,0.9999788619228545,TN
0,0,1.0,TN
0,0,1.0,TN
0,0,1.0,TN
0,0,0.7832205246252454,TN
0,0,0.9999886826537445,TN
0,0,0.9999953537683459,TN
0,0,0.9999986929901046,TN
0,0,0.9999805276871586,TN
0,0,1.0,TN
0,0,0.9999797525990836,TN
0,0,0.9981615825247391,TN
0,0,0.9999995011107714,TN
0,0,0.9999279632248305,TN
0,0,0.9999886826537445,TN
0,0,1.0,TN
0,0,1.0,TN
0,0,1.0,TN
0,0,1.0,TN
0,0,0.9999710178530026,TN
0,0,1.0,TN
0,0,1.0,TN
0,0,0.9997339690532585,TN
0,0,1.0,TN
0,0,1.0,TN
0,0,0.9998968048019711,TN
0,0,1.0,TN
0,0,1.0,TN
0,0,0.9999982955488583,TN
0,0,0.999993620600695,TN
0,0,1.0,TN
0,0,1.0,TN
0,0,1.0,TN
0,0,1.0,TN
0,0,1.0,TN
0,0,1.0,TN
0,0,1.0,TN
0,0,1.0,TN
0,0,0.9999355614219472,TN
0,0,1.0,TN
0,0,0.9999957800842628,TN
0,0,1.0,TN
0,0,1.0,TN
0,0,1.0,TN
0,0,1.0,TN
0,0,1.0,TN
0,0,1.0,TN
0,0,1.0,TN
0,0,1.0,TN
0,0,1.0,TN
0,0,0.9999917243315768,TN
0,0,1.0,TN
0,0,0.9999899059146473,TN
0,0,0.9731073190067567,TN
0,0,0.9999963815968013,TN
0,0,0.9999916679518459,TN
0,0,1.0,TN
0,0,0.9999733226928257,TN
0,0,1.0,TN
0,0,0.9999995011107714,TN
0,0,1.0,TN
0,0,1.0,TN
0,0,0.9999788305494216,TN
0,0,0.9999997802922114,TN
0,0,0.9986366029171855,TN
0,0,0.9999997802922114,TN
0,0,0.9999827298965723,TN
0,0,0.9999963815968013,TN
0,0,1.0,TN
0,0,0.999994197282656,TN
0,0,1.0,TN
0,0,1.0,TN
0,0,1.0,TN
0,0,1.0,TN
0,0,0.9999954257926751,TN
0,0,0.9999928719536797,TN
0,0,1.0,TN
0,0,1.0,TN
0,0,1.0,TN
0,0,1.0,TN
0,0,0.9988926006721341,TN
0,0,1.0,TN
0,0,1.0,TN
0,0,0.9999991787796729,TN
0,0,0.9999960592657028,TN
0,0,0.9999993984874616,TN
0,0,1.0,TN
0,0,0.9999986929901046,TN
0,0,0.9986727939848619,TN
0,0,1.0,TN
0,0,1.0,TN
0,0,1.0,TN
0,0,1.0,TN
0,0,1.0,TN
0,0,1.0,TN
0,0,0.9977073097896694,TN
0,0,1.0,TN
0,0,0.9994529457688198,TN
0,0,0.9999986929901046,TN
0,0,0.9985434865928968,TN
0,0,0.9999321322296163,TN
0,0,1.0,TN
0,0,1.0,TN
0,0,0.9899748141830581,TN
0,0,1.0,TN
0,0,1.0,TN
0,0,0.9998987341772153,TN
0,0,0.9999886826537445,TN
0,0,0.9998709166766229,TN
0,0,0.9914517328725241,TN
0,0,1.0,TN
0,0,1.0,TN
0,0,0.99999972081856,TN
0,0,1.0,TN
0,0,1.0,TN
0,0,1.0,TN
0,0,1.0,TN
0,0,1.0,TN
0,0,1.0,TN
0,0,1.0,TN
0,0,1.0,TN
0,0,1.0,TN
0,0,1.0,TN
0,0,0.9999980163674184,TN
0,0,0.9999865610850373,TN
0,0,1.0,TN
0,0,0.9995478293186839,TN
0,0,1.0,TN
0,0,0.9999804608671724,TN
0,0,1.0,TN
0,0,1.0,TN
0,0,1.0,TN
0,0,0.9988344795646391,TN
0,0,0.9982149185175547,TN
0,0,1.0,TN
0,0,1.0,TN
0,0,0.9998009529076373,TN
0,0,0.9999897845557976,TN
0,0,1.0,TN
0,0,0.9999933177413967,TN
0,0,1.0,TN
0,0,1.0,TN
0,0,1.0,TN
0,0,0.9999185356944732,TN
0,0,1.0,TN
0,0,1.0,TN
0,0,0.998790988537923,TN
0,0,1.0,TN
0,0,1.0,TN
0,0,1.0,TN
0,0,0.9999886826537445,TN
0,0,0.9999886826537445,TN
0,0,1.0,TN
0,0,1.0,TN
0,0,0.9999872399628285,TN
0,0,0.999996853846083,TN
0,0,1.0,TN
0,0,1.0,TN
0,0,1.0,TN
0,0,1.0,TN
0,0,1.0,TN
0,0,1.0,TN
0,0,0.9999990441958738,TN
0,0,0.9999963815968013,TN
0,0,1.0,TN
0,0,0.99999972081856,TN
0,0,0.9998718786777638,TN
0,0,1.0,TN
0,0,1.0,TN
0,0,0.9998705943455244,TN
0,0,1.0,TN
0,0,1.0,TN
0,0,0.9129347219593683,TN
0,0,1.0,TN
0,0,1.0,TN
0,0,0.9999980163674184,TN
0,0,1.0,TN
0,0,1.0,TN
0,0,0.99999972081856,TN
0,0,1.0,TN
0,0,1.0,TN
0,0,0.9999812972394139,TN
0,0,1.0,TN
0,0,1.0,TN
0,0,1.0,TN
0,0,0.99947306852767,TN
0,0,0.99999972081856,TN
0,0,1.0,TN
0,0,1.0,TN
0,0,1.0,TN
0,0,1.0,TN
0,0,1.0,TN
0,0,0.9999958827075727,TN
0,0,1.0,TN
0,0,1.0,TN
0,0,1.0,TN
0,0,0.9999823969152735,TN
0,0,1.0,TN
0,0,0.9999997802922114,TN
0,0,1.0,TN
0,0,1.0,TN
0,0,1.0,TN
0,0,0.9999723443945663,TN
0,0,0.9999982955488583,TN
0,0,1.0,TN
0,0,1.0,TN
0,0,0.9999961024153613,TN
0,0,1.0,TN
0,0,1.0,TN
0,0,1.0,TN
0,0,1.0,TN
0,0,1.0,TN
0,0,1.0,TN
0,0,0.9969878361075544,TN
0,0,1.0,TN
0,0,0.9999922694643842,TN
0,0,0.9976027801729447,TN
0,0,1.0,TN
0,0,1.0,TN
0,0,0.9983857205618282,TN
0,0,1.0,TN
0,0,1.0,TN
0,0,0.9999938997821352,TN
0,0,1.0,TN
0,0,0.9999982955488583,TN
0,0,0.9999640347664206,TN
0,0,1.0,TN
0,0,1.0,TN
0,0,1.0,TN
0,0,1.0,TN
0,0,1.0,TN
0,0,0.9999996776689015,TN
0,0,0.9999982955488583,TN
0,0,1.0,TN
0,0,1.0,TN
0,0,0.9999963815968013,TN
0,0,0.9998251426440754,TN
0,0,1.0,TN
0,0,1.0,TN
0,0,1.0,TN
0,0,1.0,TN
0,0,0.9975,TN
0,0,1.0,TN
0,0,1.0,TN
0,0,0.999975910760418,TN
0,0,1.0,TN
0,0,0.9849936853562893,TN
0,0,0.9999865610850373,TN
0,0,1.0,TN
0,0,0.9999982955488583,TN
0,0,0.9990291956141526,TN
0,0,0.9999993233773138,TN
0,0,1.0,TN
0,0,0.9895395155790601,TN
0,0,0.9999704163404641,TN
0,0,1.0,TN
0,0,0.9999933177413967,TN
0,0,1.0,TN
0,0,1.0,TN
0,0,0.9991056584901594,TN
0,0,0.99999972081856,TN
0,0,1.0,TN
0,0,0.9998784427550084,TN
0,0,1.0,TN
0,0,1.0,TN
0,0,1.0,TN
0,0,0.9999997802922114,TN
0,0,0.9992530698130789,TN
0,0,1.0,TN
0,0,0.99999972081856,TN
0,0,1.0,TN
0,0,1.0,TN
0,0,0.9999865610850373,TN
0,0,0.9999865610850373,TN
0,0,1.0,TN
0,0,0.9999961024153613,TN
0,0,0.999947085607434,TN
0,0,1.0,TN
0,0,0.9338578491684263,TN
0,0,0.9999826166230619,TN
0,0,0.9999993233773138,TN
0,0,1.0,TN
0,0,0.9993442946608009,TN
0,0,0.9811306496464341,TN
0,0,0.999979265191078,TN
0,0,1.0,TN
0,0,0.9999788305494216,TN
0,0,0.9998519457004218,TN
0,0,1.0,TN
0,0,1.0,TN
0,0,0.9931723474336553,TN
0,0,1.0,TN
0,0,1.0,TN
0,0,1.0,TN
0,0,1.0,TN
0,0,0.9999963815968013,TN
0,0,0.999995665065874,TN
0,0,1.0,TN
0,0,1.0,TN
0,0,0.999975256274302,TN
0,0,0.9999982955488583,TN
0,0,1.0,TN
0,0,0.9976072990627773,TN
0,0,1.0,TN
0,0,1.0,TN
0,0,1.0,TN
0,0,0.9999427729531857,TN
0,0,0.9983664410459022,TN
0,0,0.9999933177413967,TN
0,0,1.0,TN
0,0,1.0,TN
0,0,1.0,TN
0,0,1.0,TN
0,0,0.9982797960147028,TN
0,0,0.9999961024153613,TN
0,0,1.0,TN
0,0,1.0,TN
0,0,1.0,TN
0,0,0.9899931922932258,TN
0,0,0.9998705943455244,TN
0,0,1.0,TN
0,0,1.0,TN
0,0,1.0,TN
0,0,1.0,TN
0,0,0.9963259012763069,TN
0,0,1.0,TN
0,0,0.9999640347664206,TN
0,0,0.9997672591775122,TN
0,0,0.8374287681656085,TN
0,0,1.0,TN
0,0,1.0,TN
0,0,1.0,TN
0,0,1.0,TN
0,0,0.9999980163674184,TN
0,0,0.9990083754257814,TN
0,0,1.0,TN
0,0,1.0,TN
0,0,0.9999963815968013,TN
0,0,1.0,TN
0,0,0.9999890603051331,TN
0,0,1.0,TN
0,0,1.0,TN
0,0,1.0,TN
0,0,1.0,TN
0,0,1.0,TN
0,0,0.9999990441958738,TN
0,0,1.0,TN
0,0,1.0,TN
0,0,1.0,TN
0,0,1.0,TN
0,0,1.0,TN
0,0,0.9982965899162558,TN
0,0,0.9900212636969878,TN
0,0,1.0,TN
0,0,0.9851390137083789,TN
0,0,1.0,TN
0,0,0.99999972081856,TN
0,0,1.0,TN
0,0,1.0,TN
0,0,0.9999993233773138,TN
0,0,1.0,TN
0,0,0.9999823969152735,TN
0,0,1.0,TN
0,0,0.9995993098904603,TN
0,0,1.0,TN
0,0,1.0,TN
0,0,1.0,TN
0,0,0.9999826166230619,TN
0,0,1.0,TN
0,0,0.9999886826537445,TN
0,0,0.999988795136908,TN
0,0,1.0,TN
0,0,1.0,TN
0,0,0.9999890603051331,TN
0,0,1.0,TN
0,0,1.0,TN
0,0,1.0,TN
0,0,1.0,TN
0,0,0.999994651090012,TN
0,0,1.0,TN
0,0,1.0,TN
0,0,1.0,TN
0,0,0.9999321322296163,TN
0,0,0.9994835616892067,TN
0,0,1.0,TN
0,0,0.9999957049741152,TN
0,0,0.9999995011107714,TN
0,0,1.0,TN
0,0,1.0,TN
0,0,1.0,TN
0,0,1.0,TN
0,0,1.0,TN
0,0,1.0,TN
0,0,0.9999997802922114,TN
0,0,0.99999972081856,TN
0,0,0.9986288366537315,TN
0,0,1.0,TN
0,0,1.0,TN
0,0,0.9999867490722683,TN
0,0,1.0,TN
0,0,1.0,TN
0,0,0.9998469081576695,TN
0,0,1.0,TN
0,0,1.0,TN
0,0,1.0,TN
0,0,0.9999788305494216,TN
0,0,0.9999990441958738,TN
0,0,1.0,TN
0,0,1.0,TN
0,0,1.0,TN
0,0,0.9999986929901046,TN
0,0,0.9999993233773138,TN
0,0,1.0,TN
0,0,0.9999946771456597,TN
0,0,1.0,TN
0,0,0.9998989288819149,TN
0,0,0.9999657021893317,TN
0,0,0.999968399932591,TN
0,0,1.0,TN
0,0,1.0,TN
0,0,0.9991119124306475,TN
0,0,1.0,TN
0,0,0.9963260542471987,TN
0,0,1.0,TN
0,0,1.0,TN
0,0,0.9999958847736626,TN
0,0,1.0,TN
0,0,1.0,TN
0,0,1.0,TN
0,0,1.0,TN
0,0,1.0,TN
0,0,1.0,TN
0,0,1.0,TN
0,0,1.0,TN
0,0,0.9994529457688198,TN
0,0,1.0,TN
0,0,1.0,TN
0,0,1.0,TN
0,0,0.9954882121920583,TN
0,0,0.9999933177413967,TN
0,0,1.0,TN
0,0,1.0,TN
0,0,1.0,TN
0,0,0.9999227147669498,TN
0,0,1.0,TN
0,0,1.0,TN
0,0,1.0,TN
0,0,1.0,TN
0,0,0.9990083754257814,TN
0,0,0.9999986929901046,TN
0,0,1.0,TN
0,0,1.0,TN
0,0,0.99999972081856,TN
0,0,0.9984230787351465,TN
0,0,0.99999972081856,TN
0,0,1.0,TN
0,0,0.9989909143439291,TN
0,0,0.9997994388058483,TN
0,0,1.0,TN
0,0,0.9997777777777778,TN
0,0,1.0,TN
0,0,1.0,TN
0,0,0.999979265191078,TN
0,0,0.9999958847736626,TN
0,0,0.9999963815968013,TN
0,0,1.0,TN
0,0,1.0,TN
0,0,1.0,TN
0,0,0.9999963815968013,TN
0,0,0.9998700014026827,TN
0,0,1.0,TN
0,0,1.0,TN
0,0,1.0,TN
0,0,0.9999963815968013,TN
0,0,1.0,TN
0,0,1.0,TN
0,0,0.9999996776689015,TN
0,0,0.9999982955488583,TN
0,0,0.999949879775857,TN
0,0,1.0,TN
0,0,0.9999781539267354,TN
0,0,1.0,TN
0,0,1.0,TN
0,0,0.9998709166766229,TN
0,0,1.0,TN
0,0,0.9999935774510367,TN
0,0,0.9999865610850373,TN
0,0,0.9990092473476027,TN
0,0,0.9999963815968013,TN
0,0,0.9998477297101995,TN
0,0,0.9998414553933145,TN
0,0,1.0,TN
0,0,0.9999805276871586,TN
0,0,1.0,TN
0,0,1.0,TN
0,0,1.0,TN
0,0,1.0,TN
0,0,0.99999972081856,TN
0,0,0.9999819738621001,TN
0,0,0.9999919902829444,TN
0,0,0.9999980664185237,TN
0,0,1.0,TN
0,0,1.0,TN
0,0,0.9999980163674184,TN
0,0,0.99999972081856,TN
0,0,1.0,TN
0,0,1.0,TN
0,0,1.0,TN
0,0,1.0,TN
0,0,1.0,TN
0,0,1.0,TN
0,0,1.0,TN
0,0,0.9999986929901046,TN
0,0,1.0,TN
0,0,0.9999919902829444,TN
0,0,1.0,TN
0,0,1.0,TN
0,0,1.0,TN
0,0,0.9999858844623511,TN
0,0,0.9999963815968013,TN
0,0,1.0,TN
0,0,1.0,TN
0,0,1.0,TN
0,0,0.99999972081856,TN
0,0,0.9999865610850373,TN
0,0,0.9999865610850373,TN
0,0,1.0,TN
0,0,0.9999886826537445,TN
0,0,1.0,TN
0,0,1.0,TN
0,0,1.0,TN
0,0,1.0,TN
0,0,0.9999922694643842,TN
0,0,0.9999997802922114,TN
0,0,0.999476518761299,TN
0,0,0.9999858900650794,TN
0,0,1.0,TN
0,0,1.0,TN
0,0,1.0,TN
0,0,1.0,TN
0,0,0.9999963815968013,TN
0,0,1.0,TN
0,0,1.0,TN
0,0,0.9999982955488583,TN
0,0,0.999985981181291,TN
0,0,0.9999919902829444,TN
0,0,1.0,TN
0,0,0.9990083754257814,TN
0,0,0.9999986929901046,TN
0,0,1.0,TN
0,0,1.0,TN
0,0,0.99999972081856,TN
0,0,1.0,TN
0,0,1.0,TN
0,0,1.0,TN
0,0,1.0,TN
0,0,1.0,TN
0,0,1.0,TN
0,0,1.0,TN
0,0,1.0,TN
0,0,1.0,TN
0,0,0.9561918437377577,TN
0,0,0.9999958847736626,TN
0,0,0.9999262662300888,TN
0,0,1.0,TN
0,0,1.0,TN
0,0,1.0,TN
0,0,1.0,TN
0,0,0.99999972081856,TN
0,0,1.0,TN
0,0,1.0,TN
0,0,0.9999793031946912,TN
0,0,1.0,TN
0,0,1.0,TN
0,0,1.0,TN
0,0,1.0,TN
0,0,1.0,TN
0,0,0.9999993233773138,TN
0,0,1.0,TN
0,0,0.99,TN
0,0,1.0,TN
0,0,0.9999989798520785,TN
0,0,0.9986366029171855,TN
0,0,0.9999805276871586,TN
0,0,1.0,TN
0,0,0.9999993233773138,TN
0,0,1.0,TN
0,0,1.0,TN
0,0,0.9998470137812493,TN
0,0,1.0,TN
0,0,0.9999279787483465,TN
0,0,1.0,TN
0,0,0.9999963815968013,TN
0,0,1.0,TN
0,0,1.0,TN
0,0,0.9999928719536797,TN
0,0,1.0,TN
0,0,0.9994878361075544,TN
0,0,1.0,TN
0,0,1.0,TN
0,0,0.9995796178343949,TN
0,0,1.0,TN
0,0,1.0,TN
0,0,0.9999921649310256,TN
0,0,0.9999933177413967,TN
0,0,1.0,TN
0,0,1.0,TN
0,0,0.9999886826537445,TN
0,0,0.9999766348601398,TN
0,0,1.0,TN
0,0,0.99999972081856,TN
0,0,1.0,TN
0,0,0.9999922663704639,TN
0,0,1.0,TN
0,0,0.9999886826537445,TN
0,0,1.0,TN
0,0,0.9999990441958738,TN
0,0,1.0,TN
0,0,0.9998206025259258,TN
0,0,0.9991512520295548,TN
0,0,1.0,TN
0,0,0.9999929131117858,TN
0,0,1.0,TN
0,0,0.9999921649310256,TN
0,0,1.0,TN
0,0,0.9999997802922114,TN
0,0,1.0,TN
0,0,0.9999963815968013,TN
0,0,1.0,TN
0,0,1.0,TN
0,0,1.0,TN
0,0,1.0,TN
0,0,0.9999548161430496,TN
0,0,0.9999980163674184,TN
0,0,0.9999933177413967,TN
0,0,1.0,TN
0,0,1.0,TN
0,0,0.9988613440394056,TN
0,0,1.0,TN
0,0,1.0,TN
0,0,1.0,TN
0,0,1.0,TN
0,0,1.0,TN
0,0,1.0,TN
0,0,0.9813333333333333,TN
0,0,0.9999640347664206,TN
0,0,1.0,TN
0,0,1.0,TN
0,0,1.0,TN
0,0,1.0,TN
0,0,0.9999993233773138,TN
0,0,1.0,TN
0,0,1.0,TN
0,0,0.9994527284769994,TN
0,0,0.9999921649310256,TN
0,0,1.0,TN
0,0,0.9999963815968013,TN
0,0,0.9997162467961321,TN
0,0,1.0,TN
0,0,0.99999972081856,TN
0,0,0.9999993984874616,TN
0,0,1.0,TN
0,0,0.9990612470210837,TN
0,0,1.0,TN
0,0,1.0,TN
0,0,0.9999961618890127,TN
0,0,1.0,TN
0,0,0.9999963815968013,TN
0,0,1.0,TN
0,0,1.0,TN
0,0,0.9994692551235069,TN
0,0,1.0,TN
0,0,1.0,TN
0,0,1.0,TN
0,0,1.0,TN
0,0,0.9999704163404641,TN
0,0,0.9999946771456597,TN
0,0,1.0,TN
0,0,1.0,TN
0,0,0.9999958847736626,TN
0,0,0.9999991787796729,TN
0,0,1.0,TN
0,0,0.9999954257926751,TN
0,0,1.0,TN
0,0,1.0,TN
0,0,1.0,TN
0,0,1.0,TN
0,0,0.9999858844623511,TN
0,0,0.9999788305494216,TN
0,0,0.9949318055885746,TN
0,0,0.9994529457688198,TN
0,0,0.9999963815968013,TN
0,0,0.9999986929901046,TN
0,0,1.0,TN
0,0,1.0,TN
0,0,0.9999997802922114,TN
0,0,0.9999990441958738,TN
0,0,0.9990858414455278,TN
0,0,0.9805195053111235,TN
0,0,0.9999989721715445,TN
0,0,1.0,TN
0,0,0.9999961024153613,TN
0,0,1.0,TN
0,0,0.9999704163404641,TN
0,0,1.0,TN
0,0,1.0,TN
0,0,1.0,TN
0,0,0.9992092159748036,TN
0,0,0.999960779731155,TN
0,0,0.9999805276871586,TN
0,0,1.0,TN
0,0,0.98,TN
0,0,1.0,TN
0,0,1.0,TN
0,0,1.0,TN
0,0,0.9995096868789269,TN
0,0,1.0,TN
0,0,1.0,TN
0,0,0.9999899059146473,TN
0,0,1.0,TN
0,0,1.0,TN
0,0,1.0,TN
0,0,1.0,TN
0,0,1.0,TN
0,0,1.0,TN
0,0,0.9982908707386748,TN
0,0,1.0,TN
0,0,0.9999995011107714,TN
0,0,0.9999899059146473,TN
0,0,1.0,TN
0,0,1.0,TN
0,0,1.0,TN
0,0,0.999994651090012,TN
0,0,1.0,TN
0,0,1.0,TN
0,0,1.0,TN
0,0,1.0,TN
0,0,1.0,TN
0,0,1.0,TN
0,0,0.9999788305494216,TN
0,0,0.9999755227010958,TN
0,0,0.9999958827075727,TN
0,0,0.9770398273923422,TN
0,0,0.9999989721715445,TN
0,0,1.0,TN
0,0,1.0,TN
0,0,1.0,TN
0,0,1.0,TN
0,0,1.0,TN
0,0,0.9999918460388529,TN
